img_path,gt_path,edge_path
Imgs/COD10K-CAM-1-Aquatic-1-BatFish-1.jpg,GT/COD10K-CAM-1-Aquatic-1-BatFish-1.png,Edge/COD10K-CAM-1-Aquatic-1-BatFish-1.png
Imgs/COD10K-CAM-1-Aquatic-1-BatFish-3.jpg,GT/COD10K-CAM-1-Aquatic-1-BatFish-3.png,Edge/COD10K-CAM-1-Aquatic-1-BatFish-3.png
Imgs/COD10K-CAM-1-Aquatic-1-BatFish-7.jpg,GT/COD10K-CAM-1-Aquatic-1-BatFish-7.png,Edge/COD10K-CAM-1-Aquatic-1-BatFish-7.png
Imgs/COD10K-CAM-1-Aquatic-1-BatFish-8.jpg,GT/COD10K-CAM-1-Aquatic-1-BatFish-8.png,Edge/COD10K-CAM-1-Aquatic-1-BatFish-8.png
Imgs/COD10K-CAM-1-Aquatic-1-BatFish-9.jpg,GT/COD10K-CAM-1-Aquatic-1-BatFish-9.png,Edge/COD10K-CAM-1-Aquatic-1-BatFish-9.png
Imgs/COD10K-CAM-1-Aquatic-10-LeafySeaDragon-415.jpg,GT/COD10K-CAM-1-Aquatic-10-LeafySeaDragon-415.png,Edge/COD10K-CAM-1-Aquatic-10-LeafySeaDragon-415.png
Imgs/COD10K-CAM-1-Aquatic-10-LeafySeaDragon-417.jpg,GT/COD10K-CAM-1-Aquatic-10-LeafySeaDragon-417.png,Edge/COD10K-CAM-1-Aquatic-10-LeafySeaDragon-417.png
Imgs/COD10K-CAM-1-Aquatic-10-LeafySeaDragon-418.jpg,GT/COD10K-CAM-1-Aquatic-10-LeafySeaDragon-418.png,Edge/COD10K-CAM-1-Aquatic-10-LeafySeaDragon-418.png
Imgs/COD10K-CAM-1-Aquatic-10-LeafySeaDragon-420.jpg,GT/COD10K-CAM-1-Aquatic-10-LeafySeaDragon-420.png,Edge/COD10K-CAM-1-Aquatic-10-LeafySeaDragon-420.png
Imgs/COD10K-CAM-1-Aquatic-10-LeafySeaDragon-421.jpg,GT/COD10K-CAM-1-Aquatic-10-LeafySeaDragon-421.png,Edge/COD10K-CAM-1-Aquatic-10-LeafySeaDragon-421.png
Imgs/COD10K-CAM-1-Aquatic-10-LeafySeaDragon-424.jpg,GT/COD10K-CAM-1-Aquatic-10-LeafySeaDragon-424.png,Edge/COD10K-CAM-1-Aquatic-10-LeafySeaDragon-424.png
Imgs/COD10K-CAM-1-Aquatic-10-LeafySeaDragon-425.jpg,GT/COD10K-CAM-1-Aquatic-10-LeafySeaDragon-425.png,Edge/COD10K-CAM-1-Aquatic-10-LeafySeaDragon-425.png
Imgs/COD10K-CAM-1-Aquatic-10-LeafySeaDragon-426.jpg,GT/COD10K-CAM-1-Aquatic-10-LeafySeaDragon-426.png,Edge/COD10K-CAM-1-Aquatic-10-LeafySeaDragon-426.png
Imgs/COD10K-CAM-1-Aquatic-10-LeafySeaDragon-427.jpg,GT/COD10K-CAM-1-Aquatic-10-LeafySeaDragon-427.png,Edge/COD10K-CAM-1-Aquatic-10-LeafySeaDragon-427.png
Imgs/COD10K-CAM-1-Aquatic-10-LeafySeaDragon-428.jpg,GT/COD10K-CAM-1-Aquatic-10-LeafySeaDragon-428.png,Edge/COD10K-CAM-1-Aquatic-10-LeafySeaDragon-428.png
Imgs/COD10K-CAM-1-Aquatic-11-Octopus-431.jpg,GT/COD10K-CAM-1-Aquatic-11-Octopus-431.png,Edge/COD10K-CAM-1-Aquatic-11-Octopus-431.png
Imgs/COD10K-CAM-1-Aquatic-11-Octopus-432.jpg,GT/COD10K-CAM-1-Aquatic-11-Octopus-432.png,Edge/COD10K-CAM-1-Aquatic-11-Octopus-432.png
Imgs/COD10K-CAM-1-Aquatic-11-Octopus-433.jpg,GT/COD10K-CAM-1-Aquatic-11-Octopus-433.png,Edge/COD10K-CAM-1-Aquatic-11-Octopus-433.png
Imgs/COD10K-CAM-1-Aquatic-11-Octopus-434.jpg,GT/COD10K-CAM-1-Aquatic-11-Octopus-434.png,Edge/COD10K-CAM-1-Aquatic-11-Octopus-434.png
Imgs/COD10K-CAM-1-Aquatic-11-Octopus-435.jpg,GT/COD10K-CAM-1-Aquatic-11-Octopus-435.png,Edge/COD10K-CAM-1-Aquatic-11-Octopus-435.png
Imgs/COD10K-CAM-1-Aquatic-11-Octopus-438.jpg,GT/COD10K-CAM-1-Aquatic-11-Octopus-438.png,Edge/COD10K-CAM-1-Aquatic-11-Octopus-438.png
Imgs/COD10K-CAM-1-Aquatic-11-Octopus-439.jpg,GT/COD10K-CAM-1-Aquatic-11-Octopus-439.png,Edge/COD10K-CAM-1-Aquatic-11-Octopus-439.png
Imgs/COD10K-CAM-1-Aquatic-11-Octopus-440.jpg,GT/COD10K-CAM-1-Aquatic-11-Octopus-440.png,Edge/COD10K-CAM-1-Aquatic-11-Octopus-440.png
Imgs/COD10K-CAM-1-Aquatic-11-Octopus-442.jpg,GT/COD10K-CAM-1-Aquatic-11-Octopus-442.png,Edge/COD10K-CAM-1-Aquatic-11-Octopus-442.png
Imgs/COD10K-CAM-1-Aquatic-11-Octopus-443.jpg,GT/COD10K-CAM-1-Aquatic-11-Octopus-443.png,Edge/COD10K-CAM-1-Aquatic-11-Octopus-443.png
Imgs/COD10K-CAM-1-Aquatic-11-Octopus-446.jpg,GT/COD10K-CAM-1-Aquatic-11-Octopus-446.png,Edge/COD10K-CAM-1-Aquatic-11-Octopus-446.png
Imgs/COD10K-CAM-1-Aquatic-11-Octopus-448.jpg,GT/COD10K-CAM-1-Aquatic-11-Octopus-448.png,Edge/COD10K-CAM-1-Aquatic-11-Octopus-448.png
Imgs/COD10K-CAM-1-Aquatic-11-Octopus-449.jpg,GT/COD10K-CAM-1-Aquatic-11-Octopus-449.png,Edge/COD10K-CAM-1-Aquatic-11-Octopus-449.png
Imgs/COD10K-CAM-1-Aquatic-11-Octopus-450.jpg,GT/COD10K-CAM-1-Aquatic-11-Octopus-450.png,Edge/COD10K-CAM-1-Aquatic-11-Octopus-450.png
Imgs/COD10K-CAM-1-Aquatic-11-Octopus-455.jpg,GT/COD10K-CAM-1-Aquatic-11-Octopus-455.png,Edge/COD10K-CAM-1-Aquatic-11-Octopus-455.png
Imgs/COD10K-CAM-1-Aquatic-11-Octopus-456.jpg,GT/COD10K-CAM-1-Aquatic-11-Octopus-456.png,Edge/COD10K-CAM-1-Aquatic-11-Octopus-456.png
Imgs/COD10K-CAM-1-Aquatic-11-Octopus-457.jpg,GT/COD10K-CAM-1-Aquatic-11-Octopus-457.png,Edge/COD10K-CAM-1-Aquatic-11-Octopus-457.png
Imgs/COD10K-CAM-1-Aquatic-11-Octopus-459.jpg,GT/COD10K-CAM-1-Aquatic-11-Octopus-459.png,Edge/COD10K-CAM-1-Aquatic-11-Octopus-459.png
Imgs/COD10K-CAM-1-Aquatic-11-Octopus-460.jpg,GT/COD10K-CAM-1-Aquatic-11-Octopus-460.png,Edge/COD10K-CAM-1-Aquatic-11-Octopus-460.png
Imgs/COD10K-CAM-1-Aquatic-11-Octopus-461.jpg,GT/COD10K-CAM-1-Aquatic-11-Octopus-461.png,Edge/COD10K-CAM-1-Aquatic-11-Octopus-461.png
Imgs/COD10K-CAM-1-Aquatic-11-Octopus-467.jpg,GT/COD10K-CAM-1-Aquatic-11-Octopus-467.png,Edge/COD10K-CAM-1-Aquatic-11-Octopus-467.png
Imgs/COD10K-CAM-1-Aquatic-11-Octopus-469.jpg,GT/COD10K-CAM-1-Aquatic-11-Octopus-469.png,Edge/COD10K-CAM-1-Aquatic-11-Octopus-469.png
Imgs/COD10K-CAM-1-Aquatic-11-Octopus-470.jpg,GT/COD10K-CAM-1-Aquatic-11-Octopus-470.png,Edge/COD10K-CAM-1-Aquatic-11-Octopus-470.png
Imgs/COD10K-CAM-1-Aquatic-12-Pagurian-475.jpg,GT/COD10K-CAM-1-Aquatic-12-Pagurian-475.png,Edge/COD10K-CAM-1-Aquatic-12-Pagurian-475.png
Imgs/COD10K-CAM-1-Aquatic-12-Pagurian-476.jpg,GT/COD10K-CAM-1-Aquatic-12-Pagurian-476.png,Edge/COD10K-CAM-1-Aquatic-12-Pagurian-476.png
Imgs/COD10K-CAM-1-Aquatic-12-Pagurian-477.jpg,GT/COD10K-CAM-1-Aquatic-12-Pagurian-477.png,Edge/COD10K-CAM-1-Aquatic-12-Pagurian-477.png
Imgs/COD10K-CAM-1-Aquatic-12-Pagurian-478.jpg,GT/COD10K-CAM-1-Aquatic-12-Pagurian-478.png,Edge/COD10K-CAM-1-Aquatic-12-Pagurian-478.png
Imgs/COD10K-CAM-1-Aquatic-12-Pagurian-479.jpg,GT/COD10K-CAM-1-Aquatic-12-Pagurian-479.png,Edge/COD10K-CAM-1-Aquatic-12-Pagurian-479.png
Imgs/COD10K-CAM-1-Aquatic-12-Pagurian-480.jpg,GT/COD10K-CAM-1-Aquatic-12-Pagurian-480.png,Edge/COD10K-CAM-1-Aquatic-12-Pagurian-480.png
Imgs/COD10K-CAM-1-Aquatic-12-Pagurian-485.jpg,GT/COD10K-CAM-1-Aquatic-12-Pagurian-485.png,Edge/COD10K-CAM-1-Aquatic-12-Pagurian-485.png
Imgs/COD10K-CAM-1-Aquatic-13-Pipefish-487.jpg,GT/COD10K-CAM-1-Aquatic-13-Pipefish-487.png,Edge/COD10K-CAM-1-Aquatic-13-Pipefish-487.png
Imgs/COD10K-CAM-1-Aquatic-13-Pipefish-489.jpg,GT/COD10K-CAM-1-Aquatic-13-Pipefish-489.png,Edge/COD10K-CAM-1-Aquatic-13-Pipefish-489.png
Imgs/COD10K-CAM-1-Aquatic-13-Pipefish-491.jpg,GT/COD10K-CAM-1-Aquatic-13-Pipefish-491.png,Edge/COD10K-CAM-1-Aquatic-13-Pipefish-491.png
Imgs/COD10K-CAM-1-Aquatic-13-Pipefish-493.jpg,GT/COD10K-CAM-1-Aquatic-13-Pipefish-493.png,Edge/COD10K-CAM-1-Aquatic-13-Pipefish-493.png
Imgs/COD10K-CAM-1-Aquatic-13-Pipefish-494.jpg,GT/COD10K-CAM-1-Aquatic-13-Pipefish-494.png,Edge/COD10K-CAM-1-Aquatic-13-Pipefish-494.png
Imgs/COD10K-CAM-1-Aquatic-13-Pipefish-495.jpg,GT/COD10K-CAM-1-Aquatic-13-Pipefish-495.png,Edge/COD10K-CAM-1-Aquatic-13-Pipefish-495.png
Imgs/COD10K-CAM-1-Aquatic-13-Pipefish-498.jpg,GT/COD10K-CAM-1-Aquatic-13-Pipefish-498.png,Edge/COD10K-CAM-1-Aquatic-13-Pipefish-498.png
Imgs/COD10K-CAM-1-Aquatic-13-Pipefish-499.jpg,GT/COD10K-CAM-1-Aquatic-13-Pipefish-499.png,Edge/COD10K-CAM-1-Aquatic-13-Pipefish-499.png
Imgs/COD10K-CAM-1-Aquatic-13-Pipefish-504.jpg,GT/COD10K-CAM-1-Aquatic-13-Pipefish-504.png,Edge/COD10K-CAM-1-Aquatic-13-Pipefish-504.png
Imgs/COD10K-CAM-1-Aquatic-13-Pipefish-505.jpg,GT/COD10K-CAM-1-Aquatic-13-Pipefish-505.png,Edge/COD10K-CAM-1-Aquatic-13-Pipefish-505.png
Imgs/COD10K-CAM-1-Aquatic-13-Pipefish-506.jpg,GT/COD10K-CAM-1-Aquatic-13-Pipefish-506.png,Edge/COD10K-CAM-1-Aquatic-13-Pipefish-506.png
Imgs/COD10K-CAM-1-Aquatic-13-Pipefish-507.jpg,GT/COD10K-CAM-1-Aquatic-13-Pipefish-507.png,Edge/COD10K-CAM-1-Aquatic-13-Pipefish-507.png
Imgs/COD10K-CAM-1-Aquatic-13-Pipefish-509.jpg,GT/COD10K-CAM-1-Aquatic-13-Pipefish-509.png,Edge/COD10K-CAM-1-Aquatic-13-Pipefish-509.png
Imgs/COD10K-CAM-1-Aquatic-13-Pipefish-511.jpg,GT/COD10K-CAM-1-Aquatic-13-Pipefish-511.png,Edge/COD10K-CAM-1-Aquatic-13-Pipefish-511.png
Imgs/COD10K-CAM-1-Aquatic-13-Pipefish-512.jpg,GT/COD10K-CAM-1-Aquatic-13-Pipefish-512.png,Edge/COD10K-CAM-1-Aquatic-13-Pipefish-512.png
Imgs/COD10K-CAM-1-Aquatic-13-Pipefish-513.jpg,GT/COD10K-CAM-1-Aquatic-13-Pipefish-513.png,Edge/COD10K-CAM-1-Aquatic-13-Pipefish-513.png
Imgs/COD10K-CAM-1-Aquatic-13-Pipefish-514.jpg,GT/COD10K-CAM-1-Aquatic-13-Pipefish-514.png,Edge/COD10K-CAM-1-Aquatic-13-Pipefish-514.png
Imgs/COD10K-CAM-1-Aquatic-13-Pipefish-516.jpg,GT/COD10K-CAM-1-Aquatic-13-Pipefish-516.png,Edge/COD10K-CAM-1-Aquatic-13-Pipefish-516.png
Imgs/COD10K-CAM-1-Aquatic-13-Pipefish-519.jpg,GT/COD10K-CAM-1-Aquatic-13-Pipefish-519.png,Edge/COD10K-CAM-1-Aquatic-13-Pipefish-519.png
Imgs/COD10K-CAM-1-Aquatic-13-Pipefish-523.jpg,GT/COD10K-CAM-1-Aquatic-13-Pipefish-523.png,Edge/COD10K-CAM-1-Aquatic-13-Pipefish-523.png
Imgs/COD10K-CAM-1-Aquatic-13-Pipefish-524.jpg,GT/COD10K-CAM-1-Aquatic-13-Pipefish-524.png,Edge/COD10K-CAM-1-Aquatic-13-Pipefish-524.png
Imgs/COD10K-CAM-1-Aquatic-13-Pipefish-525.jpg,GT/COD10K-CAM-1-Aquatic-13-Pipefish-525.png,Edge/COD10K-CAM-1-Aquatic-13-Pipefish-525.png
Imgs/COD10K-CAM-1-Aquatic-13-Pipefish-526.jpg,GT/COD10K-CAM-1-Aquatic-13-Pipefish-526.png,Edge/COD10K-CAM-1-Aquatic-13-Pipefish-526.png
Imgs/COD10K-CAM-1-Aquatic-13-Pipefish-530.jpg,GT/COD10K-CAM-1-Aquatic-13-Pipefish-530.png,Edge/COD10K-CAM-1-Aquatic-13-Pipefish-530.png
Imgs/COD10K-CAM-1-Aquatic-13-Pipefish-533.jpg,GT/COD10K-CAM-1-Aquatic-13-Pipefish-533.png,Edge/COD10K-CAM-1-Aquatic-13-Pipefish-533.png
Imgs/COD10K-CAM-1-Aquatic-13-Pipefish-538.jpg,GT/COD10K-CAM-1-Aquatic-13-Pipefish-538.png,Edge/COD10K-CAM-1-Aquatic-13-Pipefish-538.png
Imgs/COD10K-CAM-1-Aquatic-13-Pipefish-540.jpg,GT/COD10K-CAM-1-Aquatic-13-Pipefish-540.png,Edge/COD10K-CAM-1-Aquatic-13-Pipefish-540.png
Imgs/COD10K-CAM-1-Aquatic-13-Pipefish-541.jpg,GT/COD10K-CAM-1-Aquatic-13-Pipefish-541.png,Edge/COD10K-CAM-1-Aquatic-13-Pipefish-541.png
Imgs/COD10K-CAM-1-Aquatic-13-Pipefish-543.jpg,GT/COD10K-CAM-1-Aquatic-13-Pipefish-543.png,Edge/COD10K-CAM-1-Aquatic-13-Pipefish-543.png
Imgs/COD10K-CAM-1-Aquatic-13-Pipefish-545.jpg,GT/COD10K-CAM-1-Aquatic-13-Pipefish-545.png,Edge/COD10K-CAM-1-Aquatic-13-Pipefish-545.png
Imgs/COD10K-CAM-1-Aquatic-13-Pipefish-548.jpg,GT/COD10K-CAM-1-Aquatic-13-Pipefish-548.png,Edge/COD10K-CAM-1-Aquatic-13-Pipefish-548.png
Imgs/COD10K-CAM-1-Aquatic-13-Pipefish-550.jpg,GT/COD10K-CAM-1-Aquatic-13-Pipefish-550.png,Edge/COD10K-CAM-1-Aquatic-13-Pipefish-550.png
Imgs/COD10K-CAM-1-Aquatic-13-Pipefish-551.jpg,GT/COD10K-CAM-1-Aquatic-13-Pipefish-551.png,Edge/COD10K-CAM-1-Aquatic-13-Pipefish-551.png
Imgs/COD10K-CAM-1-Aquatic-13-Pipefish-552.jpg,GT/COD10K-CAM-1-Aquatic-13-Pipefish-552.png,Edge/COD10K-CAM-1-Aquatic-13-Pipefish-552.png
Imgs/COD10K-CAM-1-Aquatic-13-Pipefish-553.jpg,GT/COD10K-CAM-1-Aquatic-13-Pipefish-553.png,Edge/COD10K-CAM-1-Aquatic-13-Pipefish-553.png
Imgs/COD10K-CAM-1-Aquatic-13-Pipefish-555.jpg,GT/COD10K-CAM-1-Aquatic-13-Pipefish-555.png,Edge/COD10K-CAM-1-Aquatic-13-Pipefish-555.png
Imgs/COD10K-CAM-1-Aquatic-13-Pipefish-558.jpg,GT/COD10K-CAM-1-Aquatic-13-Pipefish-558.png,Edge/COD10K-CAM-1-Aquatic-13-Pipefish-558.png
Imgs/COD10K-CAM-1-Aquatic-13-Pipefish-561.jpg,GT/COD10K-CAM-1-Aquatic-13-Pipefish-561.png,Edge/COD10K-CAM-1-Aquatic-13-Pipefish-561.png
Imgs/COD10K-CAM-1-Aquatic-13-Pipefish-562.jpg,GT/COD10K-CAM-1-Aquatic-13-Pipefish-562.png,Edge/COD10K-CAM-1-Aquatic-13-Pipefish-562.png
Imgs/COD10K-CAM-1-Aquatic-13-Pipefish-564.jpg,GT/COD10K-CAM-1-Aquatic-13-Pipefish-564.png,Edge/COD10K-CAM-1-Aquatic-13-Pipefish-564.png
Imgs/COD10K-CAM-1-Aquatic-13-Pipefish-565.jpg,GT/COD10K-CAM-1-Aquatic-13-Pipefish-565.png,Edge/COD10K-CAM-1-Aquatic-13-Pipefish-565.png
Imgs/COD10K-CAM-1-Aquatic-13-Pipefish-569.jpg,GT/COD10K-CAM-1-Aquatic-13-Pipefish-569.png,Edge/COD10K-CAM-1-Aquatic-13-Pipefish-569.png
Imgs/COD10K-CAM-1-Aquatic-13-Pipefish-572.jpg,GT/COD10K-CAM-1-Aquatic-13-Pipefish-572.png,Edge/COD10K-CAM-1-Aquatic-13-Pipefish-572.png
Imgs/COD10K-CAM-1-Aquatic-13-Pipefish-574.jpg,GT/COD10K-CAM-1-Aquatic-13-Pipefish-574.png,Edge/COD10K-CAM-1-Aquatic-13-Pipefish-574.png
Imgs/COD10K-CAM-1-Aquatic-13-Pipefish-575.jpg,GT/COD10K-CAM-1-Aquatic-13-Pipefish-575.png,Edge/COD10K-CAM-1-Aquatic-13-Pipefish-575.png
Imgs/COD10K-CAM-1-Aquatic-13-Pipefish-578.jpg,GT/COD10K-CAM-1-Aquatic-13-Pipefish-578.png,Edge/COD10K-CAM-1-Aquatic-13-Pipefish-578.png
Imgs/COD10K-CAM-1-Aquatic-13-Pipefish-581.jpg,GT/COD10K-CAM-1-Aquatic-13-Pipefish-581.png,Edge/COD10K-CAM-1-Aquatic-13-Pipefish-581.png
Imgs/COD10K-CAM-1-Aquatic-13-Pipefish-584.jpg,GT/COD10K-CAM-1-Aquatic-13-Pipefish-584.png,Edge/COD10K-CAM-1-Aquatic-13-Pipefish-584.png
Imgs/COD10K-CAM-1-Aquatic-13-Pipefish-586.jpg,GT/COD10K-CAM-1-Aquatic-13-Pipefish-586.png,Edge/COD10K-CAM-1-Aquatic-13-Pipefish-586.png
Imgs/COD10K-CAM-1-Aquatic-13-Pipefish-587.jpg,GT/COD10K-CAM-1-Aquatic-13-Pipefish-587.png,Edge/COD10K-CAM-1-Aquatic-13-Pipefish-587.png
Imgs/COD10K-CAM-1-Aquatic-13-Pipefish-589.jpg,GT/COD10K-CAM-1-Aquatic-13-Pipefish-589.png,Edge/COD10K-CAM-1-Aquatic-13-Pipefish-589.png
Imgs/COD10K-CAM-1-Aquatic-13-Pipefish-592.jpg,GT/COD10K-CAM-1-Aquatic-13-Pipefish-592.png,Edge/COD10K-CAM-1-Aquatic-13-Pipefish-592.png
Imgs/COD10K-CAM-1-Aquatic-13-Pipefish-593.jpg,GT/COD10K-CAM-1-Aquatic-13-Pipefish-593.png,Edge/COD10K-CAM-1-Aquatic-13-Pipefish-593.png
Imgs/COD10K-CAM-1-Aquatic-13-Pipefish-594.jpg,GT/COD10K-CAM-1-Aquatic-13-Pipefish-594.png,Edge/COD10K-CAM-1-Aquatic-13-Pipefish-594.png
Imgs/COD10K-CAM-1-Aquatic-13-Pipefish-595.jpg,GT/COD10K-CAM-1-Aquatic-13-Pipefish-595.png,Edge/COD10K-CAM-1-Aquatic-13-Pipefish-595.png
Imgs/COD10K-CAM-1-Aquatic-13-Pipefish-596.jpg,GT/COD10K-CAM-1-Aquatic-13-Pipefish-596.png,Edge/COD10K-CAM-1-Aquatic-13-Pipefish-596.png
Imgs/COD10K-CAM-1-Aquatic-13-Pipefish-598.jpg,GT/COD10K-CAM-1-Aquatic-13-Pipefish-598.png,Edge/COD10K-CAM-1-Aquatic-13-Pipefish-598.png
Imgs/COD10K-CAM-1-Aquatic-13-Pipefish-601.jpg,GT/COD10K-CAM-1-Aquatic-13-Pipefish-601.png,Edge/COD10K-CAM-1-Aquatic-13-Pipefish-601.png
Imgs/COD10K-CAM-1-Aquatic-13-Pipefish-603.jpg,GT/COD10K-CAM-1-Aquatic-13-Pipefish-603.png,Edge/COD10K-CAM-1-Aquatic-13-Pipefish-603.png
Imgs/COD10K-CAM-1-Aquatic-13-Pipefish-604.jpg,GT/COD10K-CAM-1-Aquatic-13-Pipefish-604.png,Edge/COD10K-CAM-1-Aquatic-13-Pipefish-604.png
Imgs/COD10K-CAM-1-Aquatic-13-Pipefish-605.jpg,GT/COD10K-CAM-1-Aquatic-13-Pipefish-605.png,Edge/COD10K-CAM-1-Aquatic-13-Pipefish-605.png
Imgs/COD10K-CAM-1-Aquatic-13-Pipefish-606.jpg,GT/COD10K-CAM-1-Aquatic-13-Pipefish-606.png,Edge/COD10K-CAM-1-Aquatic-13-Pipefish-606.png
Imgs/COD10K-CAM-1-Aquatic-13-Pipefish-607.jpg,GT/COD10K-CAM-1-Aquatic-13-Pipefish-607.png,Edge/COD10K-CAM-1-Aquatic-13-Pipefish-607.png
Imgs/COD10K-CAM-1-Aquatic-13-Pipefish-610.jpg,GT/COD10K-CAM-1-Aquatic-13-Pipefish-610.png,Edge/COD10K-CAM-1-Aquatic-13-Pipefish-610.png
Imgs/COD10K-CAM-1-Aquatic-13-Pipefish-611.jpg,GT/COD10K-CAM-1-Aquatic-13-Pipefish-611.png,Edge/COD10K-CAM-1-Aquatic-13-Pipefish-611.png
Imgs/COD10K-CAM-1-Aquatic-13-Pipefish-612.jpg,GT/COD10K-CAM-1-Aquatic-13-Pipefish-612.png,Edge/COD10K-CAM-1-Aquatic-13-Pipefish-612.png
Imgs/COD10K-CAM-1-Aquatic-13-Pipefish-613.jpg,GT/COD10K-CAM-1-Aquatic-13-Pipefish-613.png,Edge/COD10K-CAM-1-Aquatic-13-Pipefish-613.png
Imgs/COD10K-CAM-1-Aquatic-13-Pipefish-615.jpg,GT/COD10K-CAM-1-Aquatic-13-Pipefish-615.png,Edge/COD10K-CAM-1-Aquatic-13-Pipefish-615.png
Imgs/COD10K-CAM-1-Aquatic-13-Pipefish-617.jpg,GT/COD10K-CAM-1-Aquatic-13-Pipefish-617.png,Edge/COD10K-CAM-1-Aquatic-13-Pipefish-617.png
Imgs/COD10K-CAM-1-Aquatic-13-Pipefish-618.jpg,GT/COD10K-CAM-1-Aquatic-13-Pipefish-618.png,Edge/COD10K-CAM-1-Aquatic-13-Pipefish-618.png
Imgs/COD10K-CAM-1-Aquatic-13-Pipefish-619.jpg,GT/COD10K-CAM-1-Aquatic-13-Pipefish-619.png,Edge/COD10K-CAM-1-Aquatic-13-Pipefish-619.png
Imgs/COD10K-CAM-1-Aquatic-13-Pipefish-624.jpg,GT/COD10K-CAM-1-Aquatic-13-Pipefish-624.png,Edge/COD10K-CAM-1-Aquatic-13-Pipefish-624.png
Imgs/COD10K-CAM-1-Aquatic-13-Pipefish-626.jpg,GT/COD10K-CAM-1-Aquatic-13-Pipefish-626.png,Edge/COD10K-CAM-1-Aquatic-13-Pipefish-626.png
Imgs/COD10K-CAM-1-Aquatic-13-Pipefish-627.jpg,GT/COD10K-CAM-1-Aquatic-13-Pipefish-627.png,Edge/COD10K-CAM-1-Aquatic-13-Pipefish-627.png
Imgs/COD10K-CAM-1-Aquatic-13-Pipefish-628.jpg,GT/COD10K-CAM-1-Aquatic-13-Pipefish-628.png,Edge/COD10K-CAM-1-Aquatic-13-Pipefish-628.png
Imgs/COD10K-CAM-1-Aquatic-13-Pipefish-632.jpg,GT/COD10K-CAM-1-Aquatic-13-Pipefish-632.png,Edge/COD10K-CAM-1-Aquatic-13-Pipefish-632.png
Imgs/COD10K-CAM-1-Aquatic-13-Pipefish-633.jpg,GT/COD10K-CAM-1-Aquatic-13-Pipefish-633.png,Edge/COD10K-CAM-1-Aquatic-13-Pipefish-633.png
Imgs/COD10K-CAM-1-Aquatic-13-Pipefish-634.jpg,GT/COD10K-CAM-1-Aquatic-13-Pipefish-634.png,Edge/COD10K-CAM-1-Aquatic-13-Pipefish-634.png
Imgs/COD10K-CAM-1-Aquatic-13-Pipefish-638.jpg,GT/COD10K-CAM-1-Aquatic-13-Pipefish-638.png,Edge/COD10K-CAM-1-Aquatic-13-Pipefish-638.png
Imgs/COD10K-CAM-1-Aquatic-13-Pipefish-641.jpg,GT/COD10K-CAM-1-Aquatic-13-Pipefish-641.png,Edge/COD10K-CAM-1-Aquatic-13-Pipefish-641.png
Imgs/COD10K-CAM-1-Aquatic-13-Pipefish-643.jpg,GT/COD10K-CAM-1-Aquatic-13-Pipefish-643.png,Edge/COD10K-CAM-1-Aquatic-13-Pipefish-643.png
Imgs/COD10K-CAM-1-Aquatic-13-Pipefish-645.jpg,GT/COD10K-CAM-1-Aquatic-13-Pipefish-645.png,Edge/COD10K-CAM-1-Aquatic-13-Pipefish-645.png
Imgs/COD10K-CAM-1-Aquatic-13-Pipefish-646.jpg,GT/COD10K-CAM-1-Aquatic-13-Pipefish-646.png,Edge/COD10K-CAM-1-Aquatic-13-Pipefish-646.png
Imgs/COD10K-CAM-1-Aquatic-13-Pipefish-647.jpg,GT/COD10K-CAM-1-Aquatic-13-Pipefish-647.png,Edge/COD10K-CAM-1-Aquatic-13-Pipefish-647.png
Imgs/COD10K-CAM-1-Aquatic-13-Pipefish-648.jpg,GT/COD10K-CAM-1-Aquatic-13-Pipefish-648.png,Edge/COD10K-CAM-1-Aquatic-13-Pipefish-648.png
Imgs/COD10K-CAM-1-Aquatic-13-Pipefish-650.jpg,GT/COD10K-CAM-1-Aquatic-13-Pipefish-650.png,Edge/COD10K-CAM-1-Aquatic-13-Pipefish-650.png
Imgs/COD10K-CAM-1-Aquatic-13-Pipefish-651.jpg,GT/COD10K-CAM-1-Aquatic-13-Pipefish-651.png,Edge/COD10K-CAM-1-Aquatic-13-Pipefish-651.png
Imgs/COD10K-CAM-1-Aquatic-13-Pipefish-653.jpg,GT/COD10K-CAM-1-Aquatic-13-Pipefish-653.png,Edge/COD10K-CAM-1-Aquatic-13-Pipefish-653.png
Imgs/COD10K-CAM-1-Aquatic-13-Pipefish-654.jpg,GT/COD10K-CAM-1-Aquatic-13-Pipefish-654.png,Edge/COD10K-CAM-1-Aquatic-13-Pipefish-654.png
Imgs/COD10K-CAM-1-Aquatic-13-Pipefish-656.jpg,GT/COD10K-CAM-1-Aquatic-13-Pipefish-656.png,Edge/COD10K-CAM-1-Aquatic-13-Pipefish-656.png
Imgs/COD10K-CAM-1-Aquatic-13-Pipefish-657.jpg,GT/COD10K-CAM-1-Aquatic-13-Pipefish-657.png,Edge/COD10K-CAM-1-Aquatic-13-Pipefish-657.png
Imgs/COD10K-CAM-1-Aquatic-13-Pipefish-658.jpg,GT/COD10K-CAM-1-Aquatic-13-Pipefish-658.png,Edge/COD10K-CAM-1-Aquatic-13-Pipefish-658.png
Imgs/COD10K-CAM-1-Aquatic-13-Pipefish-659.jpg,GT/COD10K-CAM-1-Aquatic-13-Pipefish-659.png,Edge/COD10K-CAM-1-Aquatic-13-Pipefish-659.png
Imgs/COD10K-CAM-1-Aquatic-13-Pipefish-660.jpg,GT/COD10K-CAM-1-Aquatic-13-Pipefish-660.png,Edge/COD10K-CAM-1-Aquatic-13-Pipefish-660.png
Imgs/COD10K-CAM-1-Aquatic-13-Pipefish-663.jpg,GT/COD10K-CAM-1-Aquatic-13-Pipefish-663.png,Edge/COD10K-CAM-1-Aquatic-13-Pipefish-663.png
Imgs/COD10K-CAM-1-Aquatic-13-Pipefish-665.jpg,GT/COD10K-CAM-1-Aquatic-13-Pipefish-665.png,Edge/COD10K-CAM-1-Aquatic-13-Pipefish-665.png
Imgs/COD10K-CAM-1-Aquatic-13-Pipefish-666.jpg,GT/COD10K-CAM-1-Aquatic-13-Pipefish-666.png,Edge/COD10K-CAM-1-Aquatic-13-Pipefish-666.png
Imgs/COD10K-CAM-1-Aquatic-13-Pipefish-670.jpg,GT/COD10K-CAM-1-Aquatic-13-Pipefish-670.png,Edge/COD10K-CAM-1-Aquatic-13-Pipefish-670.png
Imgs/COD10K-CAM-1-Aquatic-13-Pipefish-671.jpg,GT/COD10K-CAM-1-Aquatic-13-Pipefish-671.png,Edge/COD10K-CAM-1-Aquatic-13-Pipefish-671.png
Imgs/COD10K-CAM-1-Aquatic-13-Pipefish-672.jpg,GT/COD10K-CAM-1-Aquatic-13-Pipefish-672.png,Edge/COD10K-CAM-1-Aquatic-13-Pipefish-672.png
Imgs/COD10K-CAM-1-Aquatic-13-Pipefish-673.jpg,GT/COD10K-CAM-1-Aquatic-13-Pipefish-673.png,Edge/COD10K-CAM-1-Aquatic-13-Pipefish-673.png
Imgs/COD10K-CAM-1-Aquatic-13-Pipefish-674.jpg,GT/COD10K-CAM-1-Aquatic-13-Pipefish-674.png,Edge/COD10K-CAM-1-Aquatic-13-Pipefish-674.png
Imgs/COD10K-CAM-1-Aquatic-13-Pipefish-675.jpg,GT/COD10K-CAM-1-Aquatic-13-Pipefish-675.png,Edge/COD10K-CAM-1-Aquatic-13-Pipefish-675.png
Imgs/COD10K-CAM-1-Aquatic-13-Pipefish-677.jpg,GT/COD10K-CAM-1-Aquatic-13-Pipefish-677.png,Edge/COD10K-CAM-1-Aquatic-13-Pipefish-677.png
Imgs/COD10K-CAM-1-Aquatic-13-Pipefish-678.jpg,GT/COD10K-CAM-1-Aquatic-13-Pipefish-678.png,Edge/COD10K-CAM-1-Aquatic-13-Pipefish-678.png
Imgs/COD10K-CAM-1-Aquatic-13-Pipefish-680.jpg,GT/COD10K-CAM-1-Aquatic-13-Pipefish-680.png,Edge/COD10K-CAM-1-Aquatic-13-Pipefish-680.png
Imgs/COD10K-CAM-1-Aquatic-13-Pipefish-682.jpg,GT/COD10K-CAM-1-Aquatic-13-Pipefish-682.png,Edge/COD10K-CAM-1-Aquatic-13-Pipefish-682.png
Imgs/COD10K-CAM-1-Aquatic-13-Pipefish-687.jpg,GT/COD10K-CAM-1-Aquatic-13-Pipefish-687.png,Edge/COD10K-CAM-1-Aquatic-13-Pipefish-687.png
Imgs/COD10K-CAM-1-Aquatic-13-Pipefish-690.jpg,GT/COD10K-CAM-1-Aquatic-13-Pipefish-690.png,Edge/COD10K-CAM-1-Aquatic-13-Pipefish-690.png
Imgs/COD10K-CAM-1-Aquatic-13-Pipefish-692.jpg,GT/COD10K-CAM-1-Aquatic-13-Pipefish-692.png,Edge/COD10K-CAM-1-Aquatic-13-Pipefish-692.png
Imgs/COD10K-CAM-1-Aquatic-13-Pipefish-694.jpg,GT/COD10K-CAM-1-Aquatic-13-Pipefish-694.png,Edge/COD10K-CAM-1-Aquatic-13-Pipefish-694.png
Imgs/COD10K-CAM-1-Aquatic-13-Pipefish-695.jpg,GT/COD10K-CAM-1-Aquatic-13-Pipefish-695.png,Edge/COD10K-CAM-1-Aquatic-13-Pipefish-695.png
Imgs/COD10K-CAM-1-Aquatic-13-Pipefish-697.jpg,GT/COD10K-CAM-1-Aquatic-13-Pipefish-697.png,Edge/COD10K-CAM-1-Aquatic-13-Pipefish-697.png
Imgs/COD10K-CAM-1-Aquatic-13-Pipefish-698.jpg,GT/COD10K-CAM-1-Aquatic-13-Pipefish-698.png,Edge/COD10K-CAM-1-Aquatic-13-Pipefish-698.png
Imgs/COD10K-CAM-1-Aquatic-13-Pipefish-699.jpg,GT/COD10K-CAM-1-Aquatic-13-Pipefish-699.png,Edge/COD10K-CAM-1-Aquatic-13-Pipefish-699.png
Imgs/COD10K-CAM-1-Aquatic-13-Pipefish-700.jpg,GT/COD10K-CAM-1-Aquatic-13-Pipefish-700.png,Edge/COD10K-CAM-1-Aquatic-13-Pipefish-700.png
Imgs/COD10K-CAM-1-Aquatic-13-Pipefish-701.jpg,GT/COD10K-CAM-1-Aquatic-13-Pipefish-701.png,Edge/COD10K-CAM-1-Aquatic-13-Pipefish-701.png
Imgs/COD10K-CAM-1-Aquatic-13-Pipefish-702.jpg,GT/COD10K-CAM-1-Aquatic-13-Pipefish-702.png,Edge/COD10K-CAM-1-Aquatic-13-Pipefish-702.png
Imgs/COD10K-CAM-1-Aquatic-13-Pipefish-703.jpg,GT/COD10K-CAM-1-Aquatic-13-Pipefish-703.png,Edge/COD10K-CAM-1-Aquatic-13-Pipefish-703.png
Imgs/COD10K-CAM-1-Aquatic-13-Pipefish-704.jpg,GT/COD10K-CAM-1-Aquatic-13-Pipefish-704.png,Edge/COD10K-CAM-1-Aquatic-13-Pipefish-704.png
Imgs/COD10K-CAM-1-Aquatic-13-Pipefish-706.jpg,GT/COD10K-CAM-1-Aquatic-13-Pipefish-706.png,Edge/COD10K-CAM-1-Aquatic-13-Pipefish-706.png
Imgs/COD10K-CAM-1-Aquatic-13-Pipefish-708.jpg,GT/COD10K-CAM-1-Aquatic-13-Pipefish-708.png,Edge/COD10K-CAM-1-Aquatic-13-Pipefish-708.png
Imgs/COD10K-CAM-1-Aquatic-13-Pipefish-710.jpg,GT/COD10K-CAM-1-Aquatic-13-Pipefish-710.png,Edge/COD10K-CAM-1-Aquatic-13-Pipefish-710.png
Imgs/COD10K-CAM-1-Aquatic-13-Pipefish-711.jpg,GT/COD10K-CAM-1-Aquatic-13-Pipefish-711.png,Edge/COD10K-CAM-1-Aquatic-13-Pipefish-711.png
Imgs/COD10K-CAM-1-Aquatic-13-Pipefish-712.jpg,GT/COD10K-CAM-1-Aquatic-13-Pipefish-712.png,Edge/COD10K-CAM-1-Aquatic-13-Pipefish-712.png
Imgs/COD10K-CAM-1-Aquatic-13-Pipefish-714.jpg,GT/COD10K-CAM-1-Aquatic-13-Pipefish-714.png,Edge/COD10K-CAM-1-Aquatic-13-Pipefish-714.png
Imgs/COD10K-CAM-1-Aquatic-13-Pipefish-715.jpg,GT/COD10K-CAM-1-Aquatic-13-Pipefish-715.png,Edge/COD10K-CAM-1-Aquatic-13-Pipefish-715.png
Imgs/COD10K-CAM-1-Aquatic-13-Pipefish-716.jpg,GT/COD10K-CAM-1-Aquatic-13-Pipefish-716.png,Edge/COD10K-CAM-1-Aquatic-13-Pipefish-716.png
Imgs/COD10K-CAM-1-Aquatic-13-Pipefish-718.jpg,GT/COD10K-CAM-1-Aquatic-13-Pipefish-718.png,Edge/COD10K-CAM-1-Aquatic-13-Pipefish-718.png
Imgs/COD10K-CAM-1-Aquatic-13-Pipefish-719.jpg,GT/COD10K-CAM-1-Aquatic-13-Pipefish-719.png,Edge/COD10K-CAM-1-Aquatic-13-Pipefish-719.png
Imgs/COD10K-CAM-1-Aquatic-13-Pipefish-720.jpg,GT/COD10K-CAM-1-Aquatic-13-Pipefish-720.png,Edge/COD10K-CAM-1-Aquatic-13-Pipefish-720.png
Imgs/COD10K-CAM-1-Aquatic-13-Pipefish-722.jpg,GT/COD10K-CAM-1-Aquatic-13-Pipefish-722.png,Edge/COD10K-CAM-1-Aquatic-13-Pipefish-722.png
Imgs/COD10K-CAM-1-Aquatic-13-Pipefish-723.jpg,GT/COD10K-CAM-1-Aquatic-13-Pipefish-723.png,Edge/COD10K-CAM-1-Aquatic-13-Pipefish-723.png
Imgs/COD10K-CAM-1-Aquatic-13-Pipefish-724.jpg,GT/COD10K-CAM-1-Aquatic-13-Pipefish-724.png,Edge/COD10K-CAM-1-Aquatic-13-Pipefish-724.png
Imgs/COD10K-CAM-1-Aquatic-13-Pipefish-725.jpg,GT/COD10K-CAM-1-Aquatic-13-Pipefish-725.png,Edge/COD10K-CAM-1-Aquatic-13-Pipefish-725.png
Imgs/COD10K-CAM-1-Aquatic-13-Pipefish-727.jpg,GT/COD10K-CAM-1-Aquatic-13-Pipefish-727.png,Edge/COD10K-CAM-1-Aquatic-13-Pipefish-727.png
Imgs/COD10K-CAM-1-Aquatic-13-Pipefish-731.jpg,GT/COD10K-CAM-1-Aquatic-13-Pipefish-731.png,Edge/COD10K-CAM-1-Aquatic-13-Pipefish-731.png
Imgs/COD10K-CAM-1-Aquatic-13-Pipefish-733.jpg,GT/COD10K-CAM-1-Aquatic-13-Pipefish-733.png,Edge/COD10K-CAM-1-Aquatic-13-Pipefish-733.png
Imgs/COD10K-CAM-1-Aquatic-13-Pipefish-734.jpg,GT/COD10K-CAM-1-Aquatic-13-Pipefish-734.png,Edge/COD10K-CAM-1-Aquatic-13-Pipefish-734.png
Imgs/COD10K-CAM-1-Aquatic-13-Pipefish-735.jpg,GT/COD10K-CAM-1-Aquatic-13-Pipefish-735.png,Edge/COD10K-CAM-1-Aquatic-13-Pipefish-735.png
Imgs/COD10K-CAM-1-Aquatic-13-Pipefish-737.jpg,GT/COD10K-CAM-1-Aquatic-13-Pipefish-737.png,Edge/COD10K-CAM-1-Aquatic-13-Pipefish-737.png
Imgs/COD10K-CAM-1-Aquatic-13-Pipefish-738.jpg,GT/COD10K-CAM-1-Aquatic-13-Pipefish-738.png,Edge/COD10K-CAM-1-Aquatic-13-Pipefish-738.png
Imgs/COD10K-CAM-1-Aquatic-13-Pipefish-739.jpg,GT/COD10K-CAM-1-Aquatic-13-Pipefish-739.png,Edge/COD10K-CAM-1-Aquatic-13-Pipefish-739.png
Imgs/COD10K-CAM-1-Aquatic-13-Pipefish-740.jpg,GT/COD10K-CAM-1-Aquatic-13-Pipefish-740.png,Edge/COD10K-CAM-1-Aquatic-13-Pipefish-740.png
Imgs/COD10K-CAM-1-Aquatic-13-Pipefish-741.jpg,GT/COD10K-CAM-1-Aquatic-13-Pipefish-741.png,Edge/COD10K-CAM-1-Aquatic-13-Pipefish-741.png
Imgs/COD10K-CAM-1-Aquatic-13-Pipefish-742.jpg,GT/COD10K-CAM-1-Aquatic-13-Pipefish-742.png,Edge/COD10K-CAM-1-Aquatic-13-Pipefish-742.png
Imgs/COD10K-CAM-1-Aquatic-13-Pipefish-743.jpg,GT/COD10K-CAM-1-Aquatic-13-Pipefish-743.png,Edge/COD10K-CAM-1-Aquatic-13-Pipefish-743.png
Imgs/COD10K-CAM-1-Aquatic-13-Pipefish-744.jpg,GT/COD10K-CAM-1-Aquatic-13-Pipefish-744.png,Edge/COD10K-CAM-1-Aquatic-13-Pipefish-744.png
Imgs/COD10K-CAM-1-Aquatic-13-Pipefish-745.jpg,GT/COD10K-CAM-1-Aquatic-13-Pipefish-745.png,Edge/COD10K-CAM-1-Aquatic-13-Pipefish-745.png
Imgs/COD10K-CAM-1-Aquatic-13-Pipefish-746.jpg,GT/COD10K-CAM-1-Aquatic-13-Pipefish-746.png,Edge/COD10K-CAM-1-Aquatic-13-Pipefish-746.png
Imgs/COD10K-CAM-1-Aquatic-13-Pipefish-747.jpg,GT/COD10K-CAM-1-Aquatic-13-Pipefish-747.png,Edge/COD10K-CAM-1-Aquatic-13-Pipefish-747.png
Imgs/COD10K-CAM-1-Aquatic-13-Pipefish-751.jpg,GT/COD10K-CAM-1-Aquatic-13-Pipefish-751.png,Edge/COD10K-CAM-1-Aquatic-13-Pipefish-751.png
Imgs/COD10K-CAM-1-Aquatic-13-Pipefish-753.jpg,GT/COD10K-CAM-1-Aquatic-13-Pipefish-753.png,Edge/COD10K-CAM-1-Aquatic-13-Pipefish-753.png
Imgs/COD10K-CAM-1-Aquatic-13-Pipefish-754.jpg,GT/COD10K-CAM-1-Aquatic-13-Pipefish-754.png,Edge/COD10K-CAM-1-Aquatic-13-Pipefish-754.png
Imgs/COD10K-CAM-1-Aquatic-13-Pipefish-755.jpg,GT/COD10K-CAM-1-Aquatic-13-Pipefish-755.png,Edge/COD10K-CAM-1-Aquatic-13-Pipefish-755.png
Imgs/COD10K-CAM-1-Aquatic-13-Pipefish-756.jpg,GT/COD10K-CAM-1-Aquatic-13-Pipefish-756.png,Edge/COD10K-CAM-1-Aquatic-13-Pipefish-756.png
Imgs/COD10K-CAM-1-Aquatic-13-Pipefish-757.jpg,GT/COD10K-CAM-1-Aquatic-13-Pipefish-757.png,Edge/COD10K-CAM-1-Aquatic-13-Pipefish-757.png
Imgs/COD10K-CAM-1-Aquatic-13-Pipefish-758.jpg,GT/COD10K-CAM-1-Aquatic-13-Pipefish-758.png,Edge/COD10K-CAM-1-Aquatic-13-Pipefish-758.png
Imgs/COD10K-CAM-1-Aquatic-13-Pipefish-760.jpg,GT/COD10K-CAM-1-Aquatic-13-Pipefish-760.png,Edge/COD10K-CAM-1-Aquatic-13-Pipefish-760.png
Imgs/COD10K-CAM-1-Aquatic-13-Pipefish-761.jpg,GT/COD10K-CAM-1-Aquatic-13-Pipefish-761.png,Edge/COD10K-CAM-1-Aquatic-13-Pipefish-761.png
Imgs/COD10K-CAM-1-Aquatic-13-Pipefish-762.jpg,GT/COD10K-CAM-1-Aquatic-13-Pipefish-762.png,Edge/COD10K-CAM-1-Aquatic-13-Pipefish-762.png
Imgs/COD10K-CAM-1-Aquatic-13-Pipefish-763.jpg,GT/COD10K-CAM-1-Aquatic-13-Pipefish-763.png,Edge/COD10K-CAM-1-Aquatic-13-Pipefish-763.png
Imgs/COD10K-CAM-1-Aquatic-13-Pipefish-764.jpg,GT/COD10K-CAM-1-Aquatic-13-Pipefish-764.png,Edge/COD10K-CAM-1-Aquatic-13-Pipefish-764.png
Imgs/COD10K-CAM-1-Aquatic-13-Pipefish-765.jpg,GT/COD10K-CAM-1-Aquatic-13-Pipefish-765.png,Edge/COD10K-CAM-1-Aquatic-13-Pipefish-765.png
Imgs/COD10K-CAM-1-Aquatic-13-Pipefish-766.jpg,GT/COD10K-CAM-1-Aquatic-13-Pipefish-766.png,Edge/COD10K-CAM-1-Aquatic-13-Pipefish-766.png
Imgs/COD10K-CAM-1-Aquatic-13-Pipefish-767.jpg,GT/COD10K-CAM-1-Aquatic-13-Pipefish-767.png,Edge/COD10K-CAM-1-Aquatic-13-Pipefish-767.png
Imgs/COD10K-CAM-1-Aquatic-13-Pipefish-768.jpg,GT/COD10K-CAM-1-Aquatic-13-Pipefish-768.png,Edge/COD10K-CAM-1-Aquatic-13-Pipefish-768.png
Imgs/COD10K-CAM-1-Aquatic-13-Pipefish-770.jpg,GT/COD10K-CAM-1-Aquatic-13-Pipefish-770.png,Edge/COD10K-CAM-1-Aquatic-13-Pipefish-770.png
Imgs/COD10K-CAM-1-Aquatic-13-Pipefish-771.jpg,GT/COD10K-CAM-1-Aquatic-13-Pipefish-771.png,Edge/COD10K-CAM-1-Aquatic-13-Pipefish-771.png
Imgs/COD10K-CAM-1-Aquatic-13-Pipefish-773.jpg,GT/COD10K-CAM-1-Aquatic-13-Pipefish-773.png,Edge/COD10K-CAM-1-Aquatic-13-Pipefish-773.png
Imgs/COD10K-CAM-1-Aquatic-13-Pipefish-775.jpg,GT/COD10K-CAM-1-Aquatic-13-Pipefish-775.png,Edge/COD10K-CAM-1-Aquatic-13-Pipefish-775.png
Imgs/COD10K-CAM-1-Aquatic-13-Pipefish-778.jpg,GT/COD10K-CAM-1-Aquatic-13-Pipefish-778.png,Edge/COD10K-CAM-1-Aquatic-13-Pipefish-778.png
Imgs/COD10K-CAM-1-Aquatic-13-Pipefish-779.jpg,GT/COD10K-CAM-1-Aquatic-13-Pipefish-779.png,Edge/COD10K-CAM-1-Aquatic-13-Pipefish-779.png
Imgs/COD10K-CAM-1-Aquatic-13-Pipefish-780.jpg,GT/COD10K-CAM-1-Aquatic-13-Pipefish-780.png,Edge/COD10K-CAM-1-Aquatic-13-Pipefish-780.png
Imgs/COD10K-CAM-1-Aquatic-13-Pipefish-782.jpg,GT/COD10K-CAM-1-Aquatic-13-Pipefish-782.png,Edge/COD10K-CAM-1-Aquatic-13-Pipefish-782.png
Imgs/COD10K-CAM-1-Aquatic-13-Pipefish-783.jpg,GT/COD10K-CAM-1-Aquatic-13-Pipefish-783.png,Edge/COD10K-CAM-1-Aquatic-13-Pipefish-783.png
Imgs/COD10K-CAM-1-Aquatic-13-Pipefish-784.jpg,GT/COD10K-CAM-1-Aquatic-13-Pipefish-784.png,Edge/COD10K-CAM-1-Aquatic-13-Pipefish-784.png
Imgs/COD10K-CAM-1-Aquatic-13-Pipefish-785.jpg,GT/COD10K-CAM-1-Aquatic-13-Pipefish-785.png,Edge/COD10K-CAM-1-Aquatic-13-Pipefish-785.png
Imgs/COD10K-CAM-1-Aquatic-13-Pipefish-786.jpg,GT/COD10K-CAM-1-Aquatic-13-Pipefish-786.png,Edge/COD10K-CAM-1-Aquatic-13-Pipefish-786.png
Imgs/COD10K-CAM-1-Aquatic-13-Pipefish-787.jpg,GT/COD10K-CAM-1-Aquatic-13-Pipefish-787.png,Edge/COD10K-CAM-1-Aquatic-13-Pipefish-787.png
Imgs/COD10K-CAM-1-Aquatic-13-Pipefish-790.jpg,GT/COD10K-CAM-1-Aquatic-13-Pipefish-790.png,Edge/COD10K-CAM-1-Aquatic-13-Pipefish-790.png
Imgs/COD10K-CAM-1-Aquatic-13-Pipefish-791.jpg,GT/COD10K-CAM-1-Aquatic-13-Pipefish-791.png,Edge/COD10K-CAM-1-Aquatic-13-Pipefish-791.png
Imgs/COD10K-CAM-1-Aquatic-13-Pipefish-792.jpg,GT/COD10K-CAM-1-Aquatic-13-Pipefish-792.png,Edge/COD10K-CAM-1-Aquatic-13-Pipefish-792.png
Imgs/COD10K-CAM-1-Aquatic-13-Pipefish-793.jpg,GT/COD10K-CAM-1-Aquatic-13-Pipefish-793.png,Edge/COD10K-CAM-1-Aquatic-13-Pipefish-793.png
Imgs/COD10K-CAM-1-Aquatic-13-Pipefish-794.jpg,GT/COD10K-CAM-1-Aquatic-13-Pipefish-794.png,Edge/COD10K-CAM-1-Aquatic-13-Pipefish-794.png
Imgs/COD10K-CAM-1-Aquatic-13-Pipefish-796.jpg,GT/COD10K-CAM-1-Aquatic-13-Pipefish-796.png,Edge/COD10K-CAM-1-Aquatic-13-Pipefish-796.png
Imgs/COD10K-CAM-1-Aquatic-13-Pipefish-797.jpg,GT/COD10K-CAM-1-Aquatic-13-Pipefish-797.png,Edge/COD10K-CAM-1-Aquatic-13-Pipefish-797.png
Imgs/COD10K-CAM-1-Aquatic-13-Pipefish-798.jpg,GT/COD10K-CAM-1-Aquatic-13-Pipefish-798.png,Edge/COD10K-CAM-1-Aquatic-13-Pipefish-798.png
Imgs/COD10K-CAM-1-Aquatic-13-Pipefish-799.jpg,GT/COD10K-CAM-1-Aquatic-13-Pipefish-799.png,Edge/COD10K-CAM-1-Aquatic-13-Pipefish-799.png
Imgs/COD10K-CAM-1-Aquatic-13-Pipefish-801.jpg,GT/COD10K-CAM-1-Aquatic-13-Pipefish-801.png,Edge/COD10K-CAM-1-Aquatic-13-Pipefish-801.png
Imgs/COD10K-CAM-1-Aquatic-13-Pipefish-802.jpg,GT/COD10K-CAM-1-Aquatic-13-Pipefish-802.png,Edge/COD10K-CAM-1-Aquatic-13-Pipefish-802.png
Imgs/COD10K-CAM-1-Aquatic-13-Pipefish-803.jpg,GT/COD10K-CAM-1-Aquatic-13-Pipefish-803.png,Edge/COD10K-CAM-1-Aquatic-13-Pipefish-803.png
Imgs/COD10K-CAM-1-Aquatic-13-Pipefish-805.jpg,GT/COD10K-CAM-1-Aquatic-13-Pipefish-805.png,Edge/COD10K-CAM-1-Aquatic-13-Pipefish-805.png
Imgs/COD10K-CAM-1-Aquatic-13-Pipefish-806.jpg,GT/COD10K-CAM-1-Aquatic-13-Pipefish-806.png,Edge/COD10K-CAM-1-Aquatic-13-Pipefish-806.png
Imgs/COD10K-CAM-1-Aquatic-13-Pipefish-808.jpg,GT/COD10K-CAM-1-Aquatic-13-Pipefish-808.png,Edge/COD10K-CAM-1-Aquatic-13-Pipefish-808.png
Imgs/COD10K-CAM-1-Aquatic-13-Pipefish-809.jpg,GT/COD10K-CAM-1-Aquatic-13-Pipefish-809.png,Edge/COD10K-CAM-1-Aquatic-13-Pipefish-809.png
Imgs/COD10K-CAM-1-Aquatic-13-Pipefish-811.jpg,GT/COD10K-CAM-1-Aquatic-13-Pipefish-811.png,Edge/COD10K-CAM-1-Aquatic-13-Pipefish-811.png
Imgs/COD10K-CAM-1-Aquatic-13-Pipefish-812.jpg,GT/COD10K-CAM-1-Aquatic-13-Pipefish-812.png,Edge/COD10K-CAM-1-Aquatic-13-Pipefish-812.png
Imgs/COD10K-CAM-1-Aquatic-13-Pipefish-814.jpg,GT/COD10K-CAM-1-Aquatic-13-Pipefish-814.png,Edge/COD10K-CAM-1-Aquatic-13-Pipefish-814.png
Imgs/COD10K-CAM-1-Aquatic-13-Pipefish-815.jpg,GT/COD10K-CAM-1-Aquatic-13-Pipefish-815.png,Edge/COD10K-CAM-1-Aquatic-13-Pipefish-815.png
Imgs/COD10K-CAM-1-Aquatic-13-Pipefish-816.jpg,GT/COD10K-CAM-1-Aquatic-13-Pipefish-816.png,Edge/COD10K-CAM-1-Aquatic-13-Pipefish-816.png
Imgs/COD10K-CAM-1-Aquatic-13-Pipefish-817.jpg,GT/COD10K-CAM-1-Aquatic-13-Pipefish-817.png,Edge/COD10K-CAM-1-Aquatic-13-Pipefish-817.png
Imgs/COD10K-CAM-1-Aquatic-13-Pipefish-819.jpg,GT/COD10K-CAM-1-Aquatic-13-Pipefish-819.png,Edge/COD10K-CAM-1-Aquatic-13-Pipefish-819.png
Imgs/COD10K-CAM-1-Aquatic-13-Pipefish-820.jpg,GT/COD10K-CAM-1-Aquatic-13-Pipefish-820.png,Edge/COD10K-CAM-1-Aquatic-13-Pipefish-820.png
Imgs/COD10K-CAM-1-Aquatic-13-Pipefish-821.jpg,GT/COD10K-CAM-1-Aquatic-13-Pipefish-821.png,Edge/COD10K-CAM-1-Aquatic-13-Pipefish-821.png
Imgs/COD10K-CAM-1-Aquatic-13-Pipefish-822.jpg,GT/COD10K-CAM-1-Aquatic-13-Pipefish-822.png,Edge/COD10K-CAM-1-Aquatic-13-Pipefish-822.png
Imgs/COD10K-CAM-1-Aquatic-13-Pipefish-823.jpg,GT/COD10K-CAM-1-Aquatic-13-Pipefish-823.png,Edge/COD10K-CAM-1-Aquatic-13-Pipefish-823.png
Imgs/COD10K-CAM-1-Aquatic-13-Pipefish-824.jpg,GT/COD10K-CAM-1-Aquatic-13-Pipefish-824.png,Edge/COD10K-CAM-1-Aquatic-13-Pipefish-824.png
Imgs/COD10K-CAM-1-Aquatic-13-Pipefish-825.jpg,GT/COD10K-CAM-1-Aquatic-13-Pipefish-825.png,Edge/COD10K-CAM-1-Aquatic-13-Pipefish-825.png
Imgs/COD10K-CAM-1-Aquatic-13-Pipefish-827.jpg,GT/COD10K-CAM-1-Aquatic-13-Pipefish-827.png,Edge/COD10K-CAM-1-Aquatic-13-Pipefish-827.png
Imgs/COD10K-CAM-1-Aquatic-13-Pipefish-828.jpg,GT/COD10K-CAM-1-Aquatic-13-Pipefish-828.png,Edge/COD10K-CAM-1-Aquatic-13-Pipefish-828.png
Imgs/COD10K-CAM-1-Aquatic-13-Pipefish-829.jpg,GT/COD10K-CAM-1-Aquatic-13-Pipefish-829.png,Edge/COD10K-CAM-1-Aquatic-13-Pipefish-829.png
Imgs/COD10K-CAM-1-Aquatic-13-Pipefish-831.jpg,GT/COD10K-CAM-1-Aquatic-13-Pipefish-831.png,Edge/COD10K-CAM-1-Aquatic-13-Pipefish-831.png
Imgs/COD10K-CAM-1-Aquatic-13-Pipefish-834.jpg,GT/COD10K-CAM-1-Aquatic-13-Pipefish-834.png,Edge/COD10K-CAM-1-Aquatic-13-Pipefish-834.png
Imgs/COD10K-CAM-1-Aquatic-13-Pipefish-838.jpg,GT/COD10K-CAM-1-Aquatic-13-Pipefish-838.png,Edge/COD10K-CAM-1-Aquatic-13-Pipefish-838.png
Imgs/COD10K-CAM-1-Aquatic-13-Pipefish-839.jpg,GT/COD10K-CAM-1-Aquatic-13-Pipefish-839.png,Edge/COD10K-CAM-1-Aquatic-13-Pipefish-839.png
Imgs/COD10K-CAM-1-Aquatic-13-Pipefish-840.jpg,GT/COD10K-CAM-1-Aquatic-13-Pipefish-840.png,Edge/COD10K-CAM-1-Aquatic-13-Pipefish-840.png
Imgs/COD10K-CAM-1-Aquatic-14-ScorpionFish-846.jpg,GT/COD10K-CAM-1-Aquatic-14-ScorpionFish-846.png,Edge/COD10K-CAM-1-Aquatic-14-ScorpionFish-846.png
Imgs/COD10K-CAM-1-Aquatic-14-ScorpionFish-847.jpg,GT/COD10K-CAM-1-Aquatic-14-ScorpionFish-847.png,Edge/COD10K-CAM-1-Aquatic-14-ScorpionFish-847.png
Imgs/COD10K-CAM-1-Aquatic-14-ScorpionFish-849.jpg,GT/COD10K-CAM-1-Aquatic-14-ScorpionFish-849.png,Edge/COD10K-CAM-1-Aquatic-14-ScorpionFish-849.png
Imgs/COD10K-CAM-1-Aquatic-14-ScorpionFish-851.jpg,GT/COD10K-CAM-1-Aquatic-14-ScorpionFish-851.png,Edge/COD10K-CAM-1-Aquatic-14-ScorpionFish-851.png
Imgs/COD10K-CAM-1-Aquatic-14-ScorpionFish-852.jpg,GT/COD10K-CAM-1-Aquatic-14-ScorpionFish-852.png,Edge/COD10K-CAM-1-Aquatic-14-ScorpionFish-852.png
Imgs/COD10K-CAM-1-Aquatic-14-ScorpionFish-856.jpg,GT/COD10K-CAM-1-Aquatic-14-ScorpionFish-856.png,Edge/COD10K-CAM-1-Aquatic-14-ScorpionFish-856.png
Imgs/COD10K-CAM-1-Aquatic-14-ScorpionFish-857.jpg,GT/COD10K-CAM-1-Aquatic-14-ScorpionFish-857.png,Edge/COD10K-CAM-1-Aquatic-14-ScorpionFish-857.png
Imgs/COD10K-CAM-1-Aquatic-14-ScorpionFish-859.jpg,GT/COD10K-CAM-1-Aquatic-14-ScorpionFish-859.png,Edge/COD10K-CAM-1-Aquatic-14-ScorpionFish-859.png
Imgs/COD10K-CAM-1-Aquatic-14-ScorpionFish-860.jpg,GT/COD10K-CAM-1-Aquatic-14-ScorpionFish-860.png,Edge/COD10K-CAM-1-Aquatic-14-ScorpionFish-860.png
Imgs/COD10K-CAM-1-Aquatic-14-ScorpionFish-861.jpg,GT/COD10K-CAM-1-Aquatic-14-ScorpionFish-861.png,Edge/COD10K-CAM-1-Aquatic-14-ScorpionFish-861.png
Imgs/COD10K-CAM-1-Aquatic-14-ScorpionFish-864.jpg,GT/COD10K-CAM-1-Aquatic-14-ScorpionFish-864.png,Edge/COD10K-CAM-1-Aquatic-14-ScorpionFish-864.png
Imgs/COD10K-CAM-1-Aquatic-14-ScorpionFish-866.jpg,GT/COD10K-CAM-1-Aquatic-14-ScorpionFish-866.png,Edge/COD10K-CAM-1-Aquatic-14-ScorpionFish-866.png
Imgs/COD10K-CAM-1-Aquatic-14-ScorpionFish-870.jpg,GT/COD10K-CAM-1-Aquatic-14-ScorpionFish-870.png,Edge/COD10K-CAM-1-Aquatic-14-ScorpionFish-870.png
Imgs/COD10K-CAM-1-Aquatic-14-ScorpionFish-871.jpg,GT/COD10K-CAM-1-Aquatic-14-ScorpionFish-871.png,Edge/COD10K-CAM-1-Aquatic-14-ScorpionFish-871.png
Imgs/COD10K-CAM-1-Aquatic-14-ScorpionFish-875.jpg,GT/COD10K-CAM-1-Aquatic-14-ScorpionFish-875.png,Edge/COD10K-CAM-1-Aquatic-14-ScorpionFish-875.png
Imgs/COD10K-CAM-1-Aquatic-14-ScorpionFish-876.jpg,GT/COD10K-CAM-1-Aquatic-14-ScorpionFish-876.png,Edge/COD10K-CAM-1-Aquatic-14-ScorpionFish-876.png
Imgs/COD10K-CAM-1-Aquatic-14-ScorpionFish-877.jpg,GT/COD10K-CAM-1-Aquatic-14-ScorpionFish-877.png,Edge/COD10K-CAM-1-Aquatic-14-ScorpionFish-877.png
Imgs/COD10K-CAM-1-Aquatic-14-ScorpionFish-878.jpg,GT/COD10K-CAM-1-Aquatic-14-ScorpionFish-878.png,Edge/COD10K-CAM-1-Aquatic-14-ScorpionFish-878.png
Imgs/COD10K-CAM-1-Aquatic-14-ScorpionFish-880.jpg,GT/COD10K-CAM-1-Aquatic-14-ScorpionFish-880.png,Edge/COD10K-CAM-1-Aquatic-14-ScorpionFish-880.png
Imgs/COD10K-CAM-1-Aquatic-14-ScorpionFish-882.jpg,GT/COD10K-CAM-1-Aquatic-14-ScorpionFish-882.png,Edge/COD10K-CAM-1-Aquatic-14-ScorpionFish-882.png
Imgs/COD10K-CAM-1-Aquatic-14-ScorpionFish-885.jpg,GT/COD10K-CAM-1-Aquatic-14-ScorpionFish-885.png,Edge/COD10K-CAM-1-Aquatic-14-ScorpionFish-885.png
Imgs/COD10K-CAM-1-Aquatic-14-ScorpionFish-886.jpg,GT/COD10K-CAM-1-Aquatic-14-ScorpionFish-886.png,Edge/COD10K-CAM-1-Aquatic-14-ScorpionFish-886.png
Imgs/COD10K-CAM-1-Aquatic-14-ScorpionFish-887.jpg,GT/COD10K-CAM-1-Aquatic-14-ScorpionFish-887.png,Edge/COD10K-CAM-1-Aquatic-14-ScorpionFish-887.png
Imgs/COD10K-CAM-1-Aquatic-14-ScorpionFish-888.jpg,GT/COD10K-CAM-1-Aquatic-14-ScorpionFish-888.png,Edge/COD10K-CAM-1-Aquatic-14-ScorpionFish-888.png
Imgs/COD10K-CAM-1-Aquatic-14-ScorpionFish-890.jpg,GT/COD10K-CAM-1-Aquatic-14-ScorpionFish-890.png,Edge/COD10K-CAM-1-Aquatic-14-ScorpionFish-890.png
Imgs/COD10K-CAM-1-Aquatic-14-ScorpionFish-893.jpg,GT/COD10K-CAM-1-Aquatic-14-ScorpionFish-893.png,Edge/COD10K-CAM-1-Aquatic-14-ScorpionFish-893.png
Imgs/COD10K-CAM-1-Aquatic-14-ScorpionFish-894.jpg,GT/COD10K-CAM-1-Aquatic-14-ScorpionFish-894.png,Edge/COD10K-CAM-1-Aquatic-14-ScorpionFish-894.png
Imgs/COD10K-CAM-1-Aquatic-14-ScorpionFish-895.jpg,GT/COD10K-CAM-1-Aquatic-14-ScorpionFish-895.png,Edge/COD10K-CAM-1-Aquatic-14-ScorpionFish-895.png
Imgs/COD10K-CAM-1-Aquatic-14-ScorpionFish-902.jpg,GT/COD10K-CAM-1-Aquatic-14-ScorpionFish-902.png,Edge/COD10K-CAM-1-Aquatic-14-ScorpionFish-902.png
Imgs/COD10K-CAM-1-Aquatic-14-ScorpionFish-903.jpg,GT/COD10K-CAM-1-Aquatic-14-ScorpionFish-903.png,Edge/COD10K-CAM-1-Aquatic-14-ScorpionFish-903.png
Imgs/COD10K-CAM-1-Aquatic-14-ScorpionFish-904.jpg,GT/COD10K-CAM-1-Aquatic-14-ScorpionFish-904.png,Edge/COD10K-CAM-1-Aquatic-14-ScorpionFish-904.png
Imgs/COD10K-CAM-1-Aquatic-14-ScorpionFish-905.jpg,GT/COD10K-CAM-1-Aquatic-14-ScorpionFish-905.png,Edge/COD10K-CAM-1-Aquatic-14-ScorpionFish-905.png
Imgs/COD10K-CAM-1-Aquatic-14-ScorpionFish-908.jpg,GT/COD10K-CAM-1-Aquatic-14-ScorpionFish-908.png,Edge/COD10K-CAM-1-Aquatic-14-ScorpionFish-908.png
Imgs/COD10K-CAM-1-Aquatic-14-ScorpionFish-909.jpg,GT/COD10K-CAM-1-Aquatic-14-ScorpionFish-909.png,Edge/COD10K-CAM-1-Aquatic-14-ScorpionFish-909.png
Imgs/COD10K-CAM-1-Aquatic-14-ScorpionFish-910.jpg,GT/COD10K-CAM-1-Aquatic-14-ScorpionFish-910.png,Edge/COD10K-CAM-1-Aquatic-14-ScorpionFish-910.png
Imgs/COD10K-CAM-1-Aquatic-14-ScorpionFish-912.jpg,GT/COD10K-CAM-1-Aquatic-14-ScorpionFish-912.png,Edge/COD10K-CAM-1-Aquatic-14-ScorpionFish-912.png
Imgs/COD10K-CAM-1-Aquatic-14-ScorpionFish-913.jpg,GT/COD10K-CAM-1-Aquatic-14-ScorpionFish-913.png,Edge/COD10K-CAM-1-Aquatic-14-ScorpionFish-913.png
Imgs/COD10K-CAM-1-Aquatic-14-ScorpionFish-914.jpg,GT/COD10K-CAM-1-Aquatic-14-ScorpionFish-914.png,Edge/COD10K-CAM-1-Aquatic-14-ScorpionFish-914.png
Imgs/COD10K-CAM-1-Aquatic-14-ScorpionFish-916.jpg,GT/COD10K-CAM-1-Aquatic-14-ScorpionFish-916.png,Edge/COD10K-CAM-1-Aquatic-14-ScorpionFish-916.png
Imgs/COD10K-CAM-1-Aquatic-14-ScorpionFish-917.jpg,GT/COD10K-CAM-1-Aquatic-14-ScorpionFish-917.png,Edge/COD10K-CAM-1-Aquatic-14-ScorpionFish-917.png
Imgs/COD10K-CAM-1-Aquatic-14-ScorpionFish-920.jpg,GT/COD10K-CAM-1-Aquatic-14-ScorpionFish-920.png,Edge/COD10K-CAM-1-Aquatic-14-ScorpionFish-920.png
Imgs/COD10K-CAM-1-Aquatic-14-ScorpionFish-921.jpg,GT/COD10K-CAM-1-Aquatic-14-ScorpionFish-921.png,Edge/COD10K-CAM-1-Aquatic-14-ScorpionFish-921.png
Imgs/COD10K-CAM-1-Aquatic-14-ScorpionFish-922.jpg,GT/COD10K-CAM-1-Aquatic-14-ScorpionFish-922.png,Edge/COD10K-CAM-1-Aquatic-14-ScorpionFish-922.png
Imgs/COD10K-CAM-1-Aquatic-14-ScorpionFish-923.jpg,GT/COD10K-CAM-1-Aquatic-14-ScorpionFish-923.png,Edge/COD10K-CAM-1-Aquatic-14-ScorpionFish-923.png
Imgs/COD10K-CAM-1-Aquatic-14-ScorpionFish-924.jpg,GT/COD10K-CAM-1-Aquatic-14-ScorpionFish-924.png,Edge/COD10K-CAM-1-Aquatic-14-ScorpionFish-924.png
Imgs/COD10K-CAM-1-Aquatic-14-ScorpionFish-925.jpg,GT/COD10K-CAM-1-Aquatic-14-ScorpionFish-925.png,Edge/COD10K-CAM-1-Aquatic-14-ScorpionFish-925.png
Imgs/COD10K-CAM-1-Aquatic-14-ScorpionFish-927.jpg,GT/COD10K-CAM-1-Aquatic-14-ScorpionFish-927.png,Edge/COD10K-CAM-1-Aquatic-14-ScorpionFish-927.png
Imgs/COD10K-CAM-1-Aquatic-14-ScorpionFish-929.jpg,GT/COD10K-CAM-1-Aquatic-14-ScorpionFish-929.png,Edge/COD10K-CAM-1-Aquatic-14-ScorpionFish-929.png
Imgs/COD10K-CAM-1-Aquatic-14-ScorpionFish-931.jpg,GT/COD10K-CAM-1-Aquatic-14-ScorpionFish-931.png,Edge/COD10K-CAM-1-Aquatic-14-ScorpionFish-931.png
Imgs/COD10K-CAM-1-Aquatic-14-ScorpionFish-932.jpg,GT/COD10K-CAM-1-Aquatic-14-ScorpionFish-932.png,Edge/COD10K-CAM-1-Aquatic-14-ScorpionFish-932.png
Imgs/COD10K-CAM-1-Aquatic-14-ScorpionFish-933.jpg,GT/COD10K-CAM-1-Aquatic-14-ScorpionFish-933.png,Edge/COD10K-CAM-1-Aquatic-14-ScorpionFish-933.png
Imgs/COD10K-CAM-1-Aquatic-14-ScorpionFish-937.jpg,GT/COD10K-CAM-1-Aquatic-14-ScorpionFish-937.png,Edge/COD10K-CAM-1-Aquatic-14-ScorpionFish-937.png
Imgs/COD10K-CAM-1-Aquatic-14-ScorpionFish-938.jpg,GT/COD10K-CAM-1-Aquatic-14-ScorpionFish-938.png,Edge/COD10K-CAM-1-Aquatic-14-ScorpionFish-938.png
Imgs/COD10K-CAM-1-Aquatic-14-ScorpionFish-941.jpg,GT/COD10K-CAM-1-Aquatic-14-ScorpionFish-941.png,Edge/COD10K-CAM-1-Aquatic-14-ScorpionFish-941.png
Imgs/COD10K-CAM-1-Aquatic-14-ScorpionFish-942.jpg,GT/COD10K-CAM-1-Aquatic-14-ScorpionFish-942.png,Edge/COD10K-CAM-1-Aquatic-14-ScorpionFish-942.png
Imgs/COD10K-CAM-1-Aquatic-14-ScorpionFish-944.jpg,GT/COD10K-CAM-1-Aquatic-14-ScorpionFish-944.png,Edge/COD10K-CAM-1-Aquatic-14-ScorpionFish-944.png
Imgs/COD10K-CAM-1-Aquatic-14-ScorpionFish-946.jpg,GT/COD10K-CAM-1-Aquatic-14-ScorpionFish-946.png,Edge/COD10K-CAM-1-Aquatic-14-ScorpionFish-946.png
Imgs/COD10K-CAM-1-Aquatic-14-ScorpionFish-947.jpg,GT/COD10K-CAM-1-Aquatic-14-ScorpionFish-947.png,Edge/COD10K-CAM-1-Aquatic-14-ScorpionFish-947.png
Imgs/COD10K-CAM-1-Aquatic-14-ScorpionFish-948.jpg,GT/COD10K-CAM-1-Aquatic-14-ScorpionFish-948.png,Edge/COD10K-CAM-1-Aquatic-14-ScorpionFish-948.png
Imgs/COD10K-CAM-1-Aquatic-14-ScorpionFish-949.jpg,GT/COD10K-CAM-1-Aquatic-14-ScorpionFish-949.png,Edge/COD10K-CAM-1-Aquatic-14-ScorpionFish-949.png
Imgs/COD10K-CAM-1-Aquatic-14-ScorpionFish-951.jpg,GT/COD10K-CAM-1-Aquatic-14-ScorpionFish-951.png,Edge/COD10K-CAM-1-Aquatic-14-ScorpionFish-951.png
Imgs/COD10K-CAM-1-Aquatic-14-ScorpionFish-952.jpg,GT/COD10K-CAM-1-Aquatic-14-ScorpionFish-952.png,Edge/COD10K-CAM-1-Aquatic-14-ScorpionFish-952.png
Imgs/COD10K-CAM-1-Aquatic-14-ScorpionFish-953.jpg,GT/COD10K-CAM-1-Aquatic-14-ScorpionFish-953.png,Edge/COD10K-CAM-1-Aquatic-14-ScorpionFish-953.png
Imgs/COD10K-CAM-1-Aquatic-14-ScorpionFish-955.jpg,GT/COD10K-CAM-1-Aquatic-14-ScorpionFish-955.png,Edge/COD10K-CAM-1-Aquatic-14-ScorpionFish-955.png
Imgs/COD10K-CAM-1-Aquatic-14-ScorpionFish-956.jpg,GT/COD10K-CAM-1-Aquatic-14-ScorpionFish-956.png,Edge/COD10K-CAM-1-Aquatic-14-ScorpionFish-956.png
Imgs/COD10K-CAM-1-Aquatic-14-ScorpionFish-957.jpg,GT/COD10K-CAM-1-Aquatic-14-ScorpionFish-957.png,Edge/COD10K-CAM-1-Aquatic-14-ScorpionFish-957.png
Imgs/COD10K-CAM-1-Aquatic-14-ScorpionFish-958.jpg,GT/COD10K-CAM-1-Aquatic-14-ScorpionFish-958.png,Edge/COD10K-CAM-1-Aquatic-14-ScorpionFish-958.png
Imgs/COD10K-CAM-1-Aquatic-15-SeaHorse-1000.jpg,GT/COD10K-CAM-1-Aquatic-15-SeaHorse-1000.png,Edge/COD10K-CAM-1-Aquatic-15-SeaHorse-1000.png
Imgs/COD10K-CAM-1-Aquatic-15-SeaHorse-1001.jpg,GT/COD10K-CAM-1-Aquatic-15-SeaHorse-1001.png,Edge/COD10K-CAM-1-Aquatic-15-SeaHorse-1001.png
Imgs/COD10K-CAM-1-Aquatic-15-SeaHorse-1005.jpg,GT/COD10K-CAM-1-Aquatic-15-SeaHorse-1005.png,Edge/COD10K-CAM-1-Aquatic-15-SeaHorse-1005.png
Imgs/COD10K-CAM-1-Aquatic-15-SeaHorse-1007.jpg,GT/COD10K-CAM-1-Aquatic-15-SeaHorse-1007.png,Edge/COD10K-CAM-1-Aquatic-15-SeaHorse-1007.png
Imgs/COD10K-CAM-1-Aquatic-15-SeaHorse-1008.jpg,GT/COD10K-CAM-1-Aquatic-15-SeaHorse-1008.png,Edge/COD10K-CAM-1-Aquatic-15-SeaHorse-1008.png
Imgs/COD10K-CAM-1-Aquatic-15-SeaHorse-1009.jpg,GT/COD10K-CAM-1-Aquatic-15-SeaHorse-1009.png,Edge/COD10K-CAM-1-Aquatic-15-SeaHorse-1009.png
Imgs/COD10K-CAM-1-Aquatic-15-SeaHorse-1011.jpg,GT/COD10K-CAM-1-Aquatic-15-SeaHorse-1011.png,Edge/COD10K-CAM-1-Aquatic-15-SeaHorse-1011.png
Imgs/COD10K-CAM-1-Aquatic-15-SeaHorse-1016.jpg,GT/COD10K-CAM-1-Aquatic-15-SeaHorse-1016.png,Edge/COD10K-CAM-1-Aquatic-15-SeaHorse-1016.png
Imgs/COD10K-CAM-1-Aquatic-15-SeaHorse-1017.jpg,GT/COD10K-CAM-1-Aquatic-15-SeaHorse-1017.png,Edge/COD10K-CAM-1-Aquatic-15-SeaHorse-1017.png
Imgs/COD10K-CAM-1-Aquatic-15-SeaHorse-1018.jpg,GT/COD10K-CAM-1-Aquatic-15-SeaHorse-1018.png,Edge/COD10K-CAM-1-Aquatic-15-SeaHorse-1018.png
Imgs/COD10K-CAM-1-Aquatic-15-SeaHorse-1019.jpg,GT/COD10K-CAM-1-Aquatic-15-SeaHorse-1019.png,Edge/COD10K-CAM-1-Aquatic-15-SeaHorse-1019.png
Imgs/COD10K-CAM-1-Aquatic-15-SeaHorse-1020.jpg,GT/COD10K-CAM-1-Aquatic-15-SeaHorse-1020.png,Edge/COD10K-CAM-1-Aquatic-15-SeaHorse-1020.png
Imgs/COD10K-CAM-1-Aquatic-15-SeaHorse-1021.jpg,GT/COD10K-CAM-1-Aquatic-15-SeaHorse-1021.png,Edge/COD10K-CAM-1-Aquatic-15-SeaHorse-1021.png
Imgs/COD10K-CAM-1-Aquatic-15-SeaHorse-1024.jpg,GT/COD10K-CAM-1-Aquatic-15-SeaHorse-1024.png,Edge/COD10K-CAM-1-Aquatic-15-SeaHorse-1024.png
Imgs/COD10K-CAM-1-Aquatic-15-SeaHorse-1025.jpg,GT/COD10K-CAM-1-Aquatic-15-SeaHorse-1025.png,Edge/COD10K-CAM-1-Aquatic-15-SeaHorse-1025.png
Imgs/COD10K-CAM-1-Aquatic-15-SeaHorse-1026.jpg,GT/COD10K-CAM-1-Aquatic-15-SeaHorse-1026.png,Edge/COD10K-CAM-1-Aquatic-15-SeaHorse-1026.png
Imgs/COD10K-CAM-1-Aquatic-15-SeaHorse-1027.jpg,GT/COD10K-CAM-1-Aquatic-15-SeaHorse-1027.png,Edge/COD10K-CAM-1-Aquatic-15-SeaHorse-1027.png
Imgs/COD10K-CAM-1-Aquatic-15-SeaHorse-1028.jpg,GT/COD10K-CAM-1-Aquatic-15-SeaHorse-1028.png,Edge/COD10K-CAM-1-Aquatic-15-SeaHorse-1028.png
Imgs/COD10K-CAM-1-Aquatic-15-SeaHorse-1029.jpg,GT/COD10K-CAM-1-Aquatic-15-SeaHorse-1029.png,Edge/COD10K-CAM-1-Aquatic-15-SeaHorse-1029.png
Imgs/COD10K-CAM-1-Aquatic-15-SeaHorse-1030.jpg,GT/COD10K-CAM-1-Aquatic-15-SeaHorse-1030.png,Edge/COD10K-CAM-1-Aquatic-15-SeaHorse-1030.png
Imgs/COD10K-CAM-1-Aquatic-15-SeaHorse-1031.jpg,GT/COD10K-CAM-1-Aquatic-15-SeaHorse-1031.png,Edge/COD10K-CAM-1-Aquatic-15-SeaHorse-1031.png
Imgs/COD10K-CAM-1-Aquatic-15-SeaHorse-1033.jpg,GT/COD10K-CAM-1-Aquatic-15-SeaHorse-1033.png,Edge/COD10K-CAM-1-Aquatic-15-SeaHorse-1033.png
Imgs/COD10K-CAM-1-Aquatic-15-SeaHorse-1034.jpg,GT/COD10K-CAM-1-Aquatic-15-SeaHorse-1034.png,Edge/COD10K-CAM-1-Aquatic-15-SeaHorse-1034.png
Imgs/COD10K-CAM-1-Aquatic-15-SeaHorse-1036.jpg,GT/COD10K-CAM-1-Aquatic-15-SeaHorse-1036.png,Edge/COD10K-CAM-1-Aquatic-15-SeaHorse-1036.png
Imgs/COD10K-CAM-1-Aquatic-15-SeaHorse-1037.jpg,GT/COD10K-CAM-1-Aquatic-15-SeaHorse-1037.png,Edge/COD10K-CAM-1-Aquatic-15-SeaHorse-1037.png
Imgs/COD10K-CAM-1-Aquatic-15-SeaHorse-1038.jpg,GT/COD10K-CAM-1-Aquatic-15-SeaHorse-1038.png,Edge/COD10K-CAM-1-Aquatic-15-SeaHorse-1038.png
Imgs/COD10K-CAM-1-Aquatic-15-SeaHorse-1039.jpg,GT/COD10K-CAM-1-Aquatic-15-SeaHorse-1039.png,Edge/COD10K-CAM-1-Aquatic-15-SeaHorse-1039.png
Imgs/COD10K-CAM-1-Aquatic-15-SeaHorse-1040.jpg,GT/COD10K-CAM-1-Aquatic-15-SeaHorse-1040.png,Edge/COD10K-CAM-1-Aquatic-15-SeaHorse-1040.png
Imgs/COD10K-CAM-1-Aquatic-15-SeaHorse-1041.jpg,GT/COD10K-CAM-1-Aquatic-15-SeaHorse-1041.png,Edge/COD10K-CAM-1-Aquatic-15-SeaHorse-1041.png
Imgs/COD10K-CAM-1-Aquatic-15-SeaHorse-1042.jpg,GT/COD10K-CAM-1-Aquatic-15-SeaHorse-1042.png,Edge/COD10K-CAM-1-Aquatic-15-SeaHorse-1042.png
Imgs/COD10K-CAM-1-Aquatic-15-SeaHorse-1045.jpg,GT/COD10K-CAM-1-Aquatic-15-SeaHorse-1045.png,Edge/COD10K-CAM-1-Aquatic-15-SeaHorse-1045.png
Imgs/COD10K-CAM-1-Aquatic-15-SeaHorse-1046.jpg,GT/COD10K-CAM-1-Aquatic-15-SeaHorse-1046.png,Edge/COD10K-CAM-1-Aquatic-15-SeaHorse-1046.png
Imgs/COD10K-CAM-1-Aquatic-15-SeaHorse-1049.jpg,GT/COD10K-CAM-1-Aquatic-15-SeaHorse-1049.png,Edge/COD10K-CAM-1-Aquatic-15-SeaHorse-1049.png
Imgs/COD10K-CAM-1-Aquatic-15-SeaHorse-1050.jpg,GT/COD10K-CAM-1-Aquatic-15-SeaHorse-1050.png,Edge/COD10K-CAM-1-Aquatic-15-SeaHorse-1050.png
Imgs/COD10K-CAM-1-Aquatic-15-SeaHorse-1051.jpg,GT/COD10K-CAM-1-Aquatic-15-SeaHorse-1051.png,Edge/COD10K-CAM-1-Aquatic-15-SeaHorse-1051.png
Imgs/COD10K-CAM-1-Aquatic-15-SeaHorse-1053.jpg,GT/COD10K-CAM-1-Aquatic-15-SeaHorse-1053.png,Edge/COD10K-CAM-1-Aquatic-15-SeaHorse-1053.png
Imgs/COD10K-CAM-1-Aquatic-15-SeaHorse-1054.jpg,GT/COD10K-CAM-1-Aquatic-15-SeaHorse-1054.png,Edge/COD10K-CAM-1-Aquatic-15-SeaHorse-1054.png
Imgs/COD10K-CAM-1-Aquatic-15-SeaHorse-1055.jpg,GT/COD10K-CAM-1-Aquatic-15-SeaHorse-1055.png,Edge/COD10K-CAM-1-Aquatic-15-SeaHorse-1055.png
Imgs/COD10K-CAM-1-Aquatic-15-SeaHorse-1056.jpg,GT/COD10K-CAM-1-Aquatic-15-SeaHorse-1056.png,Edge/COD10K-CAM-1-Aquatic-15-SeaHorse-1056.png
Imgs/COD10K-CAM-1-Aquatic-15-SeaHorse-1058.jpg,GT/COD10K-CAM-1-Aquatic-15-SeaHorse-1058.png,Edge/COD10K-CAM-1-Aquatic-15-SeaHorse-1058.png
Imgs/COD10K-CAM-1-Aquatic-15-SeaHorse-1059.jpg,GT/COD10K-CAM-1-Aquatic-15-SeaHorse-1059.png,Edge/COD10K-CAM-1-Aquatic-15-SeaHorse-1059.png
Imgs/COD10K-CAM-1-Aquatic-15-SeaHorse-1060.jpg,GT/COD10K-CAM-1-Aquatic-15-SeaHorse-1060.png,Edge/COD10K-CAM-1-Aquatic-15-SeaHorse-1060.png
Imgs/COD10K-CAM-1-Aquatic-15-SeaHorse-1061.jpg,GT/COD10K-CAM-1-Aquatic-15-SeaHorse-1061.png,Edge/COD10K-CAM-1-Aquatic-15-SeaHorse-1061.png
Imgs/COD10K-CAM-1-Aquatic-15-SeaHorse-1062.jpg,GT/COD10K-CAM-1-Aquatic-15-SeaHorse-1062.png,Edge/COD10K-CAM-1-Aquatic-15-SeaHorse-1062.png
Imgs/COD10K-CAM-1-Aquatic-15-SeaHorse-1064.jpg,GT/COD10K-CAM-1-Aquatic-15-SeaHorse-1064.png,Edge/COD10K-CAM-1-Aquatic-15-SeaHorse-1064.png
Imgs/COD10K-CAM-1-Aquatic-15-SeaHorse-1065.jpg,GT/COD10K-CAM-1-Aquatic-15-SeaHorse-1065.png,Edge/COD10K-CAM-1-Aquatic-15-SeaHorse-1065.png
Imgs/COD10K-CAM-1-Aquatic-15-SeaHorse-1068.jpg,GT/COD10K-CAM-1-Aquatic-15-SeaHorse-1068.png,Edge/COD10K-CAM-1-Aquatic-15-SeaHorse-1068.png
Imgs/COD10K-CAM-1-Aquatic-15-SeaHorse-1072.jpg,GT/COD10K-CAM-1-Aquatic-15-SeaHorse-1072.png,Edge/COD10K-CAM-1-Aquatic-15-SeaHorse-1072.png
Imgs/COD10K-CAM-1-Aquatic-15-SeaHorse-1073.jpg,GT/COD10K-CAM-1-Aquatic-15-SeaHorse-1073.png,Edge/COD10K-CAM-1-Aquatic-15-SeaHorse-1073.png
Imgs/COD10K-CAM-1-Aquatic-15-SeaHorse-1075.jpg,GT/COD10K-CAM-1-Aquatic-15-SeaHorse-1075.png,Edge/COD10K-CAM-1-Aquatic-15-SeaHorse-1075.png
Imgs/COD10K-CAM-1-Aquatic-15-SeaHorse-1077.jpg,GT/COD10K-CAM-1-Aquatic-15-SeaHorse-1077.png,Edge/COD10K-CAM-1-Aquatic-15-SeaHorse-1077.png
Imgs/COD10K-CAM-1-Aquatic-15-SeaHorse-1079.jpg,GT/COD10K-CAM-1-Aquatic-15-SeaHorse-1079.png,Edge/COD10K-CAM-1-Aquatic-15-SeaHorse-1079.png
Imgs/COD10K-CAM-1-Aquatic-15-SeaHorse-1080.jpg,GT/COD10K-CAM-1-Aquatic-15-SeaHorse-1080.png,Edge/COD10K-CAM-1-Aquatic-15-SeaHorse-1080.png
Imgs/COD10K-CAM-1-Aquatic-15-SeaHorse-1081.jpg,GT/COD10K-CAM-1-Aquatic-15-SeaHorse-1081.png,Edge/COD10K-CAM-1-Aquatic-15-SeaHorse-1081.png
Imgs/COD10K-CAM-1-Aquatic-15-SeaHorse-1082.jpg,GT/COD10K-CAM-1-Aquatic-15-SeaHorse-1082.png,Edge/COD10K-CAM-1-Aquatic-15-SeaHorse-1082.png
Imgs/COD10K-CAM-1-Aquatic-15-SeaHorse-1084.jpg,GT/COD10K-CAM-1-Aquatic-15-SeaHorse-1084.png,Edge/COD10K-CAM-1-Aquatic-15-SeaHorse-1084.png
Imgs/COD10K-CAM-1-Aquatic-15-SeaHorse-1087.jpg,GT/COD10K-CAM-1-Aquatic-15-SeaHorse-1087.png,Edge/COD10K-CAM-1-Aquatic-15-SeaHorse-1087.png
Imgs/COD10K-CAM-1-Aquatic-15-SeaHorse-1089.jpg,GT/COD10K-CAM-1-Aquatic-15-SeaHorse-1089.png,Edge/COD10K-CAM-1-Aquatic-15-SeaHorse-1089.png
Imgs/COD10K-CAM-1-Aquatic-15-SeaHorse-1090.jpg,GT/COD10K-CAM-1-Aquatic-15-SeaHorse-1090.png,Edge/COD10K-CAM-1-Aquatic-15-SeaHorse-1090.png
Imgs/COD10K-CAM-1-Aquatic-15-SeaHorse-1091.jpg,GT/COD10K-CAM-1-Aquatic-15-SeaHorse-1091.png,Edge/COD10K-CAM-1-Aquatic-15-SeaHorse-1091.png
Imgs/COD10K-CAM-1-Aquatic-15-SeaHorse-1093.jpg,GT/COD10K-CAM-1-Aquatic-15-SeaHorse-1093.png,Edge/COD10K-CAM-1-Aquatic-15-SeaHorse-1093.png
Imgs/COD10K-CAM-1-Aquatic-15-SeaHorse-1094.jpg,GT/COD10K-CAM-1-Aquatic-15-SeaHorse-1094.png,Edge/COD10K-CAM-1-Aquatic-15-SeaHorse-1094.png
Imgs/COD10K-CAM-1-Aquatic-15-SeaHorse-1095.jpg,GT/COD10K-CAM-1-Aquatic-15-SeaHorse-1095.png,Edge/COD10K-CAM-1-Aquatic-15-SeaHorse-1095.png
Imgs/COD10K-CAM-1-Aquatic-15-SeaHorse-1097.jpg,GT/COD10K-CAM-1-Aquatic-15-SeaHorse-1097.png,Edge/COD10K-CAM-1-Aquatic-15-SeaHorse-1097.png
Imgs/COD10K-CAM-1-Aquatic-15-SeaHorse-1098.jpg,GT/COD10K-CAM-1-Aquatic-15-SeaHorse-1098.png,Edge/COD10K-CAM-1-Aquatic-15-SeaHorse-1098.png
Imgs/COD10K-CAM-1-Aquatic-15-SeaHorse-1100.jpg,GT/COD10K-CAM-1-Aquatic-15-SeaHorse-1100.png,Edge/COD10K-CAM-1-Aquatic-15-SeaHorse-1100.png
Imgs/COD10K-CAM-1-Aquatic-15-SeaHorse-1101.jpg,GT/COD10K-CAM-1-Aquatic-15-SeaHorse-1101.png,Edge/COD10K-CAM-1-Aquatic-15-SeaHorse-1101.png
Imgs/COD10K-CAM-1-Aquatic-15-SeaHorse-1102.jpg,GT/COD10K-CAM-1-Aquatic-15-SeaHorse-1102.png,Edge/COD10K-CAM-1-Aquatic-15-SeaHorse-1102.png
Imgs/COD10K-CAM-1-Aquatic-15-SeaHorse-1103.jpg,GT/COD10K-CAM-1-Aquatic-15-SeaHorse-1103.png,Edge/COD10K-CAM-1-Aquatic-15-SeaHorse-1103.png
Imgs/COD10K-CAM-1-Aquatic-15-SeaHorse-1104.jpg,GT/COD10K-CAM-1-Aquatic-15-SeaHorse-1104.png,Edge/COD10K-CAM-1-Aquatic-15-SeaHorse-1104.png
Imgs/COD10K-CAM-1-Aquatic-15-SeaHorse-1106.jpg,GT/COD10K-CAM-1-Aquatic-15-SeaHorse-1106.png,Edge/COD10K-CAM-1-Aquatic-15-SeaHorse-1106.png
Imgs/COD10K-CAM-1-Aquatic-15-SeaHorse-1107.jpg,GT/COD10K-CAM-1-Aquatic-15-SeaHorse-1107.png,Edge/COD10K-CAM-1-Aquatic-15-SeaHorse-1107.png
Imgs/COD10K-CAM-1-Aquatic-15-SeaHorse-1108.jpg,GT/COD10K-CAM-1-Aquatic-15-SeaHorse-1108.png,Edge/COD10K-CAM-1-Aquatic-15-SeaHorse-1108.png
Imgs/COD10K-CAM-1-Aquatic-15-SeaHorse-1111.jpg,GT/COD10K-CAM-1-Aquatic-15-SeaHorse-1111.png,Edge/COD10K-CAM-1-Aquatic-15-SeaHorse-1111.png
Imgs/COD10K-CAM-1-Aquatic-15-SeaHorse-1112.jpg,GT/COD10K-CAM-1-Aquatic-15-SeaHorse-1112.png,Edge/COD10K-CAM-1-Aquatic-15-SeaHorse-1112.png
Imgs/COD10K-CAM-1-Aquatic-15-SeaHorse-959.jpg,GT/COD10K-CAM-1-Aquatic-15-SeaHorse-959.png,Edge/COD10K-CAM-1-Aquatic-15-SeaHorse-959.png
Imgs/COD10K-CAM-1-Aquatic-15-SeaHorse-960.jpg,GT/COD10K-CAM-1-Aquatic-15-SeaHorse-960.png,Edge/COD10K-CAM-1-Aquatic-15-SeaHorse-960.png
Imgs/COD10K-CAM-1-Aquatic-15-SeaHorse-961.jpg,GT/COD10K-CAM-1-Aquatic-15-SeaHorse-961.png,Edge/COD10K-CAM-1-Aquatic-15-SeaHorse-961.png
Imgs/COD10K-CAM-1-Aquatic-15-SeaHorse-964.jpg,GT/COD10K-CAM-1-Aquatic-15-SeaHorse-964.png,Edge/COD10K-CAM-1-Aquatic-15-SeaHorse-964.png
Imgs/COD10K-CAM-1-Aquatic-15-SeaHorse-965.jpg,GT/COD10K-CAM-1-Aquatic-15-SeaHorse-965.png,Edge/COD10K-CAM-1-Aquatic-15-SeaHorse-965.png
Imgs/COD10K-CAM-1-Aquatic-15-SeaHorse-967.jpg,GT/COD10K-CAM-1-Aquatic-15-SeaHorse-967.png,Edge/COD10K-CAM-1-Aquatic-15-SeaHorse-967.png
Imgs/COD10K-CAM-1-Aquatic-15-SeaHorse-968.jpg,GT/COD10K-CAM-1-Aquatic-15-SeaHorse-968.png,Edge/COD10K-CAM-1-Aquatic-15-SeaHorse-968.png
Imgs/COD10K-CAM-1-Aquatic-15-SeaHorse-969.jpg,GT/COD10K-CAM-1-Aquatic-15-SeaHorse-969.png,Edge/COD10K-CAM-1-Aquatic-15-SeaHorse-969.png
Imgs/COD10K-CAM-1-Aquatic-15-SeaHorse-970.jpg,GT/COD10K-CAM-1-Aquatic-15-SeaHorse-970.png,Edge/COD10K-CAM-1-Aquatic-15-SeaHorse-970.png
Imgs/COD10K-CAM-1-Aquatic-15-SeaHorse-971.jpg,GT/COD10K-CAM-1-Aquatic-15-SeaHorse-971.png,Edge/COD10K-CAM-1-Aquatic-15-SeaHorse-971.png
Imgs/COD10K-CAM-1-Aquatic-15-SeaHorse-973.jpg,GT/COD10K-CAM-1-Aquatic-15-SeaHorse-973.png,Edge/COD10K-CAM-1-Aquatic-15-SeaHorse-973.png
Imgs/COD10K-CAM-1-Aquatic-15-SeaHorse-974.jpg,GT/COD10K-CAM-1-Aquatic-15-SeaHorse-974.png,Edge/COD10K-CAM-1-Aquatic-15-SeaHorse-974.png
Imgs/COD10K-CAM-1-Aquatic-15-SeaHorse-975.jpg,GT/COD10K-CAM-1-Aquatic-15-SeaHorse-975.png,Edge/COD10K-CAM-1-Aquatic-15-SeaHorse-975.png
Imgs/COD10K-CAM-1-Aquatic-15-SeaHorse-976.jpg,GT/COD10K-CAM-1-Aquatic-15-SeaHorse-976.png,Edge/COD10K-CAM-1-Aquatic-15-SeaHorse-976.png
Imgs/COD10K-CAM-1-Aquatic-15-SeaHorse-979.jpg,GT/COD10K-CAM-1-Aquatic-15-SeaHorse-979.png,Edge/COD10K-CAM-1-Aquatic-15-SeaHorse-979.png
Imgs/COD10K-CAM-1-Aquatic-15-SeaHorse-982.jpg,GT/COD10K-CAM-1-Aquatic-15-SeaHorse-982.png,Edge/COD10K-CAM-1-Aquatic-15-SeaHorse-982.png
Imgs/COD10K-CAM-1-Aquatic-15-SeaHorse-985.jpg,GT/COD10K-CAM-1-Aquatic-15-SeaHorse-985.png,Edge/COD10K-CAM-1-Aquatic-15-SeaHorse-985.png
Imgs/COD10K-CAM-1-Aquatic-15-SeaHorse-987.jpg,GT/COD10K-CAM-1-Aquatic-15-SeaHorse-987.png,Edge/COD10K-CAM-1-Aquatic-15-SeaHorse-987.png
Imgs/COD10K-CAM-1-Aquatic-15-SeaHorse-988.jpg,GT/COD10K-CAM-1-Aquatic-15-SeaHorse-988.png,Edge/COD10K-CAM-1-Aquatic-15-SeaHorse-988.png
Imgs/COD10K-CAM-1-Aquatic-15-SeaHorse-991.jpg,GT/COD10K-CAM-1-Aquatic-15-SeaHorse-991.png,Edge/COD10K-CAM-1-Aquatic-15-SeaHorse-991.png
Imgs/COD10K-CAM-1-Aquatic-15-SeaHorse-993.jpg,GT/COD10K-CAM-1-Aquatic-15-SeaHorse-993.png,Edge/COD10K-CAM-1-Aquatic-15-SeaHorse-993.png
Imgs/COD10K-CAM-1-Aquatic-15-SeaHorse-994.jpg,GT/COD10K-CAM-1-Aquatic-15-SeaHorse-994.png,Edge/COD10K-CAM-1-Aquatic-15-SeaHorse-994.png
Imgs/COD10K-CAM-1-Aquatic-15-SeaHorse-995.jpg,GT/COD10K-CAM-1-Aquatic-15-SeaHorse-995.png,Edge/COD10K-CAM-1-Aquatic-15-SeaHorse-995.png
Imgs/COD10K-CAM-1-Aquatic-15-SeaHorse-998.jpg,GT/COD10K-CAM-1-Aquatic-15-SeaHorse-998.png,Edge/COD10K-CAM-1-Aquatic-15-SeaHorse-998.png
Imgs/COD10K-CAM-1-Aquatic-16-Shrimp-1113.jpg,GT/COD10K-CAM-1-Aquatic-16-Shrimp-1113.png,Edge/COD10K-CAM-1-Aquatic-16-Shrimp-1113.png
Imgs/COD10K-CAM-1-Aquatic-16-Shrimp-1114.jpg,GT/COD10K-CAM-1-Aquatic-16-Shrimp-1114.png,Edge/COD10K-CAM-1-Aquatic-16-Shrimp-1114.png
Imgs/COD10K-CAM-1-Aquatic-16-Shrimp-1118.jpg,GT/COD10K-CAM-1-Aquatic-16-Shrimp-1118.png,Edge/COD10K-CAM-1-Aquatic-16-Shrimp-1118.png
Imgs/COD10K-CAM-1-Aquatic-16-Shrimp-1122.jpg,GT/COD10K-CAM-1-Aquatic-16-Shrimp-1122.png,Edge/COD10K-CAM-1-Aquatic-16-Shrimp-1122.png
Imgs/COD10K-CAM-1-Aquatic-16-Shrimp-1124.jpg,GT/COD10K-CAM-1-Aquatic-16-Shrimp-1124.png,Edge/COD10K-CAM-1-Aquatic-16-Shrimp-1124.png
Imgs/COD10K-CAM-1-Aquatic-16-Shrimp-1125.jpg,GT/COD10K-CAM-1-Aquatic-16-Shrimp-1125.png,Edge/COD10K-CAM-1-Aquatic-16-Shrimp-1125.png
Imgs/COD10K-CAM-1-Aquatic-16-Shrimp-1126.jpg,GT/COD10K-CAM-1-Aquatic-16-Shrimp-1126.png,Edge/COD10K-CAM-1-Aquatic-16-Shrimp-1126.png
Imgs/COD10K-CAM-1-Aquatic-16-Shrimp-1127.jpg,GT/COD10K-CAM-1-Aquatic-16-Shrimp-1127.png,Edge/COD10K-CAM-1-Aquatic-16-Shrimp-1127.png
Imgs/COD10K-CAM-1-Aquatic-16-Shrimp-1129.jpg,GT/COD10K-CAM-1-Aquatic-16-Shrimp-1129.png,Edge/COD10K-CAM-1-Aquatic-16-Shrimp-1129.png
Imgs/COD10K-CAM-1-Aquatic-16-Shrimp-1131.jpg,GT/COD10K-CAM-1-Aquatic-16-Shrimp-1131.png,Edge/COD10K-CAM-1-Aquatic-16-Shrimp-1131.png
Imgs/COD10K-CAM-1-Aquatic-16-Shrimp-1132.jpg,GT/COD10K-CAM-1-Aquatic-16-Shrimp-1132.png,Edge/COD10K-CAM-1-Aquatic-16-Shrimp-1132.png
Imgs/COD10K-CAM-1-Aquatic-16-Shrimp-1133.jpg,GT/COD10K-CAM-1-Aquatic-16-Shrimp-1133.png,Edge/COD10K-CAM-1-Aquatic-16-Shrimp-1133.png
Imgs/COD10K-CAM-1-Aquatic-16-Shrimp-1134.jpg,GT/COD10K-CAM-1-Aquatic-16-Shrimp-1134.png,Edge/COD10K-CAM-1-Aquatic-16-Shrimp-1134.png
Imgs/COD10K-CAM-1-Aquatic-16-Shrimp-1135.jpg,GT/COD10K-CAM-1-Aquatic-16-Shrimp-1135.png,Edge/COD10K-CAM-1-Aquatic-16-Shrimp-1135.png
Imgs/COD10K-CAM-1-Aquatic-16-Shrimp-1136.jpg,GT/COD10K-CAM-1-Aquatic-16-Shrimp-1136.png,Edge/COD10K-CAM-1-Aquatic-16-Shrimp-1136.png
Imgs/COD10K-CAM-1-Aquatic-16-Shrimp-1137.jpg,GT/COD10K-CAM-1-Aquatic-16-Shrimp-1137.png,Edge/COD10K-CAM-1-Aquatic-16-Shrimp-1137.png
Imgs/COD10K-CAM-1-Aquatic-16-Shrimp-1138.jpg,GT/COD10K-CAM-1-Aquatic-16-Shrimp-1138.png,Edge/COD10K-CAM-1-Aquatic-16-Shrimp-1138.png
Imgs/COD10K-CAM-1-Aquatic-16-Shrimp-1139.jpg,GT/COD10K-CAM-1-Aquatic-16-Shrimp-1139.png,Edge/COD10K-CAM-1-Aquatic-16-Shrimp-1139.png
Imgs/COD10K-CAM-1-Aquatic-16-Shrimp-1141.jpg,GT/COD10K-CAM-1-Aquatic-16-Shrimp-1141.png,Edge/COD10K-CAM-1-Aquatic-16-Shrimp-1141.png
Imgs/COD10K-CAM-1-Aquatic-16-Shrimp-1143.jpg,GT/COD10K-CAM-1-Aquatic-16-Shrimp-1143.png,Edge/COD10K-CAM-1-Aquatic-16-Shrimp-1143.png
Imgs/COD10K-CAM-1-Aquatic-16-Shrimp-1144.jpg,GT/COD10K-CAM-1-Aquatic-16-Shrimp-1144.png,Edge/COD10K-CAM-1-Aquatic-16-Shrimp-1144.png
Imgs/COD10K-CAM-1-Aquatic-16-Shrimp-1146.jpg,GT/COD10K-CAM-1-Aquatic-16-Shrimp-1146.png,Edge/COD10K-CAM-1-Aquatic-16-Shrimp-1146.png
Imgs/COD10K-CAM-1-Aquatic-16-Shrimp-1147.jpg,GT/COD10K-CAM-1-Aquatic-16-Shrimp-1147.png,Edge/COD10K-CAM-1-Aquatic-16-Shrimp-1147.png
Imgs/COD10K-CAM-1-Aquatic-17-Slug-1148.jpg,GT/COD10K-CAM-1-Aquatic-17-Slug-1148.png,Edge/COD10K-CAM-1-Aquatic-17-Slug-1148.png
Imgs/COD10K-CAM-1-Aquatic-17-Slug-1150.jpg,GT/COD10K-CAM-1-Aquatic-17-Slug-1150.png,Edge/COD10K-CAM-1-Aquatic-17-Slug-1150.png
Imgs/COD10K-CAM-1-Aquatic-17-Slug-1152.jpg,GT/COD10K-CAM-1-Aquatic-17-Slug-1152.png,Edge/COD10K-CAM-1-Aquatic-17-Slug-1152.png
Imgs/COD10K-CAM-1-Aquatic-18-StarFish-1153.jpg,GT/COD10K-CAM-1-Aquatic-18-StarFish-1153.png,Edge/COD10K-CAM-1-Aquatic-18-StarFish-1153.png
Imgs/COD10K-CAM-1-Aquatic-18-StarFish-1154.jpg,GT/COD10K-CAM-1-Aquatic-18-StarFish-1154.png,Edge/COD10K-CAM-1-Aquatic-18-StarFish-1154.png
Imgs/COD10K-CAM-1-Aquatic-18-StarFish-1155.jpg,GT/COD10K-CAM-1-Aquatic-18-StarFish-1155.png,Edge/COD10K-CAM-1-Aquatic-18-StarFish-1155.png
Imgs/COD10K-CAM-1-Aquatic-18-StarFish-1156.jpg,GT/COD10K-CAM-1-Aquatic-18-StarFish-1156.png,Edge/COD10K-CAM-1-Aquatic-18-StarFish-1156.png
Imgs/COD10K-CAM-1-Aquatic-18-StarFish-1157.jpg,GT/COD10K-CAM-1-Aquatic-18-StarFish-1157.png,Edge/COD10K-CAM-1-Aquatic-18-StarFish-1157.png
Imgs/COD10K-CAM-1-Aquatic-18-StarFish-1158.jpg,GT/COD10K-CAM-1-Aquatic-18-StarFish-1158.png,Edge/COD10K-CAM-1-Aquatic-18-StarFish-1158.png
Imgs/COD10K-CAM-1-Aquatic-18-StarFish-1159.jpg,GT/COD10K-CAM-1-Aquatic-18-StarFish-1159.png,Edge/COD10K-CAM-1-Aquatic-18-StarFish-1159.png
Imgs/COD10K-CAM-1-Aquatic-18-StarFish-1160.jpg,GT/COD10K-CAM-1-Aquatic-18-StarFish-1160.png,Edge/COD10K-CAM-1-Aquatic-18-StarFish-1160.png
Imgs/COD10K-CAM-1-Aquatic-18-StarFish-1163.jpg,GT/COD10K-CAM-1-Aquatic-18-StarFish-1163.png,Edge/COD10K-CAM-1-Aquatic-18-StarFish-1163.png
Imgs/COD10K-CAM-1-Aquatic-18-StarFish-1165.jpg,GT/COD10K-CAM-1-Aquatic-18-StarFish-1165.png,Edge/COD10K-CAM-1-Aquatic-18-StarFish-1165.png
Imgs/COD10K-CAM-1-Aquatic-18-StarFish-1166.jpg,GT/COD10K-CAM-1-Aquatic-18-StarFish-1166.png,Edge/COD10K-CAM-1-Aquatic-18-StarFish-1166.png
Imgs/COD10K-CAM-1-Aquatic-18-StarFish-1167.jpg,GT/COD10K-CAM-1-Aquatic-18-StarFish-1167.png,Edge/COD10K-CAM-1-Aquatic-18-StarFish-1167.png
Imgs/COD10K-CAM-1-Aquatic-18-StarFish-1168.jpg,GT/COD10K-CAM-1-Aquatic-18-StarFish-1168.png,Edge/COD10K-CAM-1-Aquatic-18-StarFish-1168.png
Imgs/COD10K-CAM-1-Aquatic-18-StarFish-1169.jpg,GT/COD10K-CAM-1-Aquatic-18-StarFish-1169.png,Edge/COD10K-CAM-1-Aquatic-18-StarFish-1169.png
Imgs/COD10K-CAM-1-Aquatic-18-StarFish-1170.jpg,GT/COD10K-CAM-1-Aquatic-18-StarFish-1170.png,Edge/COD10K-CAM-1-Aquatic-18-StarFish-1170.png
Imgs/COD10K-CAM-1-Aquatic-18-StarFish-1172.jpg,GT/COD10K-CAM-1-Aquatic-18-StarFish-1172.png,Edge/COD10K-CAM-1-Aquatic-18-StarFish-1172.png
Imgs/COD10K-CAM-1-Aquatic-18-StarFish-1174.jpg,GT/COD10K-CAM-1-Aquatic-18-StarFish-1174.png,Edge/COD10K-CAM-1-Aquatic-18-StarFish-1174.png
Imgs/COD10K-CAM-1-Aquatic-18-StarFish-1175.jpg,GT/COD10K-CAM-1-Aquatic-18-StarFish-1175.png,Edge/COD10K-CAM-1-Aquatic-18-StarFish-1175.png
Imgs/COD10K-CAM-1-Aquatic-18-StarFish-1176.jpg,GT/COD10K-CAM-1-Aquatic-18-StarFish-1176.png,Edge/COD10K-CAM-1-Aquatic-18-StarFish-1176.png
Imgs/COD10K-CAM-1-Aquatic-18-StarFish-1179.jpg,GT/COD10K-CAM-1-Aquatic-18-StarFish-1179.png,Edge/COD10K-CAM-1-Aquatic-18-StarFish-1179.png
Imgs/COD10K-CAM-1-Aquatic-18-StarFish-1180.jpg,GT/COD10K-CAM-1-Aquatic-18-StarFish-1180.png,Edge/COD10K-CAM-1-Aquatic-18-StarFish-1180.png
Imgs/COD10K-CAM-1-Aquatic-18-StarFish-1182.jpg,GT/COD10K-CAM-1-Aquatic-18-StarFish-1182.png,Edge/COD10K-CAM-1-Aquatic-18-StarFish-1182.png
Imgs/COD10K-CAM-1-Aquatic-18-StarFish-1184.jpg,GT/COD10K-CAM-1-Aquatic-18-StarFish-1184.png,Edge/COD10K-CAM-1-Aquatic-18-StarFish-1184.png
Imgs/COD10K-CAM-1-Aquatic-19-Stingaree-1185.jpg,GT/COD10K-CAM-1-Aquatic-19-Stingaree-1185.png,Edge/COD10K-CAM-1-Aquatic-19-Stingaree-1185.png
Imgs/COD10K-CAM-1-Aquatic-19-Stingaree-1187.jpg,GT/COD10K-CAM-1-Aquatic-19-Stingaree-1187.png,Edge/COD10K-CAM-1-Aquatic-19-Stingaree-1187.png
Imgs/COD10K-CAM-1-Aquatic-19-Stingaree-1188.jpg,GT/COD10K-CAM-1-Aquatic-19-Stingaree-1188.png,Edge/COD10K-CAM-1-Aquatic-19-Stingaree-1188.png
Imgs/COD10K-CAM-1-Aquatic-19-Stingaree-1189.jpg,GT/COD10K-CAM-1-Aquatic-19-Stingaree-1189.png,Edge/COD10K-CAM-1-Aquatic-19-Stingaree-1189.png
Imgs/COD10K-CAM-1-Aquatic-19-Stingaree-1193.jpg,GT/COD10K-CAM-1-Aquatic-19-Stingaree-1193.png,Edge/COD10K-CAM-1-Aquatic-19-Stingaree-1193.png
Imgs/COD10K-CAM-1-Aquatic-19-Stingaree-1194.jpg,GT/COD10K-CAM-1-Aquatic-19-Stingaree-1194.png,Edge/COD10K-CAM-1-Aquatic-19-Stingaree-1194.png
Imgs/COD10K-CAM-1-Aquatic-19-Stingaree-1195.jpg,GT/COD10K-CAM-1-Aquatic-19-Stingaree-1195.png,Edge/COD10K-CAM-1-Aquatic-19-Stingaree-1195.png
Imgs/COD10K-CAM-1-Aquatic-19-Stingaree-1196.jpg,GT/COD10K-CAM-1-Aquatic-19-Stingaree-1196.png,Edge/COD10K-CAM-1-Aquatic-19-Stingaree-1196.png
Imgs/COD10K-CAM-1-Aquatic-19-Stingaree-1199.jpg,GT/COD10K-CAM-1-Aquatic-19-Stingaree-1199.png,Edge/COD10K-CAM-1-Aquatic-19-Stingaree-1199.png
Imgs/COD10K-CAM-1-Aquatic-19-Stingaree-1200.jpg,GT/COD10K-CAM-1-Aquatic-19-Stingaree-1200.png,Edge/COD10K-CAM-1-Aquatic-19-Stingaree-1200.png
Imgs/COD10K-CAM-1-Aquatic-19-Stingaree-1201.jpg,GT/COD10K-CAM-1-Aquatic-19-Stingaree-1201.png,Edge/COD10K-CAM-1-Aquatic-19-Stingaree-1201.png
Imgs/COD10K-CAM-1-Aquatic-19-Stingaree-1202.jpg,GT/COD10K-CAM-1-Aquatic-19-Stingaree-1202.png,Edge/COD10K-CAM-1-Aquatic-19-Stingaree-1202.png
Imgs/COD10K-CAM-1-Aquatic-19-Stingaree-1205.jpg,GT/COD10K-CAM-1-Aquatic-19-Stingaree-1205.png,Edge/COD10K-CAM-1-Aquatic-19-Stingaree-1205.png
Imgs/COD10K-CAM-1-Aquatic-19-Stingaree-1206.jpg,GT/COD10K-CAM-1-Aquatic-19-Stingaree-1206.png,Edge/COD10K-CAM-1-Aquatic-19-Stingaree-1206.png
Imgs/COD10K-CAM-1-Aquatic-2-ClownFish-12.jpg,GT/COD10K-CAM-1-Aquatic-2-ClownFish-12.png,Edge/COD10K-CAM-1-Aquatic-2-ClownFish-12.png
Imgs/COD10K-CAM-1-Aquatic-2-ClownFish-14.jpg,GT/COD10K-CAM-1-Aquatic-2-ClownFish-14.png,Edge/COD10K-CAM-1-Aquatic-2-ClownFish-14.png
Imgs/COD10K-CAM-1-Aquatic-2-ClownFish-16.jpg,GT/COD10K-CAM-1-Aquatic-2-ClownFish-16.png,Edge/COD10K-CAM-1-Aquatic-2-ClownFish-16.png
Imgs/COD10K-CAM-1-Aquatic-2-ClownFish-17.jpg,GT/COD10K-CAM-1-Aquatic-2-ClownFish-17.png,Edge/COD10K-CAM-1-Aquatic-2-ClownFish-17.png
Imgs/COD10K-CAM-1-Aquatic-20-Turtle-1208.jpg,GT/COD10K-CAM-1-Aquatic-20-Turtle-1208.png,Edge/COD10K-CAM-1-Aquatic-20-Turtle-1208.png
Imgs/COD10K-CAM-1-Aquatic-20-Turtle-1209.jpg,GT/COD10K-CAM-1-Aquatic-20-Turtle-1209.png,Edge/COD10K-CAM-1-Aquatic-20-Turtle-1209.png
Imgs/COD10K-CAM-1-Aquatic-20-Turtle-1210.jpg,GT/COD10K-CAM-1-Aquatic-20-Turtle-1210.png,Edge/COD10K-CAM-1-Aquatic-20-Turtle-1210.png
Imgs/COD10K-CAM-1-Aquatic-20-Turtle-1211.jpg,GT/COD10K-CAM-1-Aquatic-20-Turtle-1211.png,Edge/COD10K-CAM-1-Aquatic-20-Turtle-1211.png
Imgs/COD10K-CAM-1-Aquatic-20-Turtle-1212.jpg,GT/COD10K-CAM-1-Aquatic-20-Turtle-1212.png,Edge/COD10K-CAM-1-Aquatic-20-Turtle-1212.png
Imgs/COD10K-CAM-1-Aquatic-20-Turtle-1213.jpg,GT/COD10K-CAM-1-Aquatic-20-Turtle-1213.png,Edge/COD10K-CAM-1-Aquatic-20-Turtle-1213.png
Imgs/COD10K-CAM-1-Aquatic-20-Turtle-1214.jpg,GT/COD10K-CAM-1-Aquatic-20-Turtle-1214.png,Edge/COD10K-CAM-1-Aquatic-20-Turtle-1214.png
Imgs/COD10K-CAM-1-Aquatic-20-Turtle-1215.jpg,GT/COD10K-CAM-1-Aquatic-20-Turtle-1215.png,Edge/COD10K-CAM-1-Aquatic-20-Turtle-1215.png
Imgs/COD10K-CAM-1-Aquatic-20-Turtle-1216.jpg,GT/COD10K-CAM-1-Aquatic-20-Turtle-1216.png,Edge/COD10K-CAM-1-Aquatic-20-Turtle-1216.png
Imgs/COD10K-CAM-1-Aquatic-20-Turtle-1217.jpg,GT/COD10K-CAM-1-Aquatic-20-Turtle-1217.png,Edge/COD10K-CAM-1-Aquatic-20-Turtle-1217.png
Imgs/COD10K-CAM-1-Aquatic-20-Turtle-1218.jpg,GT/COD10K-CAM-1-Aquatic-20-Turtle-1218.png,Edge/COD10K-CAM-1-Aquatic-20-Turtle-1218.png
Imgs/COD10K-CAM-1-Aquatic-20-Turtle-1219.jpg,GT/COD10K-CAM-1-Aquatic-20-Turtle-1219.png,Edge/COD10K-CAM-1-Aquatic-20-Turtle-1219.png
Imgs/COD10K-CAM-1-Aquatic-20-Turtle-1220.jpg,GT/COD10K-CAM-1-Aquatic-20-Turtle-1220.png,Edge/COD10K-CAM-1-Aquatic-20-Turtle-1220.png
Imgs/COD10K-CAM-1-Aquatic-20-Turtle-1222.jpg,GT/COD10K-CAM-1-Aquatic-20-Turtle-1222.png,Edge/COD10K-CAM-1-Aquatic-20-Turtle-1222.png
Imgs/COD10K-CAM-1-Aquatic-20-Turtle-1223.jpg,GT/COD10K-CAM-1-Aquatic-20-Turtle-1223.png,Edge/COD10K-CAM-1-Aquatic-20-Turtle-1223.png
Imgs/COD10K-CAM-1-Aquatic-20-Turtle-1226.jpg,GT/COD10K-CAM-1-Aquatic-20-Turtle-1226.png,Edge/COD10K-CAM-1-Aquatic-20-Turtle-1226.png
Imgs/COD10K-CAM-1-Aquatic-20-Turtle-1227.jpg,GT/COD10K-CAM-1-Aquatic-20-Turtle-1227.png,Edge/COD10K-CAM-1-Aquatic-20-Turtle-1227.png
Imgs/COD10K-CAM-1-Aquatic-20-Turtle-1228.jpg,GT/COD10K-CAM-1-Aquatic-20-Turtle-1228.png,Edge/COD10K-CAM-1-Aquatic-20-Turtle-1228.png
Imgs/COD10K-CAM-1-Aquatic-20-Turtle-1229.jpg,GT/COD10K-CAM-1-Aquatic-20-Turtle-1229.png,Edge/COD10K-CAM-1-Aquatic-20-Turtle-1229.png
Imgs/COD10K-CAM-1-Aquatic-20-Turtle-1230.jpg,GT/COD10K-CAM-1-Aquatic-20-Turtle-1230.png,Edge/COD10K-CAM-1-Aquatic-20-Turtle-1230.png
Imgs/COD10K-CAM-1-Aquatic-20-Turtle-1232.jpg,GT/COD10K-CAM-1-Aquatic-20-Turtle-1232.png,Edge/COD10K-CAM-1-Aquatic-20-Turtle-1232.png
Imgs/COD10K-CAM-1-Aquatic-3-Crab-100.jpg,GT/COD10K-CAM-1-Aquatic-3-Crab-100.png,Edge/COD10K-CAM-1-Aquatic-3-Crab-100.png
Imgs/COD10K-CAM-1-Aquatic-3-Crab-19.jpg,GT/COD10K-CAM-1-Aquatic-3-Crab-19.png,Edge/COD10K-CAM-1-Aquatic-3-Crab-19.png
Imgs/COD10K-CAM-1-Aquatic-3-Crab-20.jpg,GT/COD10K-CAM-1-Aquatic-3-Crab-20.png,Edge/COD10K-CAM-1-Aquatic-3-Crab-20.png
Imgs/COD10K-CAM-1-Aquatic-3-Crab-21.jpg,GT/COD10K-CAM-1-Aquatic-3-Crab-21.png,Edge/COD10K-CAM-1-Aquatic-3-Crab-21.png
Imgs/COD10K-CAM-1-Aquatic-3-Crab-22.jpg,GT/COD10K-CAM-1-Aquatic-3-Crab-22.png,Edge/COD10K-CAM-1-Aquatic-3-Crab-22.png
Imgs/COD10K-CAM-1-Aquatic-3-Crab-25.jpg,GT/COD10K-CAM-1-Aquatic-3-Crab-25.png,Edge/COD10K-CAM-1-Aquatic-3-Crab-25.png
Imgs/COD10K-CAM-1-Aquatic-3-Crab-26.jpg,GT/COD10K-CAM-1-Aquatic-3-Crab-26.png,Edge/COD10K-CAM-1-Aquatic-3-Crab-26.png
Imgs/COD10K-CAM-1-Aquatic-3-Crab-27.jpg,GT/COD10K-CAM-1-Aquatic-3-Crab-27.png,Edge/COD10K-CAM-1-Aquatic-3-Crab-27.png
Imgs/COD10K-CAM-1-Aquatic-3-Crab-28.jpg,GT/COD10K-CAM-1-Aquatic-3-Crab-28.png,Edge/COD10K-CAM-1-Aquatic-3-Crab-28.png
Imgs/COD10K-CAM-1-Aquatic-3-Crab-29.jpg,GT/COD10K-CAM-1-Aquatic-3-Crab-29.png,Edge/COD10K-CAM-1-Aquatic-3-Crab-29.png
Imgs/COD10K-CAM-1-Aquatic-3-Crab-32.jpg,GT/COD10K-CAM-1-Aquatic-3-Crab-32.png,Edge/COD10K-CAM-1-Aquatic-3-Crab-32.png
Imgs/COD10K-CAM-1-Aquatic-3-Crab-36.jpg,GT/COD10K-CAM-1-Aquatic-3-Crab-36.png,Edge/COD10K-CAM-1-Aquatic-3-Crab-36.png
Imgs/COD10K-CAM-1-Aquatic-3-Crab-41.jpg,GT/COD10K-CAM-1-Aquatic-3-Crab-41.png,Edge/COD10K-CAM-1-Aquatic-3-Crab-41.png
Imgs/COD10K-CAM-1-Aquatic-3-Crab-42.jpg,GT/COD10K-CAM-1-Aquatic-3-Crab-42.png,Edge/COD10K-CAM-1-Aquatic-3-Crab-42.png
Imgs/COD10K-CAM-1-Aquatic-3-Crab-44.jpg,GT/COD10K-CAM-1-Aquatic-3-Crab-44.png,Edge/COD10K-CAM-1-Aquatic-3-Crab-44.png
Imgs/COD10K-CAM-1-Aquatic-3-Crab-47.jpg,GT/COD10K-CAM-1-Aquatic-3-Crab-47.png,Edge/COD10K-CAM-1-Aquatic-3-Crab-47.png
Imgs/COD10K-CAM-1-Aquatic-3-Crab-48.jpg,GT/COD10K-CAM-1-Aquatic-3-Crab-48.png,Edge/COD10K-CAM-1-Aquatic-3-Crab-48.png
Imgs/COD10K-CAM-1-Aquatic-3-Crab-49.jpg,GT/COD10K-CAM-1-Aquatic-3-Crab-49.png,Edge/COD10K-CAM-1-Aquatic-3-Crab-49.png
Imgs/COD10K-CAM-1-Aquatic-3-Crab-51.jpg,GT/COD10K-CAM-1-Aquatic-3-Crab-51.png,Edge/COD10K-CAM-1-Aquatic-3-Crab-51.png
Imgs/COD10K-CAM-1-Aquatic-3-Crab-52.jpg,GT/COD10K-CAM-1-Aquatic-3-Crab-52.png,Edge/COD10K-CAM-1-Aquatic-3-Crab-52.png
Imgs/COD10K-CAM-1-Aquatic-3-Crab-53.jpg,GT/COD10K-CAM-1-Aquatic-3-Crab-53.png,Edge/COD10K-CAM-1-Aquatic-3-Crab-53.png
Imgs/COD10K-CAM-1-Aquatic-3-Crab-55.jpg,GT/COD10K-CAM-1-Aquatic-3-Crab-55.png,Edge/COD10K-CAM-1-Aquatic-3-Crab-55.png
Imgs/COD10K-CAM-1-Aquatic-3-Crab-56.jpg,GT/COD10K-CAM-1-Aquatic-3-Crab-56.png,Edge/COD10K-CAM-1-Aquatic-3-Crab-56.png
Imgs/COD10K-CAM-1-Aquatic-3-Crab-57.jpg,GT/COD10K-CAM-1-Aquatic-3-Crab-57.png,Edge/COD10K-CAM-1-Aquatic-3-Crab-57.png
Imgs/COD10K-CAM-1-Aquatic-3-Crab-59.jpg,GT/COD10K-CAM-1-Aquatic-3-Crab-59.png,Edge/COD10K-CAM-1-Aquatic-3-Crab-59.png
Imgs/COD10K-CAM-1-Aquatic-3-Crab-60.jpg,GT/COD10K-CAM-1-Aquatic-3-Crab-60.png,Edge/COD10K-CAM-1-Aquatic-3-Crab-60.png
Imgs/COD10K-CAM-1-Aquatic-3-Crab-61.jpg,GT/COD10K-CAM-1-Aquatic-3-Crab-61.png,Edge/COD10K-CAM-1-Aquatic-3-Crab-61.png
Imgs/COD10K-CAM-1-Aquatic-3-Crab-63.jpg,GT/COD10K-CAM-1-Aquatic-3-Crab-63.png,Edge/COD10K-CAM-1-Aquatic-3-Crab-63.png
Imgs/COD10K-CAM-1-Aquatic-3-Crab-64.jpg,GT/COD10K-CAM-1-Aquatic-3-Crab-64.png,Edge/COD10K-CAM-1-Aquatic-3-Crab-64.png
Imgs/COD10K-CAM-1-Aquatic-3-Crab-66.jpg,GT/COD10K-CAM-1-Aquatic-3-Crab-66.png,Edge/COD10K-CAM-1-Aquatic-3-Crab-66.png
Imgs/COD10K-CAM-1-Aquatic-3-Crab-68.jpg,GT/COD10K-CAM-1-Aquatic-3-Crab-68.png,Edge/COD10K-CAM-1-Aquatic-3-Crab-68.png
Imgs/COD10K-CAM-1-Aquatic-3-Crab-69.jpg,GT/COD10K-CAM-1-Aquatic-3-Crab-69.png,Edge/COD10K-CAM-1-Aquatic-3-Crab-69.png
Imgs/COD10K-CAM-1-Aquatic-3-Crab-70.jpg,GT/COD10K-CAM-1-Aquatic-3-Crab-70.png,Edge/COD10K-CAM-1-Aquatic-3-Crab-70.png
Imgs/COD10K-CAM-1-Aquatic-3-Crab-72.jpg,GT/COD10K-CAM-1-Aquatic-3-Crab-72.png,Edge/COD10K-CAM-1-Aquatic-3-Crab-72.png
Imgs/COD10K-CAM-1-Aquatic-3-Crab-74.jpg,GT/COD10K-CAM-1-Aquatic-3-Crab-74.png,Edge/COD10K-CAM-1-Aquatic-3-Crab-74.png
Imgs/COD10K-CAM-1-Aquatic-3-Crab-75.jpg,GT/COD10K-CAM-1-Aquatic-3-Crab-75.png,Edge/COD10K-CAM-1-Aquatic-3-Crab-75.png
Imgs/COD10K-CAM-1-Aquatic-3-Crab-76.jpg,GT/COD10K-CAM-1-Aquatic-3-Crab-76.png,Edge/COD10K-CAM-1-Aquatic-3-Crab-76.png
Imgs/COD10K-CAM-1-Aquatic-3-Crab-77.jpg,GT/COD10K-CAM-1-Aquatic-3-Crab-77.png,Edge/COD10K-CAM-1-Aquatic-3-Crab-77.png
Imgs/COD10K-CAM-1-Aquatic-3-Crab-78.jpg,GT/COD10K-CAM-1-Aquatic-3-Crab-78.png,Edge/COD10K-CAM-1-Aquatic-3-Crab-78.png
Imgs/COD10K-CAM-1-Aquatic-3-Crab-79.jpg,GT/COD10K-CAM-1-Aquatic-3-Crab-79.png,Edge/COD10K-CAM-1-Aquatic-3-Crab-79.png
Imgs/COD10K-CAM-1-Aquatic-3-Crab-80.jpg,GT/COD10K-CAM-1-Aquatic-3-Crab-80.png,Edge/COD10K-CAM-1-Aquatic-3-Crab-80.png
Imgs/COD10K-CAM-1-Aquatic-3-Crab-81.jpg,GT/COD10K-CAM-1-Aquatic-3-Crab-81.png,Edge/COD10K-CAM-1-Aquatic-3-Crab-81.png
Imgs/COD10K-CAM-1-Aquatic-3-Crab-82.jpg,GT/COD10K-CAM-1-Aquatic-3-Crab-82.png,Edge/COD10K-CAM-1-Aquatic-3-Crab-82.png
Imgs/COD10K-CAM-1-Aquatic-3-Crab-83.jpg,GT/COD10K-CAM-1-Aquatic-3-Crab-83.png,Edge/COD10K-CAM-1-Aquatic-3-Crab-83.png
Imgs/COD10K-CAM-1-Aquatic-3-Crab-84.jpg,GT/COD10K-CAM-1-Aquatic-3-Crab-84.png,Edge/COD10K-CAM-1-Aquatic-3-Crab-84.png
Imgs/COD10K-CAM-1-Aquatic-3-Crab-85.jpg,GT/COD10K-CAM-1-Aquatic-3-Crab-85.png,Edge/COD10K-CAM-1-Aquatic-3-Crab-85.png
Imgs/COD10K-CAM-1-Aquatic-3-Crab-90.jpg,GT/COD10K-CAM-1-Aquatic-3-Crab-90.png,Edge/COD10K-CAM-1-Aquatic-3-Crab-90.png
Imgs/COD10K-CAM-1-Aquatic-3-Crab-91.jpg,GT/COD10K-CAM-1-Aquatic-3-Crab-91.png,Edge/COD10K-CAM-1-Aquatic-3-Crab-91.png
Imgs/COD10K-CAM-1-Aquatic-3-Crab-92.jpg,GT/COD10K-CAM-1-Aquatic-3-Crab-92.png,Edge/COD10K-CAM-1-Aquatic-3-Crab-92.png
Imgs/COD10K-CAM-1-Aquatic-3-Crab-94.jpg,GT/COD10K-CAM-1-Aquatic-3-Crab-94.png,Edge/COD10K-CAM-1-Aquatic-3-Crab-94.png
Imgs/COD10K-CAM-1-Aquatic-3-Crab-95.jpg,GT/COD10K-CAM-1-Aquatic-3-Crab-95.png,Edge/COD10K-CAM-1-Aquatic-3-Crab-95.png
Imgs/COD10K-CAM-1-Aquatic-3-Crab-97.jpg,GT/COD10K-CAM-1-Aquatic-3-Crab-97.png,Edge/COD10K-CAM-1-Aquatic-3-Crab-97.png
Imgs/COD10K-CAM-1-Aquatic-3-Crab-98.jpg,GT/COD10K-CAM-1-Aquatic-3-Crab-98.png,Edge/COD10K-CAM-1-Aquatic-3-Crab-98.png
Imgs/COD10K-CAM-1-Aquatic-4-Crocodile-101.jpg,GT/COD10K-CAM-1-Aquatic-4-Crocodile-101.png,Edge/COD10K-CAM-1-Aquatic-4-Crocodile-101.png
Imgs/COD10K-CAM-1-Aquatic-4-Crocodile-102.jpg,GT/COD10K-CAM-1-Aquatic-4-Crocodile-102.png,Edge/COD10K-CAM-1-Aquatic-4-Crocodile-102.png
Imgs/COD10K-CAM-1-Aquatic-4-Crocodile-103.jpg,GT/COD10K-CAM-1-Aquatic-4-Crocodile-103.png,Edge/COD10K-CAM-1-Aquatic-4-Crocodile-103.png
Imgs/COD10K-CAM-1-Aquatic-4-Crocodile-104.jpg,GT/COD10K-CAM-1-Aquatic-4-Crocodile-104.png,Edge/COD10K-CAM-1-Aquatic-4-Crocodile-104.png
Imgs/COD10K-CAM-1-Aquatic-4-Crocodile-106.jpg,GT/COD10K-CAM-1-Aquatic-4-Crocodile-106.png,Edge/COD10K-CAM-1-Aquatic-4-Crocodile-106.png
Imgs/COD10K-CAM-1-Aquatic-4-Crocodile-107.jpg,GT/COD10K-CAM-1-Aquatic-4-Crocodile-107.png,Edge/COD10K-CAM-1-Aquatic-4-Crocodile-107.png
Imgs/COD10K-CAM-1-Aquatic-4-Crocodile-108.jpg,GT/COD10K-CAM-1-Aquatic-4-Crocodile-108.png,Edge/COD10K-CAM-1-Aquatic-4-Crocodile-108.png
Imgs/COD10K-CAM-1-Aquatic-4-Crocodile-109.jpg,GT/COD10K-CAM-1-Aquatic-4-Crocodile-109.png,Edge/COD10K-CAM-1-Aquatic-4-Crocodile-109.png
Imgs/COD10K-CAM-1-Aquatic-4-Crocodile-111.jpg,GT/COD10K-CAM-1-Aquatic-4-Crocodile-111.png,Edge/COD10K-CAM-1-Aquatic-4-Crocodile-111.png
Imgs/COD10K-CAM-1-Aquatic-4-Crocodile-112.jpg,GT/COD10K-CAM-1-Aquatic-4-Crocodile-112.png,Edge/COD10K-CAM-1-Aquatic-4-Crocodile-112.png
Imgs/COD10K-CAM-1-Aquatic-4-Crocodile-113.jpg,GT/COD10K-CAM-1-Aquatic-4-Crocodile-113.png,Edge/COD10K-CAM-1-Aquatic-4-Crocodile-113.png
Imgs/COD10K-CAM-1-Aquatic-4-Crocodile-116.jpg,GT/COD10K-CAM-1-Aquatic-4-Crocodile-116.png,Edge/COD10K-CAM-1-Aquatic-4-Crocodile-116.png
Imgs/COD10K-CAM-1-Aquatic-4-Crocodile-117.jpg,GT/COD10K-CAM-1-Aquatic-4-Crocodile-117.png,Edge/COD10K-CAM-1-Aquatic-4-Crocodile-117.png
Imgs/COD10K-CAM-1-Aquatic-4-Crocodile-120.jpg,GT/COD10K-CAM-1-Aquatic-4-Crocodile-120.png,Edge/COD10K-CAM-1-Aquatic-4-Crocodile-120.png
Imgs/COD10K-CAM-1-Aquatic-4-Crocodile-121.jpg,GT/COD10K-CAM-1-Aquatic-4-Crocodile-121.png,Edge/COD10K-CAM-1-Aquatic-4-Crocodile-121.png
Imgs/COD10K-CAM-1-Aquatic-4-Crocodile-122.jpg,GT/COD10K-CAM-1-Aquatic-4-Crocodile-122.png,Edge/COD10K-CAM-1-Aquatic-4-Crocodile-122.png
Imgs/COD10K-CAM-1-Aquatic-4-Crocodile-124.jpg,GT/COD10K-CAM-1-Aquatic-4-Crocodile-124.png,Edge/COD10K-CAM-1-Aquatic-4-Crocodile-124.png
Imgs/COD10K-CAM-1-Aquatic-5-CrocodileFish-127.jpg,GT/COD10K-CAM-1-Aquatic-5-CrocodileFish-127.png,Edge/COD10K-CAM-1-Aquatic-5-CrocodileFish-127.png
Imgs/COD10K-CAM-1-Aquatic-5-CrocodileFish-128.jpg,GT/COD10K-CAM-1-Aquatic-5-CrocodileFish-128.png,Edge/COD10K-CAM-1-Aquatic-5-CrocodileFish-128.png
Imgs/COD10K-CAM-1-Aquatic-5-CrocodileFish-129.jpg,GT/COD10K-CAM-1-Aquatic-5-CrocodileFish-129.png,Edge/COD10K-CAM-1-Aquatic-5-CrocodileFish-129.png
Imgs/COD10K-CAM-1-Aquatic-5-CrocodileFish-130.jpg,GT/COD10K-CAM-1-Aquatic-5-CrocodileFish-130.png,Edge/COD10K-CAM-1-Aquatic-5-CrocodileFish-130.png
Imgs/COD10K-CAM-1-Aquatic-6-Fish-132.jpg,GT/COD10K-CAM-1-Aquatic-6-Fish-132.png,Edge/COD10K-CAM-1-Aquatic-6-Fish-132.png
Imgs/COD10K-CAM-1-Aquatic-6-Fish-133.jpg,GT/COD10K-CAM-1-Aquatic-6-Fish-133.png,Edge/COD10K-CAM-1-Aquatic-6-Fish-133.png
Imgs/COD10K-CAM-1-Aquatic-6-Fish-137.jpg,GT/COD10K-CAM-1-Aquatic-6-Fish-137.png,Edge/COD10K-CAM-1-Aquatic-6-Fish-137.png
Imgs/COD10K-CAM-1-Aquatic-6-Fish-140.jpg,GT/COD10K-CAM-1-Aquatic-6-Fish-140.png,Edge/COD10K-CAM-1-Aquatic-6-Fish-140.png
Imgs/COD10K-CAM-1-Aquatic-6-Fish-141.jpg,GT/COD10K-CAM-1-Aquatic-6-Fish-141.png,Edge/COD10K-CAM-1-Aquatic-6-Fish-141.png
Imgs/COD10K-CAM-1-Aquatic-6-Fish-142.jpg,GT/COD10K-CAM-1-Aquatic-6-Fish-142.png,Edge/COD10K-CAM-1-Aquatic-6-Fish-142.png
Imgs/COD10K-CAM-1-Aquatic-6-Fish-144.jpg,GT/COD10K-CAM-1-Aquatic-6-Fish-144.png,Edge/COD10K-CAM-1-Aquatic-6-Fish-144.png
Imgs/COD10K-CAM-1-Aquatic-6-Fish-145.jpg,GT/COD10K-CAM-1-Aquatic-6-Fish-145.png,Edge/COD10K-CAM-1-Aquatic-6-Fish-145.png
Imgs/COD10K-CAM-1-Aquatic-6-Fish-146.jpg,GT/COD10K-CAM-1-Aquatic-6-Fish-146.png,Edge/COD10K-CAM-1-Aquatic-6-Fish-146.png
Imgs/COD10K-CAM-1-Aquatic-6-Fish-147.jpg,GT/COD10K-CAM-1-Aquatic-6-Fish-147.png,Edge/COD10K-CAM-1-Aquatic-6-Fish-147.png
Imgs/COD10K-CAM-1-Aquatic-6-Fish-148.jpg,GT/COD10K-CAM-1-Aquatic-6-Fish-148.png,Edge/COD10K-CAM-1-Aquatic-6-Fish-148.png
Imgs/COD10K-CAM-1-Aquatic-6-Fish-151.jpg,GT/COD10K-CAM-1-Aquatic-6-Fish-151.png,Edge/COD10K-CAM-1-Aquatic-6-Fish-151.png
Imgs/COD10K-CAM-1-Aquatic-6-Fish-152.jpg,GT/COD10K-CAM-1-Aquatic-6-Fish-152.png,Edge/COD10K-CAM-1-Aquatic-6-Fish-152.png
Imgs/COD10K-CAM-1-Aquatic-6-Fish-153.jpg,GT/COD10K-CAM-1-Aquatic-6-Fish-153.png,Edge/COD10K-CAM-1-Aquatic-6-Fish-153.png
Imgs/COD10K-CAM-1-Aquatic-6-Fish-154.jpg,GT/COD10K-CAM-1-Aquatic-6-Fish-154.png,Edge/COD10K-CAM-1-Aquatic-6-Fish-154.png
Imgs/COD10K-CAM-1-Aquatic-6-Fish-156.jpg,GT/COD10K-CAM-1-Aquatic-6-Fish-156.png,Edge/COD10K-CAM-1-Aquatic-6-Fish-156.png
Imgs/COD10K-CAM-1-Aquatic-6-Fish-158.jpg,GT/COD10K-CAM-1-Aquatic-6-Fish-158.png,Edge/COD10K-CAM-1-Aquatic-6-Fish-158.png
Imgs/COD10K-CAM-1-Aquatic-6-Fish-161.jpg,GT/COD10K-CAM-1-Aquatic-6-Fish-161.png,Edge/COD10K-CAM-1-Aquatic-6-Fish-161.png
Imgs/COD10K-CAM-1-Aquatic-6-Fish-164.jpg,GT/COD10K-CAM-1-Aquatic-6-Fish-164.png,Edge/COD10K-CAM-1-Aquatic-6-Fish-164.png
Imgs/COD10K-CAM-1-Aquatic-6-Fish-165.jpg,GT/COD10K-CAM-1-Aquatic-6-Fish-165.png,Edge/COD10K-CAM-1-Aquatic-6-Fish-165.png
Imgs/COD10K-CAM-1-Aquatic-6-Fish-166.jpg,GT/COD10K-CAM-1-Aquatic-6-Fish-166.png,Edge/COD10K-CAM-1-Aquatic-6-Fish-166.png
Imgs/COD10K-CAM-1-Aquatic-6-Fish-167.jpg,GT/COD10K-CAM-1-Aquatic-6-Fish-167.png,Edge/COD10K-CAM-1-Aquatic-6-Fish-167.png
Imgs/COD10K-CAM-1-Aquatic-6-Fish-169.jpg,GT/COD10K-CAM-1-Aquatic-6-Fish-169.png,Edge/COD10K-CAM-1-Aquatic-6-Fish-169.png
Imgs/COD10K-CAM-1-Aquatic-6-Fish-170.jpg,GT/COD10K-CAM-1-Aquatic-6-Fish-170.png,Edge/COD10K-CAM-1-Aquatic-6-Fish-170.png
Imgs/COD10K-CAM-1-Aquatic-6-Fish-172.jpg,GT/COD10K-CAM-1-Aquatic-6-Fish-172.png,Edge/COD10K-CAM-1-Aquatic-6-Fish-172.png
Imgs/COD10K-CAM-1-Aquatic-6-Fish-173.jpg,GT/COD10K-CAM-1-Aquatic-6-Fish-173.png,Edge/COD10K-CAM-1-Aquatic-6-Fish-173.png
Imgs/COD10K-CAM-1-Aquatic-6-Fish-175.jpg,GT/COD10K-CAM-1-Aquatic-6-Fish-175.png,Edge/COD10K-CAM-1-Aquatic-6-Fish-175.png
Imgs/COD10K-CAM-1-Aquatic-6-Fish-176.jpg,GT/COD10K-CAM-1-Aquatic-6-Fish-176.png,Edge/COD10K-CAM-1-Aquatic-6-Fish-176.png
Imgs/COD10K-CAM-1-Aquatic-6-Fish-177.jpg,GT/COD10K-CAM-1-Aquatic-6-Fish-177.png,Edge/COD10K-CAM-1-Aquatic-6-Fish-177.png
Imgs/COD10K-CAM-1-Aquatic-6-Fish-178.jpg,GT/COD10K-CAM-1-Aquatic-6-Fish-178.png,Edge/COD10K-CAM-1-Aquatic-6-Fish-178.png
Imgs/COD10K-CAM-1-Aquatic-6-Fish-179.jpg,GT/COD10K-CAM-1-Aquatic-6-Fish-179.png,Edge/COD10K-CAM-1-Aquatic-6-Fish-179.png
Imgs/COD10K-CAM-1-Aquatic-6-Fish-180.jpg,GT/COD10K-CAM-1-Aquatic-6-Fish-180.png,Edge/COD10K-CAM-1-Aquatic-6-Fish-180.png
Imgs/COD10K-CAM-1-Aquatic-6-Fish-181.jpg,GT/COD10K-CAM-1-Aquatic-6-Fish-181.png,Edge/COD10K-CAM-1-Aquatic-6-Fish-181.png
Imgs/COD10K-CAM-1-Aquatic-6-Fish-182.jpg,GT/COD10K-CAM-1-Aquatic-6-Fish-182.png,Edge/COD10K-CAM-1-Aquatic-6-Fish-182.png
Imgs/COD10K-CAM-1-Aquatic-6-Fish-184.jpg,GT/COD10K-CAM-1-Aquatic-6-Fish-184.png,Edge/COD10K-CAM-1-Aquatic-6-Fish-184.png
Imgs/COD10K-CAM-1-Aquatic-6-Fish-185.jpg,GT/COD10K-CAM-1-Aquatic-6-Fish-185.png,Edge/COD10K-CAM-1-Aquatic-6-Fish-185.png
Imgs/COD10K-CAM-1-Aquatic-6-Fish-187.jpg,GT/COD10K-CAM-1-Aquatic-6-Fish-187.png,Edge/COD10K-CAM-1-Aquatic-6-Fish-187.png
Imgs/COD10K-CAM-1-Aquatic-6-Fish-188.jpg,GT/COD10K-CAM-1-Aquatic-6-Fish-188.png,Edge/COD10K-CAM-1-Aquatic-6-Fish-188.png
Imgs/COD10K-CAM-1-Aquatic-6-Fish-192.jpg,GT/COD10K-CAM-1-Aquatic-6-Fish-192.png,Edge/COD10K-CAM-1-Aquatic-6-Fish-192.png
Imgs/COD10K-CAM-1-Aquatic-6-Fish-194.jpg,GT/COD10K-CAM-1-Aquatic-6-Fish-194.png,Edge/COD10K-CAM-1-Aquatic-6-Fish-194.png
Imgs/COD10K-CAM-1-Aquatic-6-Fish-195.jpg,GT/COD10K-CAM-1-Aquatic-6-Fish-195.png,Edge/COD10K-CAM-1-Aquatic-6-Fish-195.png
Imgs/COD10K-CAM-1-Aquatic-6-Fish-198.jpg,GT/COD10K-CAM-1-Aquatic-6-Fish-198.png,Edge/COD10K-CAM-1-Aquatic-6-Fish-198.png
Imgs/COD10K-CAM-1-Aquatic-6-Fish-199.jpg,GT/COD10K-CAM-1-Aquatic-6-Fish-199.png,Edge/COD10K-CAM-1-Aquatic-6-Fish-199.png
Imgs/COD10K-CAM-1-Aquatic-6-Fish-200.jpg,GT/COD10K-CAM-1-Aquatic-6-Fish-200.png,Edge/COD10K-CAM-1-Aquatic-6-Fish-200.png
Imgs/COD10K-CAM-1-Aquatic-6-Fish-201.jpg,GT/COD10K-CAM-1-Aquatic-6-Fish-201.png,Edge/COD10K-CAM-1-Aquatic-6-Fish-201.png
Imgs/COD10K-CAM-1-Aquatic-6-Fish-202.jpg,GT/COD10K-CAM-1-Aquatic-6-Fish-202.png,Edge/COD10K-CAM-1-Aquatic-6-Fish-202.png
Imgs/COD10K-CAM-1-Aquatic-6-Fish-205.jpg,GT/COD10K-CAM-1-Aquatic-6-Fish-205.png,Edge/COD10K-CAM-1-Aquatic-6-Fish-205.png
Imgs/COD10K-CAM-1-Aquatic-6-Fish-206.jpg,GT/COD10K-CAM-1-Aquatic-6-Fish-206.png,Edge/COD10K-CAM-1-Aquatic-6-Fish-206.png
Imgs/COD10K-CAM-1-Aquatic-6-Fish-208.jpg,GT/COD10K-CAM-1-Aquatic-6-Fish-208.png,Edge/COD10K-CAM-1-Aquatic-6-Fish-208.png
Imgs/COD10K-CAM-1-Aquatic-6-Fish-209.jpg,GT/COD10K-CAM-1-Aquatic-6-Fish-209.png,Edge/COD10K-CAM-1-Aquatic-6-Fish-209.png
Imgs/COD10K-CAM-1-Aquatic-6-Fish-210.jpg,GT/COD10K-CAM-1-Aquatic-6-Fish-210.png,Edge/COD10K-CAM-1-Aquatic-6-Fish-210.png
Imgs/COD10K-CAM-1-Aquatic-6-Fish-211.jpg,GT/COD10K-CAM-1-Aquatic-6-Fish-211.png,Edge/COD10K-CAM-1-Aquatic-6-Fish-211.png
Imgs/COD10K-CAM-1-Aquatic-6-Fish-212.jpg,GT/COD10K-CAM-1-Aquatic-6-Fish-212.png,Edge/COD10K-CAM-1-Aquatic-6-Fish-212.png
Imgs/COD10K-CAM-1-Aquatic-6-Fish-213.jpg,GT/COD10K-CAM-1-Aquatic-6-Fish-213.png,Edge/COD10K-CAM-1-Aquatic-6-Fish-213.png
Imgs/COD10K-CAM-1-Aquatic-6-Fish-214.jpg,GT/COD10K-CAM-1-Aquatic-6-Fish-214.png,Edge/COD10K-CAM-1-Aquatic-6-Fish-214.png
Imgs/COD10K-CAM-1-Aquatic-6-Fish-216.jpg,GT/COD10K-CAM-1-Aquatic-6-Fish-216.png,Edge/COD10K-CAM-1-Aquatic-6-Fish-216.png
Imgs/COD10K-CAM-1-Aquatic-6-Fish-217.jpg,GT/COD10K-CAM-1-Aquatic-6-Fish-217.png,Edge/COD10K-CAM-1-Aquatic-6-Fish-217.png
Imgs/COD10K-CAM-1-Aquatic-6-Fish-223.jpg,GT/COD10K-CAM-1-Aquatic-6-Fish-223.png,Edge/COD10K-CAM-1-Aquatic-6-Fish-223.png
Imgs/COD10K-CAM-1-Aquatic-6-Fish-226.jpg,GT/COD10K-CAM-1-Aquatic-6-Fish-226.png,Edge/COD10K-CAM-1-Aquatic-6-Fish-226.png
Imgs/COD10K-CAM-1-Aquatic-6-Fish-229.jpg,GT/COD10K-CAM-1-Aquatic-6-Fish-229.png,Edge/COD10K-CAM-1-Aquatic-6-Fish-229.png
Imgs/COD10K-CAM-1-Aquatic-6-Fish-232.jpg,GT/COD10K-CAM-1-Aquatic-6-Fish-232.png,Edge/COD10K-CAM-1-Aquatic-6-Fish-232.png
Imgs/COD10K-CAM-1-Aquatic-6-Fish-233.jpg,GT/COD10K-CAM-1-Aquatic-6-Fish-233.png,Edge/COD10K-CAM-1-Aquatic-6-Fish-233.png
Imgs/COD10K-CAM-1-Aquatic-6-Fish-234.jpg,GT/COD10K-CAM-1-Aquatic-6-Fish-234.png,Edge/COD10K-CAM-1-Aquatic-6-Fish-234.png
Imgs/COD10K-CAM-1-Aquatic-6-Fish-236.jpg,GT/COD10K-CAM-1-Aquatic-6-Fish-236.png,Edge/COD10K-CAM-1-Aquatic-6-Fish-236.png
Imgs/COD10K-CAM-1-Aquatic-6-Fish-237.jpg,GT/COD10K-CAM-1-Aquatic-6-Fish-237.png,Edge/COD10K-CAM-1-Aquatic-6-Fish-237.png
Imgs/COD10K-CAM-1-Aquatic-6-Fish-238.jpg,GT/COD10K-CAM-1-Aquatic-6-Fish-238.png,Edge/COD10K-CAM-1-Aquatic-6-Fish-238.png
Imgs/COD10K-CAM-1-Aquatic-6-Fish-239.jpg,GT/COD10K-CAM-1-Aquatic-6-Fish-239.png,Edge/COD10K-CAM-1-Aquatic-6-Fish-239.png
Imgs/COD10K-CAM-1-Aquatic-6-Fish-240.jpg,GT/COD10K-CAM-1-Aquatic-6-Fish-240.png,Edge/COD10K-CAM-1-Aquatic-6-Fish-240.png
Imgs/COD10K-CAM-1-Aquatic-6-Fish-241.jpg,GT/COD10K-CAM-1-Aquatic-6-Fish-241.png,Edge/COD10K-CAM-1-Aquatic-6-Fish-241.png
Imgs/COD10K-CAM-1-Aquatic-6-Fish-244.jpg,GT/COD10K-CAM-1-Aquatic-6-Fish-244.png,Edge/COD10K-CAM-1-Aquatic-6-Fish-244.png
Imgs/COD10K-CAM-1-Aquatic-7-Flounder-251.jpg,GT/COD10K-CAM-1-Aquatic-7-Flounder-251.png,Edge/COD10K-CAM-1-Aquatic-7-Flounder-251.png
Imgs/COD10K-CAM-1-Aquatic-7-Flounder-252.jpg,GT/COD10K-CAM-1-Aquatic-7-Flounder-252.png,Edge/COD10K-CAM-1-Aquatic-7-Flounder-252.png
Imgs/COD10K-CAM-1-Aquatic-7-Flounder-255.jpg,GT/COD10K-CAM-1-Aquatic-7-Flounder-255.png,Edge/COD10K-CAM-1-Aquatic-7-Flounder-255.png
Imgs/COD10K-CAM-1-Aquatic-7-Flounder-256.jpg,GT/COD10K-CAM-1-Aquatic-7-Flounder-256.png,Edge/COD10K-CAM-1-Aquatic-7-Flounder-256.png
Imgs/COD10K-CAM-1-Aquatic-7-Flounder-257.jpg,GT/COD10K-CAM-1-Aquatic-7-Flounder-257.png,Edge/COD10K-CAM-1-Aquatic-7-Flounder-257.png
Imgs/COD10K-CAM-1-Aquatic-7-Flounder-260.jpg,GT/COD10K-CAM-1-Aquatic-7-Flounder-260.png,Edge/COD10K-CAM-1-Aquatic-7-Flounder-260.png
Imgs/COD10K-CAM-1-Aquatic-7-Flounder-261.jpg,GT/COD10K-CAM-1-Aquatic-7-Flounder-261.png,Edge/COD10K-CAM-1-Aquatic-7-Flounder-261.png
Imgs/COD10K-CAM-1-Aquatic-7-Flounder-263.jpg,GT/COD10K-CAM-1-Aquatic-7-Flounder-263.png,Edge/COD10K-CAM-1-Aquatic-7-Flounder-263.png
Imgs/COD10K-CAM-1-Aquatic-7-Flounder-265.jpg,GT/COD10K-CAM-1-Aquatic-7-Flounder-265.png,Edge/COD10K-CAM-1-Aquatic-7-Flounder-265.png
Imgs/COD10K-CAM-1-Aquatic-7-Flounder-267.jpg,GT/COD10K-CAM-1-Aquatic-7-Flounder-267.png,Edge/COD10K-CAM-1-Aquatic-7-Flounder-267.png
Imgs/COD10K-CAM-1-Aquatic-7-Flounder-268.jpg,GT/COD10K-CAM-1-Aquatic-7-Flounder-268.png,Edge/COD10K-CAM-1-Aquatic-7-Flounder-268.png
Imgs/COD10K-CAM-1-Aquatic-7-Flounder-269.jpg,GT/COD10K-CAM-1-Aquatic-7-Flounder-269.png,Edge/COD10K-CAM-1-Aquatic-7-Flounder-269.png
Imgs/COD10K-CAM-1-Aquatic-7-Flounder-271.jpg,GT/COD10K-CAM-1-Aquatic-7-Flounder-271.png,Edge/COD10K-CAM-1-Aquatic-7-Flounder-271.png
Imgs/COD10K-CAM-1-Aquatic-7-Flounder-273.jpg,GT/COD10K-CAM-1-Aquatic-7-Flounder-273.png,Edge/COD10K-CAM-1-Aquatic-7-Flounder-273.png
Imgs/COD10K-CAM-1-Aquatic-7-Flounder-274.jpg,GT/COD10K-CAM-1-Aquatic-7-Flounder-274.png,Edge/COD10K-CAM-1-Aquatic-7-Flounder-274.png
Imgs/COD10K-CAM-1-Aquatic-7-Flounder-275.jpg,GT/COD10K-CAM-1-Aquatic-7-Flounder-275.png,Edge/COD10K-CAM-1-Aquatic-7-Flounder-275.png
Imgs/COD10K-CAM-1-Aquatic-7-Flounder-276.jpg,GT/COD10K-CAM-1-Aquatic-7-Flounder-276.png,Edge/COD10K-CAM-1-Aquatic-7-Flounder-276.png
Imgs/COD10K-CAM-1-Aquatic-7-Flounder-278.jpg,GT/COD10K-CAM-1-Aquatic-7-Flounder-278.png,Edge/COD10K-CAM-1-Aquatic-7-Flounder-278.png
Imgs/COD10K-CAM-1-Aquatic-7-Flounder-279.jpg,GT/COD10K-CAM-1-Aquatic-7-Flounder-279.png,Edge/COD10K-CAM-1-Aquatic-7-Flounder-279.png
Imgs/COD10K-CAM-1-Aquatic-7-Flounder-280.jpg,GT/COD10K-CAM-1-Aquatic-7-Flounder-280.png,Edge/COD10K-CAM-1-Aquatic-7-Flounder-280.png
Imgs/COD10K-CAM-1-Aquatic-7-Flounder-281.jpg,GT/COD10K-CAM-1-Aquatic-7-Flounder-281.png,Edge/COD10K-CAM-1-Aquatic-7-Flounder-281.png
Imgs/COD10K-CAM-1-Aquatic-7-Flounder-282.jpg,GT/COD10K-CAM-1-Aquatic-7-Flounder-282.png,Edge/COD10K-CAM-1-Aquatic-7-Flounder-282.png
Imgs/COD10K-CAM-1-Aquatic-7-Flounder-285.jpg,GT/COD10K-CAM-1-Aquatic-7-Flounder-285.png,Edge/COD10K-CAM-1-Aquatic-7-Flounder-285.png
Imgs/COD10K-CAM-1-Aquatic-7-Flounder-288.jpg,GT/COD10K-CAM-1-Aquatic-7-Flounder-288.png,Edge/COD10K-CAM-1-Aquatic-7-Flounder-288.png
Imgs/COD10K-CAM-1-Aquatic-8-FrogFish-293.jpg,GT/COD10K-CAM-1-Aquatic-8-FrogFish-293.png,Edge/COD10K-CAM-1-Aquatic-8-FrogFish-293.png
Imgs/COD10K-CAM-1-Aquatic-8-FrogFish-294.jpg,GT/COD10K-CAM-1-Aquatic-8-FrogFish-294.png,Edge/COD10K-CAM-1-Aquatic-8-FrogFish-294.png
Imgs/COD10K-CAM-1-Aquatic-8-FrogFish-298.jpg,GT/COD10K-CAM-1-Aquatic-8-FrogFish-298.png,Edge/COD10K-CAM-1-Aquatic-8-FrogFish-298.png
Imgs/COD10K-CAM-1-Aquatic-8-FrogFish-300.jpg,GT/COD10K-CAM-1-Aquatic-8-FrogFish-300.png,Edge/COD10K-CAM-1-Aquatic-8-FrogFish-300.png
Imgs/COD10K-CAM-1-Aquatic-8-FrogFish-301.jpg,GT/COD10K-CAM-1-Aquatic-8-FrogFish-301.png,Edge/COD10K-CAM-1-Aquatic-8-FrogFish-301.png
Imgs/COD10K-CAM-1-Aquatic-8-FrogFish-302.jpg,GT/COD10K-CAM-1-Aquatic-8-FrogFish-302.png,Edge/COD10K-CAM-1-Aquatic-8-FrogFish-302.png
Imgs/COD10K-CAM-1-Aquatic-8-FrogFish-304.jpg,GT/COD10K-CAM-1-Aquatic-8-FrogFish-304.png,Edge/COD10K-CAM-1-Aquatic-8-FrogFish-304.png
Imgs/COD10K-CAM-1-Aquatic-9-GhostPipefish-308.jpg,GT/COD10K-CAM-1-Aquatic-9-GhostPipefish-308.png,Edge/COD10K-CAM-1-Aquatic-9-GhostPipefish-308.png
Imgs/COD10K-CAM-1-Aquatic-9-GhostPipefish-310.jpg,GT/COD10K-CAM-1-Aquatic-9-GhostPipefish-310.png,Edge/COD10K-CAM-1-Aquatic-9-GhostPipefish-310.png
Imgs/COD10K-CAM-1-Aquatic-9-GhostPipefish-311.jpg,GT/COD10K-CAM-1-Aquatic-9-GhostPipefish-311.png,Edge/COD10K-CAM-1-Aquatic-9-GhostPipefish-311.png
Imgs/COD10K-CAM-1-Aquatic-9-GhostPipefish-313.jpg,GT/COD10K-CAM-1-Aquatic-9-GhostPipefish-313.png,Edge/COD10K-CAM-1-Aquatic-9-GhostPipefish-313.png
Imgs/COD10K-CAM-1-Aquatic-9-GhostPipefish-314.jpg,GT/COD10K-CAM-1-Aquatic-9-GhostPipefish-314.png,Edge/COD10K-CAM-1-Aquatic-9-GhostPipefish-314.png
Imgs/COD10K-CAM-1-Aquatic-9-GhostPipefish-316.jpg,GT/COD10K-CAM-1-Aquatic-9-GhostPipefish-316.png,Edge/COD10K-CAM-1-Aquatic-9-GhostPipefish-316.png
Imgs/COD10K-CAM-1-Aquatic-9-GhostPipefish-317.jpg,GT/COD10K-CAM-1-Aquatic-9-GhostPipefish-317.png,Edge/COD10K-CAM-1-Aquatic-9-GhostPipefish-317.png
Imgs/COD10K-CAM-1-Aquatic-9-GhostPipefish-319.jpg,GT/COD10K-CAM-1-Aquatic-9-GhostPipefish-319.png,Edge/COD10K-CAM-1-Aquatic-9-GhostPipefish-319.png
Imgs/COD10K-CAM-1-Aquatic-9-GhostPipefish-320.jpg,GT/COD10K-CAM-1-Aquatic-9-GhostPipefish-320.png,Edge/COD10K-CAM-1-Aquatic-9-GhostPipefish-320.png
Imgs/COD10K-CAM-1-Aquatic-9-GhostPipefish-321.jpg,GT/COD10K-CAM-1-Aquatic-9-GhostPipefish-321.png,Edge/COD10K-CAM-1-Aquatic-9-GhostPipefish-321.png
Imgs/COD10K-CAM-1-Aquatic-9-GhostPipefish-324.jpg,GT/COD10K-CAM-1-Aquatic-9-GhostPipefish-324.png,Edge/COD10K-CAM-1-Aquatic-9-GhostPipefish-324.png
Imgs/COD10K-CAM-1-Aquatic-9-GhostPipefish-325.jpg,GT/COD10K-CAM-1-Aquatic-9-GhostPipefish-325.png,Edge/COD10K-CAM-1-Aquatic-9-GhostPipefish-325.png
Imgs/COD10K-CAM-1-Aquatic-9-GhostPipefish-328.jpg,GT/COD10K-CAM-1-Aquatic-9-GhostPipefish-328.png,Edge/COD10K-CAM-1-Aquatic-9-GhostPipefish-328.png
Imgs/COD10K-CAM-1-Aquatic-9-GhostPipefish-329.jpg,GT/COD10K-CAM-1-Aquatic-9-GhostPipefish-329.png,Edge/COD10K-CAM-1-Aquatic-9-GhostPipefish-329.png
Imgs/COD10K-CAM-1-Aquatic-9-GhostPipefish-330.jpg,GT/COD10K-CAM-1-Aquatic-9-GhostPipefish-330.png,Edge/COD10K-CAM-1-Aquatic-9-GhostPipefish-330.png
Imgs/COD10K-CAM-1-Aquatic-9-GhostPipefish-331.jpg,GT/COD10K-CAM-1-Aquatic-9-GhostPipefish-331.png,Edge/COD10K-CAM-1-Aquatic-9-GhostPipefish-331.png
Imgs/COD10K-CAM-1-Aquatic-9-GhostPipefish-332.jpg,GT/COD10K-CAM-1-Aquatic-9-GhostPipefish-332.png,Edge/COD10K-CAM-1-Aquatic-9-GhostPipefish-332.png
Imgs/COD10K-CAM-1-Aquatic-9-GhostPipefish-335.jpg,GT/COD10K-CAM-1-Aquatic-9-GhostPipefish-335.png,Edge/COD10K-CAM-1-Aquatic-9-GhostPipefish-335.png
Imgs/COD10K-CAM-1-Aquatic-9-GhostPipefish-336.jpg,GT/COD10K-CAM-1-Aquatic-9-GhostPipefish-336.png,Edge/COD10K-CAM-1-Aquatic-9-GhostPipefish-336.png
Imgs/COD10K-CAM-1-Aquatic-9-GhostPipefish-337.jpg,GT/COD10K-CAM-1-Aquatic-9-GhostPipefish-337.png,Edge/COD10K-CAM-1-Aquatic-9-GhostPipefish-337.png
Imgs/COD10K-CAM-1-Aquatic-9-GhostPipefish-338.jpg,GT/COD10K-CAM-1-Aquatic-9-GhostPipefish-338.png,Edge/COD10K-CAM-1-Aquatic-9-GhostPipefish-338.png
Imgs/COD10K-CAM-1-Aquatic-9-GhostPipefish-340.jpg,GT/COD10K-CAM-1-Aquatic-9-GhostPipefish-340.png,Edge/COD10K-CAM-1-Aquatic-9-GhostPipefish-340.png
Imgs/COD10K-CAM-1-Aquatic-9-GhostPipefish-341.jpg,GT/COD10K-CAM-1-Aquatic-9-GhostPipefish-341.png,Edge/COD10K-CAM-1-Aquatic-9-GhostPipefish-341.png
Imgs/COD10K-CAM-1-Aquatic-9-GhostPipefish-342.jpg,GT/COD10K-CAM-1-Aquatic-9-GhostPipefish-342.png,Edge/COD10K-CAM-1-Aquatic-9-GhostPipefish-342.png
Imgs/COD10K-CAM-1-Aquatic-9-GhostPipefish-343.jpg,GT/COD10K-CAM-1-Aquatic-9-GhostPipefish-343.png,Edge/COD10K-CAM-1-Aquatic-9-GhostPipefish-343.png
Imgs/COD10K-CAM-1-Aquatic-9-GhostPipefish-344.jpg,GT/COD10K-CAM-1-Aquatic-9-GhostPipefish-344.png,Edge/COD10K-CAM-1-Aquatic-9-GhostPipefish-344.png
Imgs/COD10K-CAM-1-Aquatic-9-GhostPipefish-345.jpg,GT/COD10K-CAM-1-Aquatic-9-GhostPipefish-345.png,Edge/COD10K-CAM-1-Aquatic-9-GhostPipefish-345.png
Imgs/COD10K-CAM-1-Aquatic-9-GhostPipefish-351.jpg,GT/COD10K-CAM-1-Aquatic-9-GhostPipefish-351.png,Edge/COD10K-CAM-1-Aquatic-9-GhostPipefish-351.png
Imgs/COD10K-CAM-1-Aquatic-9-GhostPipefish-352.jpg,GT/COD10K-CAM-1-Aquatic-9-GhostPipefish-352.png,Edge/COD10K-CAM-1-Aquatic-9-GhostPipefish-352.png
Imgs/COD10K-CAM-1-Aquatic-9-GhostPipefish-354.jpg,GT/COD10K-CAM-1-Aquatic-9-GhostPipefish-354.png,Edge/COD10K-CAM-1-Aquatic-9-GhostPipefish-354.png
Imgs/COD10K-CAM-1-Aquatic-9-GhostPipefish-355.jpg,GT/COD10K-CAM-1-Aquatic-9-GhostPipefish-355.png,Edge/COD10K-CAM-1-Aquatic-9-GhostPipefish-355.png
Imgs/COD10K-CAM-1-Aquatic-9-GhostPipefish-356.jpg,GT/COD10K-CAM-1-Aquatic-9-GhostPipefish-356.png,Edge/COD10K-CAM-1-Aquatic-9-GhostPipefish-356.png
Imgs/COD10K-CAM-1-Aquatic-9-GhostPipefish-357.jpg,GT/COD10K-CAM-1-Aquatic-9-GhostPipefish-357.png,Edge/COD10K-CAM-1-Aquatic-9-GhostPipefish-357.png
Imgs/COD10K-CAM-1-Aquatic-9-GhostPipefish-358.jpg,GT/COD10K-CAM-1-Aquatic-9-GhostPipefish-358.png,Edge/COD10K-CAM-1-Aquatic-9-GhostPipefish-358.png
Imgs/COD10K-CAM-1-Aquatic-9-GhostPipefish-360.jpg,GT/COD10K-CAM-1-Aquatic-9-GhostPipefish-360.png,Edge/COD10K-CAM-1-Aquatic-9-GhostPipefish-360.png
Imgs/COD10K-CAM-1-Aquatic-9-GhostPipefish-361.jpg,GT/COD10K-CAM-1-Aquatic-9-GhostPipefish-361.png,Edge/COD10K-CAM-1-Aquatic-9-GhostPipefish-361.png
Imgs/COD10K-CAM-1-Aquatic-9-GhostPipefish-362.jpg,GT/COD10K-CAM-1-Aquatic-9-GhostPipefish-362.png,Edge/COD10K-CAM-1-Aquatic-9-GhostPipefish-362.png
Imgs/COD10K-CAM-1-Aquatic-9-GhostPipefish-363.jpg,GT/COD10K-CAM-1-Aquatic-9-GhostPipefish-363.png,Edge/COD10K-CAM-1-Aquatic-9-GhostPipefish-363.png
Imgs/COD10K-CAM-1-Aquatic-9-GhostPipefish-364.jpg,GT/COD10K-CAM-1-Aquatic-9-GhostPipefish-364.png,Edge/COD10K-CAM-1-Aquatic-9-GhostPipefish-364.png
Imgs/COD10K-CAM-1-Aquatic-9-GhostPipefish-365.jpg,GT/COD10K-CAM-1-Aquatic-9-GhostPipefish-365.png,Edge/COD10K-CAM-1-Aquatic-9-GhostPipefish-365.png
Imgs/COD10K-CAM-1-Aquatic-9-GhostPipefish-366.jpg,GT/COD10K-CAM-1-Aquatic-9-GhostPipefish-366.png,Edge/COD10K-CAM-1-Aquatic-9-GhostPipefish-366.png
Imgs/COD10K-CAM-1-Aquatic-9-GhostPipefish-367.jpg,GT/COD10K-CAM-1-Aquatic-9-GhostPipefish-367.png,Edge/COD10K-CAM-1-Aquatic-9-GhostPipefish-367.png
Imgs/COD10K-CAM-1-Aquatic-9-GhostPipefish-368.jpg,GT/COD10K-CAM-1-Aquatic-9-GhostPipefish-368.png,Edge/COD10K-CAM-1-Aquatic-9-GhostPipefish-368.png
Imgs/COD10K-CAM-1-Aquatic-9-GhostPipefish-371.jpg,GT/COD10K-CAM-1-Aquatic-9-GhostPipefish-371.png,Edge/COD10K-CAM-1-Aquatic-9-GhostPipefish-371.png
Imgs/COD10K-CAM-1-Aquatic-9-GhostPipefish-373.jpg,GT/COD10K-CAM-1-Aquatic-9-GhostPipefish-373.png,Edge/COD10K-CAM-1-Aquatic-9-GhostPipefish-373.png
Imgs/COD10K-CAM-1-Aquatic-9-GhostPipefish-374.jpg,GT/COD10K-CAM-1-Aquatic-9-GhostPipefish-374.png,Edge/COD10K-CAM-1-Aquatic-9-GhostPipefish-374.png
Imgs/COD10K-CAM-1-Aquatic-9-GhostPipefish-375.jpg,GT/COD10K-CAM-1-Aquatic-9-GhostPipefish-375.png,Edge/COD10K-CAM-1-Aquatic-9-GhostPipefish-375.png
Imgs/COD10K-CAM-1-Aquatic-9-GhostPipefish-376.jpg,GT/COD10K-CAM-1-Aquatic-9-GhostPipefish-376.png,Edge/COD10K-CAM-1-Aquatic-9-GhostPipefish-376.png
Imgs/COD10K-CAM-1-Aquatic-9-GhostPipefish-378.jpg,GT/COD10K-CAM-1-Aquatic-9-GhostPipefish-378.png,Edge/COD10K-CAM-1-Aquatic-9-GhostPipefish-378.png
Imgs/COD10K-CAM-1-Aquatic-9-GhostPipefish-386.jpg,GT/COD10K-CAM-1-Aquatic-9-GhostPipefish-386.png,Edge/COD10K-CAM-1-Aquatic-9-GhostPipefish-386.png
Imgs/COD10K-CAM-1-Aquatic-9-GhostPipefish-387.jpg,GT/COD10K-CAM-1-Aquatic-9-GhostPipefish-387.png,Edge/COD10K-CAM-1-Aquatic-9-GhostPipefish-387.png
Imgs/COD10K-CAM-1-Aquatic-9-GhostPipefish-388.jpg,GT/COD10K-CAM-1-Aquatic-9-GhostPipefish-388.png,Edge/COD10K-CAM-1-Aquatic-9-GhostPipefish-388.png
Imgs/COD10K-CAM-1-Aquatic-9-GhostPipefish-389.jpg,GT/COD10K-CAM-1-Aquatic-9-GhostPipefish-389.png,Edge/COD10K-CAM-1-Aquatic-9-GhostPipefish-389.png
Imgs/COD10K-CAM-1-Aquatic-9-GhostPipefish-392.jpg,GT/COD10K-CAM-1-Aquatic-9-GhostPipefish-392.png,Edge/COD10K-CAM-1-Aquatic-9-GhostPipefish-392.png
Imgs/COD10K-CAM-1-Aquatic-9-GhostPipefish-393.jpg,GT/COD10K-CAM-1-Aquatic-9-GhostPipefish-393.png,Edge/COD10K-CAM-1-Aquatic-9-GhostPipefish-393.png
Imgs/COD10K-CAM-1-Aquatic-9-GhostPipefish-394.jpg,GT/COD10K-CAM-1-Aquatic-9-GhostPipefish-394.png,Edge/COD10K-CAM-1-Aquatic-9-GhostPipefish-394.png
Imgs/COD10K-CAM-1-Aquatic-9-GhostPipefish-396.jpg,GT/COD10K-CAM-1-Aquatic-9-GhostPipefish-396.png,Edge/COD10K-CAM-1-Aquatic-9-GhostPipefish-396.png
Imgs/COD10K-CAM-1-Aquatic-9-GhostPipefish-398.jpg,GT/COD10K-CAM-1-Aquatic-9-GhostPipefish-398.png,Edge/COD10K-CAM-1-Aquatic-9-GhostPipefish-398.png
Imgs/COD10K-CAM-1-Aquatic-9-GhostPipefish-400.jpg,GT/COD10K-CAM-1-Aquatic-9-GhostPipefish-400.png,Edge/COD10K-CAM-1-Aquatic-9-GhostPipefish-400.png
Imgs/COD10K-CAM-1-Aquatic-9-GhostPipefish-401.jpg,GT/COD10K-CAM-1-Aquatic-9-GhostPipefish-401.png,Edge/COD10K-CAM-1-Aquatic-9-GhostPipefish-401.png
Imgs/COD10K-CAM-1-Aquatic-9-GhostPipefish-404.jpg,GT/COD10K-CAM-1-Aquatic-9-GhostPipefish-404.png,Edge/COD10K-CAM-1-Aquatic-9-GhostPipefish-404.png
Imgs/COD10K-CAM-1-Aquatic-9-GhostPipefish-405.jpg,GT/COD10K-CAM-1-Aquatic-9-GhostPipefish-405.png,Edge/COD10K-CAM-1-Aquatic-9-GhostPipefish-405.png
Imgs/COD10K-CAM-1-Aquatic-9-GhostPipefish-408.jpg,GT/COD10K-CAM-1-Aquatic-9-GhostPipefish-408.png,Edge/COD10K-CAM-1-Aquatic-9-GhostPipefish-408.png
Imgs/COD10K-CAM-1-Aquatic-9-GhostPipefish-410.jpg,GT/COD10K-CAM-1-Aquatic-9-GhostPipefish-410.png,Edge/COD10K-CAM-1-Aquatic-9-GhostPipefish-410.png
Imgs/COD10K-CAM-1-Aquatic-9-GhostPipefish-412.jpg,GT/COD10K-CAM-1-Aquatic-9-GhostPipefish-412.png,Edge/COD10K-CAM-1-Aquatic-9-GhostPipefish-412.png
Imgs/COD10K-CAM-1-Aquatic-9-GhostPipefish-413.jpg,GT/COD10K-CAM-1-Aquatic-9-GhostPipefish-413.png,Edge/COD10K-CAM-1-Aquatic-9-GhostPipefish-413.png
Imgs/COD10K-CAM-1-Aquatic-9-GhostPipefish-414.jpg,GT/COD10K-CAM-1-Aquatic-9-GhostPipefish-414.png,Edge/COD10K-CAM-1-Aquatic-9-GhostPipefish-414.png
Imgs/COD10K-CAM-2-Terrestrial-21-Ant-1234.jpg,GT/COD10K-CAM-2-Terrestrial-21-Ant-1234.png,Edge/COD10K-CAM-2-Terrestrial-21-Ant-1234.png
Imgs/COD10K-CAM-2-Terrestrial-21-Ant-1235.jpg,GT/COD10K-CAM-2-Terrestrial-21-Ant-1235.png,Edge/COD10K-CAM-2-Terrestrial-21-Ant-1235.png
Imgs/COD10K-CAM-2-Terrestrial-21-Ant-1236.jpg,GT/COD10K-CAM-2-Terrestrial-21-Ant-1236.png,Edge/COD10K-CAM-2-Terrestrial-21-Ant-1236.png
Imgs/COD10K-CAM-2-Terrestrial-21-Ant-1237.jpg,GT/COD10K-CAM-2-Terrestrial-21-Ant-1237.png,Edge/COD10K-CAM-2-Terrestrial-21-Ant-1237.png
Imgs/COD10K-CAM-2-Terrestrial-21-Ant-1239.jpg,GT/COD10K-CAM-2-Terrestrial-21-Ant-1239.png,Edge/COD10K-CAM-2-Terrestrial-21-Ant-1239.png
Imgs/COD10K-CAM-2-Terrestrial-21-Ant-1242.jpg,GT/COD10K-CAM-2-Terrestrial-21-Ant-1242.png,Edge/COD10K-CAM-2-Terrestrial-21-Ant-1242.png
Imgs/COD10K-CAM-2-Terrestrial-21-Ant-1244.jpg,GT/COD10K-CAM-2-Terrestrial-21-Ant-1244.png,Edge/COD10K-CAM-2-Terrestrial-21-Ant-1244.png
Imgs/COD10K-CAM-2-Terrestrial-21-Ant-1245.jpg,GT/COD10K-CAM-2-Terrestrial-21-Ant-1245.png,Edge/COD10K-CAM-2-Terrestrial-21-Ant-1245.png
Imgs/COD10K-CAM-2-Terrestrial-21-Ant-1248.jpg,GT/COD10K-CAM-2-Terrestrial-21-Ant-1248.png,Edge/COD10K-CAM-2-Terrestrial-21-Ant-1248.png
Imgs/COD10K-CAM-2-Terrestrial-21-Ant-1250.jpg,GT/COD10K-CAM-2-Terrestrial-21-Ant-1250.png,Edge/COD10K-CAM-2-Terrestrial-21-Ant-1250.png
Imgs/COD10K-CAM-2-Terrestrial-21-Ant-1252.jpg,GT/COD10K-CAM-2-Terrestrial-21-Ant-1252.png,Edge/COD10K-CAM-2-Terrestrial-21-Ant-1252.png
Imgs/COD10K-CAM-2-Terrestrial-21-Ant-1253.jpg,GT/COD10K-CAM-2-Terrestrial-21-Ant-1253.png,Edge/COD10K-CAM-2-Terrestrial-21-Ant-1253.png
Imgs/COD10K-CAM-2-Terrestrial-21-Ant-1254.jpg,GT/COD10K-CAM-2-Terrestrial-21-Ant-1254.png,Edge/COD10K-CAM-2-Terrestrial-21-Ant-1254.png
Imgs/COD10K-CAM-2-Terrestrial-21-Ant-1255.jpg,GT/COD10K-CAM-2-Terrestrial-21-Ant-1255.png,Edge/COD10K-CAM-2-Terrestrial-21-Ant-1255.png
Imgs/COD10K-CAM-2-Terrestrial-21-Ant-1256.jpg,GT/COD10K-CAM-2-Terrestrial-21-Ant-1256.png,Edge/COD10K-CAM-2-Terrestrial-21-Ant-1256.png
Imgs/COD10K-CAM-2-Terrestrial-21-Ant-1258.jpg,GT/COD10K-CAM-2-Terrestrial-21-Ant-1258.png,Edge/COD10K-CAM-2-Terrestrial-21-Ant-1258.png
Imgs/COD10K-CAM-2-Terrestrial-22-Bug-1259.jpg,GT/COD10K-CAM-2-Terrestrial-22-Bug-1259.png,Edge/COD10K-CAM-2-Terrestrial-22-Bug-1259.png
Imgs/COD10K-CAM-2-Terrestrial-22-Bug-1261.jpg,GT/COD10K-CAM-2-Terrestrial-22-Bug-1261.png,Edge/COD10K-CAM-2-Terrestrial-22-Bug-1261.png
Imgs/COD10K-CAM-2-Terrestrial-22-Bug-1264.jpg,GT/COD10K-CAM-2-Terrestrial-22-Bug-1264.png,Edge/COD10K-CAM-2-Terrestrial-22-Bug-1264.png
Imgs/COD10K-CAM-2-Terrestrial-22-Bug-1265.jpg,GT/COD10K-CAM-2-Terrestrial-22-Bug-1265.png,Edge/COD10K-CAM-2-Terrestrial-22-Bug-1265.png
Imgs/COD10K-CAM-2-Terrestrial-22-Bug-1266.jpg,GT/COD10K-CAM-2-Terrestrial-22-Bug-1266.png,Edge/COD10K-CAM-2-Terrestrial-22-Bug-1266.png
Imgs/COD10K-CAM-2-Terrestrial-22-Bug-1269.jpg,GT/COD10K-CAM-2-Terrestrial-22-Bug-1269.png,Edge/COD10K-CAM-2-Terrestrial-22-Bug-1269.png
Imgs/COD10K-CAM-2-Terrestrial-22-Bug-1275.jpg,GT/COD10K-CAM-2-Terrestrial-22-Bug-1275.png,Edge/COD10K-CAM-2-Terrestrial-22-Bug-1275.png
Imgs/COD10K-CAM-2-Terrestrial-22-Bug-1279.jpg,GT/COD10K-CAM-2-Terrestrial-22-Bug-1279.png,Edge/COD10K-CAM-2-Terrestrial-22-Bug-1279.png
Imgs/COD10K-CAM-2-Terrestrial-22-Bug-1280.jpg,GT/COD10K-CAM-2-Terrestrial-22-Bug-1280.png,Edge/COD10K-CAM-2-Terrestrial-22-Bug-1280.png
Imgs/COD10K-CAM-2-Terrestrial-22-Bug-1287.jpg,GT/COD10K-CAM-2-Terrestrial-22-Bug-1287.png,Edge/COD10K-CAM-2-Terrestrial-22-Bug-1287.png
Imgs/COD10K-CAM-2-Terrestrial-22-Bug-1288.jpg,GT/COD10K-CAM-2-Terrestrial-22-Bug-1288.png,Edge/COD10K-CAM-2-Terrestrial-22-Bug-1288.png
Imgs/COD10K-CAM-2-Terrestrial-22-Bug-1290.jpg,GT/COD10K-CAM-2-Terrestrial-22-Bug-1290.png,Edge/COD10K-CAM-2-Terrestrial-22-Bug-1290.png
Imgs/COD10K-CAM-2-Terrestrial-22-Bug-1292.jpg,GT/COD10K-CAM-2-Terrestrial-22-Bug-1292.png,Edge/COD10K-CAM-2-Terrestrial-22-Bug-1292.png
Imgs/COD10K-CAM-2-Terrestrial-22-Bug-1294.jpg,GT/COD10K-CAM-2-Terrestrial-22-Bug-1294.png,Edge/COD10K-CAM-2-Terrestrial-22-Bug-1294.png
Imgs/COD10K-CAM-2-Terrestrial-22-Bug-1295.jpg,GT/COD10K-CAM-2-Terrestrial-22-Bug-1295.png,Edge/COD10K-CAM-2-Terrestrial-22-Bug-1295.png
Imgs/COD10K-CAM-2-Terrestrial-22-Bug-1296.jpg,GT/COD10K-CAM-2-Terrestrial-22-Bug-1296.png,Edge/COD10K-CAM-2-Terrestrial-22-Bug-1296.png
Imgs/COD10K-CAM-2-Terrestrial-22-Bug-1297.jpg,GT/COD10K-CAM-2-Terrestrial-22-Bug-1297.png,Edge/COD10K-CAM-2-Terrestrial-22-Bug-1297.png
Imgs/COD10K-CAM-2-Terrestrial-23-Cat-1298.jpg,GT/COD10K-CAM-2-Terrestrial-23-Cat-1298.png,Edge/COD10K-CAM-2-Terrestrial-23-Cat-1298.png
Imgs/COD10K-CAM-2-Terrestrial-23-Cat-1302.jpg,GT/COD10K-CAM-2-Terrestrial-23-Cat-1302.png,Edge/COD10K-CAM-2-Terrestrial-23-Cat-1302.png
Imgs/COD10K-CAM-2-Terrestrial-23-Cat-1303.jpg,GT/COD10K-CAM-2-Terrestrial-23-Cat-1303.png,Edge/COD10K-CAM-2-Terrestrial-23-Cat-1303.png
Imgs/COD10K-CAM-2-Terrestrial-23-Cat-1305.jpg,GT/COD10K-CAM-2-Terrestrial-23-Cat-1305.png,Edge/COD10K-CAM-2-Terrestrial-23-Cat-1305.png
Imgs/COD10K-CAM-2-Terrestrial-23-Cat-1306.jpg,GT/COD10K-CAM-2-Terrestrial-23-Cat-1306.png,Edge/COD10K-CAM-2-Terrestrial-23-Cat-1306.png
Imgs/COD10K-CAM-2-Terrestrial-23-Cat-1307.jpg,GT/COD10K-CAM-2-Terrestrial-23-Cat-1307.png,Edge/COD10K-CAM-2-Terrestrial-23-Cat-1307.png
Imgs/COD10K-CAM-2-Terrestrial-23-Cat-1308.jpg,GT/COD10K-CAM-2-Terrestrial-23-Cat-1308.png,Edge/COD10K-CAM-2-Terrestrial-23-Cat-1308.png
Imgs/COD10K-CAM-2-Terrestrial-23-Cat-1309.jpg,GT/COD10K-CAM-2-Terrestrial-23-Cat-1309.png,Edge/COD10K-CAM-2-Terrestrial-23-Cat-1309.png
Imgs/COD10K-CAM-2-Terrestrial-23-Cat-1311.jpg,GT/COD10K-CAM-2-Terrestrial-23-Cat-1311.png,Edge/COD10K-CAM-2-Terrestrial-23-Cat-1311.png
Imgs/COD10K-CAM-2-Terrestrial-23-Cat-1312.jpg,GT/COD10K-CAM-2-Terrestrial-23-Cat-1312.png,Edge/COD10K-CAM-2-Terrestrial-23-Cat-1312.png
Imgs/COD10K-CAM-2-Terrestrial-23-Cat-1313.jpg,GT/COD10K-CAM-2-Terrestrial-23-Cat-1313.png,Edge/COD10K-CAM-2-Terrestrial-23-Cat-1313.png
Imgs/COD10K-CAM-2-Terrestrial-23-Cat-1314.jpg,GT/COD10K-CAM-2-Terrestrial-23-Cat-1314.png,Edge/COD10K-CAM-2-Terrestrial-23-Cat-1314.png
Imgs/COD10K-CAM-2-Terrestrial-23-Cat-1315.jpg,GT/COD10K-CAM-2-Terrestrial-23-Cat-1315.png,Edge/COD10K-CAM-2-Terrestrial-23-Cat-1315.png
Imgs/COD10K-CAM-2-Terrestrial-23-Cat-1316.jpg,GT/COD10K-CAM-2-Terrestrial-23-Cat-1316.png,Edge/COD10K-CAM-2-Terrestrial-23-Cat-1316.png
Imgs/COD10K-CAM-2-Terrestrial-23-Cat-1317.jpg,GT/COD10K-CAM-2-Terrestrial-23-Cat-1317.png,Edge/COD10K-CAM-2-Terrestrial-23-Cat-1317.png
Imgs/COD10K-CAM-2-Terrestrial-23-Cat-1318.jpg,GT/COD10K-CAM-2-Terrestrial-23-Cat-1318.png,Edge/COD10K-CAM-2-Terrestrial-23-Cat-1318.png
Imgs/COD10K-CAM-2-Terrestrial-23-Cat-1319.jpg,GT/COD10K-CAM-2-Terrestrial-23-Cat-1319.png,Edge/COD10K-CAM-2-Terrestrial-23-Cat-1319.png
Imgs/COD10K-CAM-2-Terrestrial-23-Cat-1321.jpg,GT/COD10K-CAM-2-Terrestrial-23-Cat-1321.png,Edge/COD10K-CAM-2-Terrestrial-23-Cat-1321.png
Imgs/COD10K-CAM-2-Terrestrial-23-Cat-1322.jpg,GT/COD10K-CAM-2-Terrestrial-23-Cat-1322.png,Edge/COD10K-CAM-2-Terrestrial-23-Cat-1322.png
Imgs/COD10K-CAM-2-Terrestrial-23-Cat-1323.jpg,GT/COD10K-CAM-2-Terrestrial-23-Cat-1323.png,Edge/COD10K-CAM-2-Terrestrial-23-Cat-1323.png
Imgs/COD10K-CAM-2-Terrestrial-23-Cat-1324.jpg,GT/COD10K-CAM-2-Terrestrial-23-Cat-1324.png,Edge/COD10K-CAM-2-Terrestrial-23-Cat-1324.png
Imgs/COD10K-CAM-2-Terrestrial-23-Cat-1326.jpg,GT/COD10K-CAM-2-Terrestrial-23-Cat-1326.png,Edge/COD10K-CAM-2-Terrestrial-23-Cat-1326.png
Imgs/COD10K-CAM-2-Terrestrial-23-Cat-1332.jpg,GT/COD10K-CAM-2-Terrestrial-23-Cat-1332.png,Edge/COD10K-CAM-2-Terrestrial-23-Cat-1332.png
Imgs/COD10K-CAM-2-Terrestrial-23-Cat-1334.jpg,GT/COD10K-CAM-2-Terrestrial-23-Cat-1334.png,Edge/COD10K-CAM-2-Terrestrial-23-Cat-1334.png
Imgs/COD10K-CAM-2-Terrestrial-23-Cat-1335.jpg,GT/COD10K-CAM-2-Terrestrial-23-Cat-1335.png,Edge/COD10K-CAM-2-Terrestrial-23-Cat-1335.png
Imgs/COD10K-CAM-2-Terrestrial-23-Cat-1336.jpg,GT/COD10K-CAM-2-Terrestrial-23-Cat-1336.png,Edge/COD10K-CAM-2-Terrestrial-23-Cat-1336.png
Imgs/COD10K-CAM-2-Terrestrial-23-Cat-1338.jpg,GT/COD10K-CAM-2-Terrestrial-23-Cat-1338.png,Edge/COD10K-CAM-2-Terrestrial-23-Cat-1338.png
Imgs/COD10K-CAM-2-Terrestrial-23-Cat-1340.jpg,GT/COD10K-CAM-2-Terrestrial-23-Cat-1340.png,Edge/COD10K-CAM-2-Terrestrial-23-Cat-1340.png
Imgs/COD10K-CAM-2-Terrestrial-23-Cat-1341.jpg,GT/COD10K-CAM-2-Terrestrial-23-Cat-1341.png,Edge/COD10K-CAM-2-Terrestrial-23-Cat-1341.png
Imgs/COD10K-CAM-2-Terrestrial-23-Cat-1342.jpg,GT/COD10K-CAM-2-Terrestrial-23-Cat-1342.png,Edge/COD10K-CAM-2-Terrestrial-23-Cat-1342.png
Imgs/COD10K-CAM-2-Terrestrial-23-Cat-1343.jpg,GT/COD10K-CAM-2-Terrestrial-23-Cat-1343.png,Edge/COD10K-CAM-2-Terrestrial-23-Cat-1343.png
Imgs/COD10K-CAM-2-Terrestrial-23-Cat-1345.jpg,GT/COD10K-CAM-2-Terrestrial-23-Cat-1345.png,Edge/COD10K-CAM-2-Terrestrial-23-Cat-1345.png
Imgs/COD10K-CAM-2-Terrestrial-23-Cat-1346.jpg,GT/COD10K-CAM-2-Terrestrial-23-Cat-1346.png,Edge/COD10K-CAM-2-Terrestrial-23-Cat-1346.png
Imgs/COD10K-CAM-2-Terrestrial-23-Cat-1347.jpg,GT/COD10K-CAM-2-Terrestrial-23-Cat-1347.png,Edge/COD10K-CAM-2-Terrestrial-23-Cat-1347.png
Imgs/COD10K-CAM-2-Terrestrial-23-Cat-1348.jpg,GT/COD10K-CAM-2-Terrestrial-23-Cat-1348.png,Edge/COD10K-CAM-2-Terrestrial-23-Cat-1348.png
Imgs/COD10K-CAM-2-Terrestrial-23-Cat-1349.jpg,GT/COD10K-CAM-2-Terrestrial-23-Cat-1349.png,Edge/COD10K-CAM-2-Terrestrial-23-Cat-1349.png
Imgs/COD10K-CAM-2-Terrestrial-23-Cat-1351.jpg,GT/COD10K-CAM-2-Terrestrial-23-Cat-1351.png,Edge/COD10K-CAM-2-Terrestrial-23-Cat-1351.png
Imgs/COD10K-CAM-2-Terrestrial-23-Cat-1353.jpg,GT/COD10K-CAM-2-Terrestrial-23-Cat-1353.png,Edge/COD10K-CAM-2-Terrestrial-23-Cat-1353.png
Imgs/COD10K-CAM-2-Terrestrial-23-Cat-1354.jpg,GT/COD10K-CAM-2-Terrestrial-23-Cat-1354.png,Edge/COD10K-CAM-2-Terrestrial-23-Cat-1354.png
Imgs/COD10K-CAM-2-Terrestrial-23-Cat-1355.jpg,GT/COD10K-CAM-2-Terrestrial-23-Cat-1355.png,Edge/COD10K-CAM-2-Terrestrial-23-Cat-1355.png
Imgs/COD10K-CAM-2-Terrestrial-23-Cat-1356.jpg,GT/COD10K-CAM-2-Terrestrial-23-Cat-1356.png,Edge/COD10K-CAM-2-Terrestrial-23-Cat-1356.png
Imgs/COD10K-CAM-2-Terrestrial-23-Cat-1357.jpg,GT/COD10K-CAM-2-Terrestrial-23-Cat-1357.png,Edge/COD10K-CAM-2-Terrestrial-23-Cat-1357.png
Imgs/COD10K-CAM-2-Terrestrial-23-Cat-1361.jpg,GT/COD10K-CAM-2-Terrestrial-23-Cat-1361.png,Edge/COD10K-CAM-2-Terrestrial-23-Cat-1361.png
Imgs/COD10K-CAM-2-Terrestrial-23-Cat-1362.jpg,GT/COD10K-CAM-2-Terrestrial-23-Cat-1362.png,Edge/COD10K-CAM-2-Terrestrial-23-Cat-1362.png
Imgs/COD10K-CAM-2-Terrestrial-23-Cat-1366.jpg,GT/COD10K-CAM-2-Terrestrial-23-Cat-1366.png,Edge/COD10K-CAM-2-Terrestrial-23-Cat-1366.png
Imgs/COD10K-CAM-2-Terrestrial-23-Cat-1370.jpg,GT/COD10K-CAM-2-Terrestrial-23-Cat-1370.png,Edge/COD10K-CAM-2-Terrestrial-23-Cat-1370.png
Imgs/COD10K-CAM-2-Terrestrial-23-Cat-1373.jpg,GT/COD10K-CAM-2-Terrestrial-23-Cat-1373.png,Edge/COD10K-CAM-2-Terrestrial-23-Cat-1373.png
Imgs/COD10K-CAM-2-Terrestrial-23-Cat-1374.jpg,GT/COD10K-CAM-2-Terrestrial-23-Cat-1374.png,Edge/COD10K-CAM-2-Terrestrial-23-Cat-1374.png
Imgs/COD10K-CAM-2-Terrestrial-23-Cat-1375.jpg,GT/COD10K-CAM-2-Terrestrial-23-Cat-1375.png,Edge/COD10K-CAM-2-Terrestrial-23-Cat-1375.png
Imgs/COD10K-CAM-2-Terrestrial-23-Cat-1376.jpg,GT/COD10K-CAM-2-Terrestrial-23-Cat-1376.png,Edge/COD10K-CAM-2-Terrestrial-23-Cat-1376.png
Imgs/COD10K-CAM-2-Terrestrial-23-Cat-1379.jpg,GT/COD10K-CAM-2-Terrestrial-23-Cat-1379.png,Edge/COD10K-CAM-2-Terrestrial-23-Cat-1379.png
Imgs/COD10K-CAM-2-Terrestrial-23-Cat-1382.jpg,GT/COD10K-CAM-2-Terrestrial-23-Cat-1382.png,Edge/COD10K-CAM-2-Terrestrial-23-Cat-1382.png
Imgs/COD10K-CAM-2-Terrestrial-23-Cat-1384.jpg,GT/COD10K-CAM-2-Terrestrial-23-Cat-1384.png,Edge/COD10K-CAM-2-Terrestrial-23-Cat-1384.png
Imgs/COD10K-CAM-2-Terrestrial-23-Cat-1385.jpg,GT/COD10K-CAM-2-Terrestrial-23-Cat-1385.png,Edge/COD10K-CAM-2-Terrestrial-23-Cat-1385.png
Imgs/COD10K-CAM-2-Terrestrial-23-Cat-1389.jpg,GT/COD10K-CAM-2-Terrestrial-23-Cat-1389.png,Edge/COD10K-CAM-2-Terrestrial-23-Cat-1389.png
Imgs/COD10K-CAM-2-Terrestrial-23-Cat-1393.jpg,GT/COD10K-CAM-2-Terrestrial-23-Cat-1393.png,Edge/COD10K-CAM-2-Terrestrial-23-Cat-1393.png
Imgs/COD10K-CAM-2-Terrestrial-23-Cat-1395.jpg,GT/COD10K-CAM-2-Terrestrial-23-Cat-1395.png,Edge/COD10K-CAM-2-Terrestrial-23-Cat-1395.png
Imgs/COD10K-CAM-2-Terrestrial-23-Cat-1396.jpg,GT/COD10K-CAM-2-Terrestrial-23-Cat-1396.png,Edge/COD10K-CAM-2-Terrestrial-23-Cat-1396.png
Imgs/COD10K-CAM-2-Terrestrial-23-Cat-1397.jpg,GT/COD10K-CAM-2-Terrestrial-23-Cat-1397.png,Edge/COD10K-CAM-2-Terrestrial-23-Cat-1397.png
Imgs/COD10K-CAM-2-Terrestrial-23-Cat-1398.jpg,GT/COD10K-CAM-2-Terrestrial-23-Cat-1398.png,Edge/COD10K-CAM-2-Terrestrial-23-Cat-1398.png
Imgs/COD10K-CAM-2-Terrestrial-23-Cat-1399.jpg,GT/COD10K-CAM-2-Terrestrial-23-Cat-1399.png,Edge/COD10K-CAM-2-Terrestrial-23-Cat-1399.png
Imgs/COD10K-CAM-2-Terrestrial-23-Cat-1401.jpg,GT/COD10K-CAM-2-Terrestrial-23-Cat-1401.png,Edge/COD10K-CAM-2-Terrestrial-23-Cat-1401.png
Imgs/COD10K-CAM-2-Terrestrial-23-Cat-1402.jpg,GT/COD10K-CAM-2-Terrestrial-23-Cat-1402.png,Edge/COD10K-CAM-2-Terrestrial-23-Cat-1402.png
Imgs/COD10K-CAM-2-Terrestrial-23-Cat-1403.jpg,GT/COD10K-CAM-2-Terrestrial-23-Cat-1403.png,Edge/COD10K-CAM-2-Terrestrial-23-Cat-1403.png
Imgs/COD10K-CAM-2-Terrestrial-23-Cat-1404.jpg,GT/COD10K-CAM-2-Terrestrial-23-Cat-1404.png,Edge/COD10K-CAM-2-Terrestrial-23-Cat-1404.png
Imgs/COD10K-CAM-2-Terrestrial-23-Cat-1406.jpg,GT/COD10K-CAM-2-Terrestrial-23-Cat-1406.png,Edge/COD10K-CAM-2-Terrestrial-23-Cat-1406.png
Imgs/COD10K-CAM-2-Terrestrial-23-Cat-1407.jpg,GT/COD10K-CAM-2-Terrestrial-23-Cat-1407.png,Edge/COD10K-CAM-2-Terrestrial-23-Cat-1407.png
Imgs/COD10K-CAM-2-Terrestrial-23-Cat-1408.jpg,GT/COD10K-CAM-2-Terrestrial-23-Cat-1408.png,Edge/COD10K-CAM-2-Terrestrial-23-Cat-1408.png
Imgs/COD10K-CAM-2-Terrestrial-23-Cat-1409.jpg,GT/COD10K-CAM-2-Terrestrial-23-Cat-1409.png,Edge/COD10K-CAM-2-Terrestrial-23-Cat-1409.png
Imgs/COD10K-CAM-2-Terrestrial-23-Cat-1410.jpg,GT/COD10K-CAM-2-Terrestrial-23-Cat-1410.png,Edge/COD10K-CAM-2-Terrestrial-23-Cat-1410.png
Imgs/COD10K-CAM-2-Terrestrial-23-Cat-1414.jpg,GT/COD10K-CAM-2-Terrestrial-23-Cat-1414.png,Edge/COD10K-CAM-2-Terrestrial-23-Cat-1414.png
Imgs/COD10K-CAM-2-Terrestrial-23-Cat-1416.jpg,GT/COD10K-CAM-2-Terrestrial-23-Cat-1416.png,Edge/COD10K-CAM-2-Terrestrial-23-Cat-1416.png
Imgs/COD10K-CAM-2-Terrestrial-23-Cat-1417.jpg,GT/COD10K-CAM-2-Terrestrial-23-Cat-1417.png,Edge/COD10K-CAM-2-Terrestrial-23-Cat-1417.png
Imgs/COD10K-CAM-2-Terrestrial-23-Cat-1418.jpg,GT/COD10K-CAM-2-Terrestrial-23-Cat-1418.png,Edge/COD10K-CAM-2-Terrestrial-23-Cat-1418.png
Imgs/COD10K-CAM-2-Terrestrial-23-Cat-1422.jpg,GT/COD10K-CAM-2-Terrestrial-23-Cat-1422.png,Edge/COD10K-CAM-2-Terrestrial-23-Cat-1422.png
Imgs/COD10K-CAM-2-Terrestrial-23-Cat-1425.jpg,GT/COD10K-CAM-2-Terrestrial-23-Cat-1425.png,Edge/COD10K-CAM-2-Terrestrial-23-Cat-1425.png
Imgs/COD10K-CAM-2-Terrestrial-23-Cat-1426.jpg,GT/COD10K-CAM-2-Terrestrial-23-Cat-1426.png,Edge/COD10K-CAM-2-Terrestrial-23-Cat-1426.png
Imgs/COD10K-CAM-2-Terrestrial-23-Cat-1427.jpg,GT/COD10K-CAM-2-Terrestrial-23-Cat-1427.png,Edge/COD10K-CAM-2-Terrestrial-23-Cat-1427.png
Imgs/COD10K-CAM-2-Terrestrial-23-Cat-1430.jpg,GT/COD10K-CAM-2-Terrestrial-23-Cat-1430.png,Edge/COD10K-CAM-2-Terrestrial-23-Cat-1430.png
Imgs/COD10K-CAM-2-Terrestrial-23-Cat-1435.jpg,GT/COD10K-CAM-2-Terrestrial-23-Cat-1435.png,Edge/COD10K-CAM-2-Terrestrial-23-Cat-1435.png
Imgs/COD10K-CAM-2-Terrestrial-23-Cat-1436.jpg,GT/COD10K-CAM-2-Terrestrial-23-Cat-1436.png,Edge/COD10K-CAM-2-Terrestrial-23-Cat-1436.png
Imgs/COD10K-CAM-2-Terrestrial-23-Cat-1437.jpg,GT/COD10K-CAM-2-Terrestrial-23-Cat-1437.png,Edge/COD10K-CAM-2-Terrestrial-23-Cat-1437.png
Imgs/COD10K-CAM-2-Terrestrial-23-Cat-1439.jpg,GT/COD10K-CAM-2-Terrestrial-23-Cat-1439.png,Edge/COD10K-CAM-2-Terrestrial-23-Cat-1439.png
Imgs/COD10K-CAM-2-Terrestrial-23-Cat-1440.jpg,GT/COD10K-CAM-2-Terrestrial-23-Cat-1440.png,Edge/COD10K-CAM-2-Terrestrial-23-Cat-1440.png
Imgs/COD10K-CAM-2-Terrestrial-23-Cat-1441.jpg,GT/COD10K-CAM-2-Terrestrial-23-Cat-1441.png,Edge/COD10K-CAM-2-Terrestrial-23-Cat-1441.png
Imgs/COD10K-CAM-2-Terrestrial-23-Cat-1444.jpg,GT/COD10K-CAM-2-Terrestrial-23-Cat-1444.png,Edge/COD10K-CAM-2-Terrestrial-23-Cat-1444.png
Imgs/COD10K-CAM-2-Terrestrial-23-Cat-1445.jpg,GT/COD10K-CAM-2-Terrestrial-23-Cat-1445.png,Edge/COD10K-CAM-2-Terrestrial-23-Cat-1445.png
Imgs/COD10K-CAM-2-Terrestrial-23-Cat-1447.jpg,GT/COD10K-CAM-2-Terrestrial-23-Cat-1447.png,Edge/COD10K-CAM-2-Terrestrial-23-Cat-1447.png
Imgs/COD10K-CAM-2-Terrestrial-23-Cat-1448.jpg,GT/COD10K-CAM-2-Terrestrial-23-Cat-1448.png,Edge/COD10K-CAM-2-Terrestrial-23-Cat-1448.png
Imgs/COD10K-CAM-2-Terrestrial-23-Cat-1450.jpg,GT/COD10K-CAM-2-Terrestrial-23-Cat-1450.png,Edge/COD10K-CAM-2-Terrestrial-23-Cat-1450.png
Imgs/COD10K-CAM-2-Terrestrial-23-Cat-1452.jpg,GT/COD10K-CAM-2-Terrestrial-23-Cat-1452.png,Edge/COD10K-CAM-2-Terrestrial-23-Cat-1452.png
Imgs/COD10K-CAM-2-Terrestrial-23-Cat-1454.jpg,GT/COD10K-CAM-2-Terrestrial-23-Cat-1454.png,Edge/COD10K-CAM-2-Terrestrial-23-Cat-1454.png
Imgs/COD10K-CAM-2-Terrestrial-23-Cat-1455.jpg,GT/COD10K-CAM-2-Terrestrial-23-Cat-1455.png,Edge/COD10K-CAM-2-Terrestrial-23-Cat-1455.png
Imgs/COD10K-CAM-2-Terrestrial-23-Cat-1456.jpg,GT/COD10K-CAM-2-Terrestrial-23-Cat-1456.png,Edge/COD10K-CAM-2-Terrestrial-23-Cat-1456.png
Imgs/COD10K-CAM-2-Terrestrial-23-Cat-1457.jpg,GT/COD10K-CAM-2-Terrestrial-23-Cat-1457.png,Edge/COD10K-CAM-2-Terrestrial-23-Cat-1457.png
Imgs/COD10K-CAM-2-Terrestrial-23-Cat-1460.jpg,GT/COD10K-CAM-2-Terrestrial-23-Cat-1460.png,Edge/COD10K-CAM-2-Terrestrial-23-Cat-1460.png
Imgs/COD10K-CAM-2-Terrestrial-23-Cat-1463.jpg,GT/COD10K-CAM-2-Terrestrial-23-Cat-1463.png,Edge/COD10K-CAM-2-Terrestrial-23-Cat-1463.png
Imgs/COD10K-CAM-2-Terrestrial-23-Cat-1464.jpg,GT/COD10K-CAM-2-Terrestrial-23-Cat-1464.png,Edge/COD10K-CAM-2-Terrestrial-23-Cat-1464.png
Imgs/COD10K-CAM-2-Terrestrial-23-Cat-1467.jpg,GT/COD10K-CAM-2-Terrestrial-23-Cat-1467.png,Edge/COD10K-CAM-2-Terrestrial-23-Cat-1467.png
Imgs/COD10K-CAM-2-Terrestrial-23-Cat-1468.jpg,GT/COD10K-CAM-2-Terrestrial-23-Cat-1468.png,Edge/COD10K-CAM-2-Terrestrial-23-Cat-1468.png
Imgs/COD10K-CAM-2-Terrestrial-23-Cat-1469.jpg,GT/COD10K-CAM-2-Terrestrial-23-Cat-1469.png,Edge/COD10K-CAM-2-Terrestrial-23-Cat-1469.png
Imgs/COD10K-CAM-2-Terrestrial-23-Cat-1470.jpg,GT/COD10K-CAM-2-Terrestrial-23-Cat-1470.png,Edge/COD10K-CAM-2-Terrestrial-23-Cat-1470.png
Imgs/COD10K-CAM-2-Terrestrial-23-Cat-1473.jpg,GT/COD10K-CAM-2-Terrestrial-23-Cat-1473.png,Edge/COD10K-CAM-2-Terrestrial-23-Cat-1473.png
Imgs/COD10K-CAM-2-Terrestrial-23-Cat-1477.jpg,GT/COD10K-CAM-2-Terrestrial-23-Cat-1477.png,Edge/COD10K-CAM-2-Terrestrial-23-Cat-1477.png
Imgs/COD10K-CAM-2-Terrestrial-23-Cat-1478.jpg,GT/COD10K-CAM-2-Terrestrial-23-Cat-1478.png,Edge/COD10K-CAM-2-Terrestrial-23-Cat-1478.png
Imgs/COD10K-CAM-2-Terrestrial-23-Cat-1480.jpg,GT/COD10K-CAM-2-Terrestrial-23-Cat-1480.png,Edge/COD10K-CAM-2-Terrestrial-23-Cat-1480.png
Imgs/COD10K-CAM-2-Terrestrial-23-Cat-1482.jpg,GT/COD10K-CAM-2-Terrestrial-23-Cat-1482.png,Edge/COD10K-CAM-2-Terrestrial-23-Cat-1482.png
Imgs/COD10K-CAM-2-Terrestrial-23-Cat-1484.jpg,GT/COD10K-CAM-2-Terrestrial-23-Cat-1484.png,Edge/COD10K-CAM-2-Terrestrial-23-Cat-1484.png
Imgs/COD10K-CAM-2-Terrestrial-23-Cat-1486.jpg,GT/COD10K-CAM-2-Terrestrial-23-Cat-1486.png,Edge/COD10K-CAM-2-Terrestrial-23-Cat-1486.png
Imgs/COD10K-CAM-2-Terrestrial-23-Cat-1487.jpg,GT/COD10K-CAM-2-Terrestrial-23-Cat-1487.png,Edge/COD10K-CAM-2-Terrestrial-23-Cat-1487.png
Imgs/COD10K-CAM-2-Terrestrial-23-Cat-1489.jpg,GT/COD10K-CAM-2-Terrestrial-23-Cat-1489.png,Edge/COD10K-CAM-2-Terrestrial-23-Cat-1489.png
Imgs/COD10K-CAM-2-Terrestrial-23-Cat-1493.jpg,GT/COD10K-CAM-2-Terrestrial-23-Cat-1493.png,Edge/COD10K-CAM-2-Terrestrial-23-Cat-1493.png
Imgs/COD10K-CAM-2-Terrestrial-23-Cat-1495.jpg,GT/COD10K-CAM-2-Terrestrial-23-Cat-1495.png,Edge/COD10K-CAM-2-Terrestrial-23-Cat-1495.png
Imgs/COD10K-CAM-2-Terrestrial-23-Cat-1497.jpg,GT/COD10K-CAM-2-Terrestrial-23-Cat-1497.png,Edge/COD10K-CAM-2-Terrestrial-23-Cat-1497.png
Imgs/COD10K-CAM-2-Terrestrial-23-Cat-1499.jpg,GT/COD10K-CAM-2-Terrestrial-23-Cat-1499.png,Edge/COD10K-CAM-2-Terrestrial-23-Cat-1499.png
Imgs/COD10K-CAM-2-Terrestrial-23-Cat-1501.jpg,GT/COD10K-CAM-2-Terrestrial-23-Cat-1501.png,Edge/COD10K-CAM-2-Terrestrial-23-Cat-1501.png
Imgs/COD10K-CAM-2-Terrestrial-23-Cat-1502.jpg,GT/COD10K-CAM-2-Terrestrial-23-Cat-1502.png,Edge/COD10K-CAM-2-Terrestrial-23-Cat-1502.png
Imgs/COD10K-CAM-2-Terrestrial-23-Cat-1503.jpg,GT/COD10K-CAM-2-Terrestrial-23-Cat-1503.png,Edge/COD10K-CAM-2-Terrestrial-23-Cat-1503.png
Imgs/COD10K-CAM-2-Terrestrial-23-Cat-1504.jpg,GT/COD10K-CAM-2-Terrestrial-23-Cat-1504.png,Edge/COD10K-CAM-2-Terrestrial-23-Cat-1504.png
Imgs/COD10K-CAM-2-Terrestrial-23-Cat-1506.jpg,GT/COD10K-CAM-2-Terrestrial-23-Cat-1506.png,Edge/COD10K-CAM-2-Terrestrial-23-Cat-1506.png
Imgs/COD10K-CAM-2-Terrestrial-23-Cat-1507.jpg,GT/COD10K-CAM-2-Terrestrial-23-Cat-1507.png,Edge/COD10K-CAM-2-Terrestrial-23-Cat-1507.png
Imgs/COD10K-CAM-2-Terrestrial-23-Cat-1509.jpg,GT/COD10K-CAM-2-Terrestrial-23-Cat-1509.png,Edge/COD10K-CAM-2-Terrestrial-23-Cat-1509.png
Imgs/COD10K-CAM-2-Terrestrial-23-Cat-1511.jpg,GT/COD10K-CAM-2-Terrestrial-23-Cat-1511.png,Edge/COD10K-CAM-2-Terrestrial-23-Cat-1511.png
Imgs/COD10K-CAM-2-Terrestrial-23-Cat-1513.jpg,GT/COD10K-CAM-2-Terrestrial-23-Cat-1513.png,Edge/COD10K-CAM-2-Terrestrial-23-Cat-1513.png
Imgs/COD10K-CAM-2-Terrestrial-23-Cat-1517.jpg,GT/COD10K-CAM-2-Terrestrial-23-Cat-1517.png,Edge/COD10K-CAM-2-Terrestrial-23-Cat-1517.png
Imgs/COD10K-CAM-2-Terrestrial-23-Cat-1518.jpg,GT/COD10K-CAM-2-Terrestrial-23-Cat-1518.png,Edge/COD10K-CAM-2-Terrestrial-23-Cat-1518.png
Imgs/COD10K-CAM-2-Terrestrial-23-Cat-1519.jpg,GT/COD10K-CAM-2-Terrestrial-23-Cat-1519.png,Edge/COD10K-CAM-2-Terrestrial-23-Cat-1519.png
Imgs/COD10K-CAM-2-Terrestrial-23-Cat-1521.jpg,GT/COD10K-CAM-2-Terrestrial-23-Cat-1521.png,Edge/COD10K-CAM-2-Terrestrial-23-Cat-1521.png
Imgs/COD10K-CAM-2-Terrestrial-23-Cat-1525.jpg,GT/COD10K-CAM-2-Terrestrial-23-Cat-1525.png,Edge/COD10K-CAM-2-Terrestrial-23-Cat-1525.png
Imgs/COD10K-CAM-2-Terrestrial-23-Cat-1528.jpg,GT/COD10K-CAM-2-Terrestrial-23-Cat-1528.png,Edge/COD10K-CAM-2-Terrestrial-23-Cat-1528.png
Imgs/COD10K-CAM-2-Terrestrial-23-Cat-1529.jpg,GT/COD10K-CAM-2-Terrestrial-23-Cat-1529.png,Edge/COD10K-CAM-2-Terrestrial-23-Cat-1529.png
Imgs/COD10K-CAM-2-Terrestrial-23-Cat-1533.jpg,GT/COD10K-CAM-2-Terrestrial-23-Cat-1533.png,Edge/COD10K-CAM-2-Terrestrial-23-Cat-1533.png
Imgs/COD10K-CAM-2-Terrestrial-23-Cat-1535.jpg,GT/COD10K-CAM-2-Terrestrial-23-Cat-1535.png,Edge/COD10K-CAM-2-Terrestrial-23-Cat-1535.png
Imgs/COD10K-CAM-2-Terrestrial-23-Cat-1536.jpg,GT/COD10K-CAM-2-Terrestrial-23-Cat-1536.png,Edge/COD10K-CAM-2-Terrestrial-23-Cat-1536.png
Imgs/COD10K-CAM-2-Terrestrial-23-Cat-1538.jpg,GT/COD10K-CAM-2-Terrestrial-23-Cat-1538.png,Edge/COD10K-CAM-2-Terrestrial-23-Cat-1538.png
Imgs/COD10K-CAM-2-Terrestrial-23-Cat-1539.jpg,GT/COD10K-CAM-2-Terrestrial-23-Cat-1539.png,Edge/COD10K-CAM-2-Terrestrial-23-Cat-1539.png
Imgs/COD10K-CAM-2-Terrestrial-23-Cat-1540.jpg,GT/COD10K-CAM-2-Terrestrial-23-Cat-1540.png,Edge/COD10K-CAM-2-Terrestrial-23-Cat-1540.png
Imgs/COD10K-CAM-2-Terrestrial-24-Caterpillar-1542.jpg,GT/COD10K-CAM-2-Terrestrial-24-Caterpillar-1542.png,Edge/COD10K-CAM-2-Terrestrial-24-Caterpillar-1542.png
Imgs/COD10K-CAM-2-Terrestrial-24-Caterpillar-1544.jpg,GT/COD10K-CAM-2-Terrestrial-24-Caterpillar-1544.png,Edge/COD10K-CAM-2-Terrestrial-24-Caterpillar-1544.png
Imgs/COD10K-CAM-2-Terrestrial-24-Caterpillar-1547.jpg,GT/COD10K-CAM-2-Terrestrial-24-Caterpillar-1547.png,Edge/COD10K-CAM-2-Terrestrial-24-Caterpillar-1547.png
Imgs/COD10K-CAM-2-Terrestrial-24-Caterpillar-1549.jpg,GT/COD10K-CAM-2-Terrestrial-24-Caterpillar-1549.png,Edge/COD10K-CAM-2-Terrestrial-24-Caterpillar-1549.png
Imgs/COD10K-CAM-2-Terrestrial-24-Caterpillar-1550.jpg,GT/COD10K-CAM-2-Terrestrial-24-Caterpillar-1550.png,Edge/COD10K-CAM-2-Terrestrial-24-Caterpillar-1550.png
Imgs/COD10K-CAM-2-Terrestrial-24-Caterpillar-1551.jpg,GT/COD10K-CAM-2-Terrestrial-24-Caterpillar-1551.png,Edge/COD10K-CAM-2-Terrestrial-24-Caterpillar-1551.png
Imgs/COD10K-CAM-2-Terrestrial-24-Caterpillar-1553.jpg,GT/COD10K-CAM-2-Terrestrial-24-Caterpillar-1553.png,Edge/COD10K-CAM-2-Terrestrial-24-Caterpillar-1553.png
Imgs/COD10K-CAM-2-Terrestrial-24-Caterpillar-1554.jpg,GT/COD10K-CAM-2-Terrestrial-24-Caterpillar-1554.png,Edge/COD10K-CAM-2-Terrestrial-24-Caterpillar-1554.png
Imgs/COD10K-CAM-2-Terrestrial-24-Caterpillar-1555.jpg,GT/COD10K-CAM-2-Terrestrial-24-Caterpillar-1555.png,Edge/COD10K-CAM-2-Terrestrial-24-Caterpillar-1555.png
Imgs/COD10K-CAM-2-Terrestrial-24-Caterpillar-1556.jpg,GT/COD10K-CAM-2-Terrestrial-24-Caterpillar-1556.png,Edge/COD10K-CAM-2-Terrestrial-24-Caterpillar-1556.png
Imgs/COD10K-CAM-2-Terrestrial-24-Caterpillar-1558.jpg,GT/COD10K-CAM-2-Terrestrial-24-Caterpillar-1558.png,Edge/COD10K-CAM-2-Terrestrial-24-Caterpillar-1558.png
Imgs/COD10K-CAM-2-Terrestrial-24-Caterpillar-1559.jpg,GT/COD10K-CAM-2-Terrestrial-24-Caterpillar-1559.png,Edge/COD10K-CAM-2-Terrestrial-24-Caterpillar-1559.png
Imgs/COD10K-CAM-2-Terrestrial-24-Caterpillar-1561.jpg,GT/COD10K-CAM-2-Terrestrial-24-Caterpillar-1561.png,Edge/COD10K-CAM-2-Terrestrial-24-Caterpillar-1561.png
Imgs/COD10K-CAM-2-Terrestrial-24-Caterpillar-1562.jpg,GT/COD10K-CAM-2-Terrestrial-24-Caterpillar-1562.png,Edge/COD10K-CAM-2-Terrestrial-24-Caterpillar-1562.png
Imgs/COD10K-CAM-2-Terrestrial-24-Caterpillar-1563.jpg,GT/COD10K-CAM-2-Terrestrial-24-Caterpillar-1563.png,Edge/COD10K-CAM-2-Terrestrial-24-Caterpillar-1563.png
Imgs/COD10K-CAM-2-Terrestrial-24-Caterpillar-1566.jpg,GT/COD10K-CAM-2-Terrestrial-24-Caterpillar-1566.png,Edge/COD10K-CAM-2-Terrestrial-24-Caterpillar-1566.png
Imgs/COD10K-CAM-2-Terrestrial-24-Caterpillar-1569.jpg,GT/COD10K-CAM-2-Terrestrial-24-Caterpillar-1569.png,Edge/COD10K-CAM-2-Terrestrial-24-Caterpillar-1569.png
Imgs/COD10K-CAM-2-Terrestrial-24-Caterpillar-1571.jpg,GT/COD10K-CAM-2-Terrestrial-24-Caterpillar-1571.png,Edge/COD10K-CAM-2-Terrestrial-24-Caterpillar-1571.png
Imgs/COD10K-CAM-2-Terrestrial-24-Caterpillar-1573.jpg,GT/COD10K-CAM-2-Terrestrial-24-Caterpillar-1573.png,Edge/COD10K-CAM-2-Terrestrial-24-Caterpillar-1573.png
Imgs/COD10K-CAM-2-Terrestrial-24-Caterpillar-1575.jpg,GT/COD10K-CAM-2-Terrestrial-24-Caterpillar-1575.png,Edge/COD10K-CAM-2-Terrestrial-24-Caterpillar-1575.png
Imgs/COD10K-CAM-2-Terrestrial-24-Caterpillar-1576.jpg,GT/COD10K-CAM-2-Terrestrial-24-Caterpillar-1576.png,Edge/COD10K-CAM-2-Terrestrial-24-Caterpillar-1576.png
Imgs/COD10K-CAM-2-Terrestrial-24-Caterpillar-1577.jpg,GT/COD10K-CAM-2-Terrestrial-24-Caterpillar-1577.png,Edge/COD10K-CAM-2-Terrestrial-24-Caterpillar-1577.png
Imgs/COD10K-CAM-2-Terrestrial-24-Caterpillar-1578.jpg,GT/COD10K-CAM-2-Terrestrial-24-Caterpillar-1578.png,Edge/COD10K-CAM-2-Terrestrial-24-Caterpillar-1578.png
Imgs/COD10K-CAM-2-Terrestrial-24-Caterpillar-1579.jpg,GT/COD10K-CAM-2-Terrestrial-24-Caterpillar-1579.png,Edge/COD10K-CAM-2-Terrestrial-24-Caterpillar-1579.png
Imgs/COD10K-CAM-2-Terrestrial-24-Caterpillar-1580.jpg,GT/COD10K-CAM-2-Terrestrial-24-Caterpillar-1580.png,Edge/COD10K-CAM-2-Terrestrial-24-Caterpillar-1580.png
Imgs/COD10K-CAM-2-Terrestrial-24-Caterpillar-1583.jpg,GT/COD10K-CAM-2-Terrestrial-24-Caterpillar-1583.png,Edge/COD10K-CAM-2-Terrestrial-24-Caterpillar-1583.png
Imgs/COD10K-CAM-2-Terrestrial-24-Caterpillar-1584.jpg,GT/COD10K-CAM-2-Terrestrial-24-Caterpillar-1584.png,Edge/COD10K-CAM-2-Terrestrial-24-Caterpillar-1584.png
Imgs/COD10K-CAM-2-Terrestrial-24-Caterpillar-1585.jpg,GT/COD10K-CAM-2-Terrestrial-24-Caterpillar-1585.png,Edge/COD10K-CAM-2-Terrestrial-24-Caterpillar-1585.png
Imgs/COD10K-CAM-2-Terrestrial-24-Caterpillar-1586.jpg,GT/COD10K-CAM-2-Terrestrial-24-Caterpillar-1586.png,Edge/COD10K-CAM-2-Terrestrial-24-Caterpillar-1586.png
Imgs/COD10K-CAM-2-Terrestrial-24-Caterpillar-1588.jpg,GT/COD10K-CAM-2-Terrestrial-24-Caterpillar-1588.png,Edge/COD10K-CAM-2-Terrestrial-24-Caterpillar-1588.png
Imgs/COD10K-CAM-2-Terrestrial-24-Caterpillar-1589.jpg,GT/COD10K-CAM-2-Terrestrial-24-Caterpillar-1589.png,Edge/COD10K-CAM-2-Terrestrial-24-Caterpillar-1589.png
Imgs/COD10K-CAM-2-Terrestrial-24-Caterpillar-1590.jpg,GT/COD10K-CAM-2-Terrestrial-24-Caterpillar-1590.png,Edge/COD10K-CAM-2-Terrestrial-24-Caterpillar-1590.png
Imgs/COD10K-CAM-2-Terrestrial-24-Caterpillar-1592.jpg,GT/COD10K-CAM-2-Terrestrial-24-Caterpillar-1592.png,Edge/COD10K-CAM-2-Terrestrial-24-Caterpillar-1592.png
Imgs/COD10K-CAM-2-Terrestrial-24-Caterpillar-1593.jpg,GT/COD10K-CAM-2-Terrestrial-24-Caterpillar-1593.png,Edge/COD10K-CAM-2-Terrestrial-24-Caterpillar-1593.png
Imgs/COD10K-CAM-2-Terrestrial-24-Caterpillar-1595.jpg,GT/COD10K-CAM-2-Terrestrial-24-Caterpillar-1595.png,Edge/COD10K-CAM-2-Terrestrial-24-Caterpillar-1595.png
Imgs/COD10K-CAM-2-Terrestrial-24-Caterpillar-1598.jpg,GT/COD10K-CAM-2-Terrestrial-24-Caterpillar-1598.png,Edge/COD10K-CAM-2-Terrestrial-24-Caterpillar-1598.png
Imgs/COD10K-CAM-2-Terrestrial-24-Caterpillar-1599.jpg,GT/COD10K-CAM-2-Terrestrial-24-Caterpillar-1599.png,Edge/COD10K-CAM-2-Terrestrial-24-Caterpillar-1599.png
Imgs/COD10K-CAM-2-Terrestrial-24-Caterpillar-1600.jpg,GT/COD10K-CAM-2-Terrestrial-24-Caterpillar-1600.png,Edge/COD10K-CAM-2-Terrestrial-24-Caterpillar-1600.png
Imgs/COD10K-CAM-2-Terrestrial-24-Caterpillar-1601.jpg,GT/COD10K-CAM-2-Terrestrial-24-Caterpillar-1601.png,Edge/COD10K-CAM-2-Terrestrial-24-Caterpillar-1601.png
Imgs/COD10K-CAM-2-Terrestrial-24-Caterpillar-1603.jpg,GT/COD10K-CAM-2-Terrestrial-24-Caterpillar-1603.png,Edge/COD10K-CAM-2-Terrestrial-24-Caterpillar-1603.png
Imgs/COD10K-CAM-2-Terrestrial-24-Caterpillar-1604.jpg,GT/COD10K-CAM-2-Terrestrial-24-Caterpillar-1604.png,Edge/COD10K-CAM-2-Terrestrial-24-Caterpillar-1604.png
Imgs/COD10K-CAM-2-Terrestrial-24-Caterpillar-1605.jpg,GT/COD10K-CAM-2-Terrestrial-24-Caterpillar-1605.png,Edge/COD10K-CAM-2-Terrestrial-24-Caterpillar-1605.png
Imgs/COD10K-CAM-2-Terrestrial-24-Caterpillar-1606.jpg,GT/COD10K-CAM-2-Terrestrial-24-Caterpillar-1606.png,Edge/COD10K-CAM-2-Terrestrial-24-Caterpillar-1606.png
Imgs/COD10K-CAM-2-Terrestrial-24-Caterpillar-1609.jpg,GT/COD10K-CAM-2-Terrestrial-24-Caterpillar-1609.png,Edge/COD10K-CAM-2-Terrestrial-24-Caterpillar-1609.png
Imgs/COD10K-CAM-2-Terrestrial-24-Caterpillar-1610.jpg,GT/COD10K-CAM-2-Terrestrial-24-Caterpillar-1610.png,Edge/COD10K-CAM-2-Terrestrial-24-Caterpillar-1610.png
Imgs/COD10K-CAM-2-Terrestrial-24-Caterpillar-1611.jpg,GT/COD10K-CAM-2-Terrestrial-24-Caterpillar-1611.png,Edge/COD10K-CAM-2-Terrestrial-24-Caterpillar-1611.png
Imgs/COD10K-CAM-2-Terrestrial-24-Caterpillar-1612.jpg,GT/COD10K-CAM-2-Terrestrial-24-Caterpillar-1612.png,Edge/COD10K-CAM-2-Terrestrial-24-Caterpillar-1612.png
Imgs/COD10K-CAM-2-Terrestrial-24-Caterpillar-1613.jpg,GT/COD10K-CAM-2-Terrestrial-24-Caterpillar-1613.png,Edge/COD10K-CAM-2-Terrestrial-24-Caterpillar-1613.png
Imgs/COD10K-CAM-2-Terrestrial-24-Caterpillar-1614.jpg,GT/COD10K-CAM-2-Terrestrial-24-Caterpillar-1614.png,Edge/COD10K-CAM-2-Terrestrial-24-Caterpillar-1614.png
Imgs/COD10K-CAM-2-Terrestrial-24-Caterpillar-1615.jpg,GT/COD10K-CAM-2-Terrestrial-24-Caterpillar-1615.png,Edge/COD10K-CAM-2-Terrestrial-24-Caterpillar-1615.png
Imgs/COD10K-CAM-2-Terrestrial-24-Caterpillar-1617.jpg,GT/COD10K-CAM-2-Terrestrial-24-Caterpillar-1617.png,Edge/COD10K-CAM-2-Terrestrial-24-Caterpillar-1617.png
Imgs/COD10K-CAM-2-Terrestrial-24-Caterpillar-1618.jpg,GT/COD10K-CAM-2-Terrestrial-24-Caterpillar-1618.png,Edge/COD10K-CAM-2-Terrestrial-24-Caterpillar-1618.png
Imgs/COD10K-CAM-2-Terrestrial-24-Caterpillar-1619.jpg,GT/COD10K-CAM-2-Terrestrial-24-Caterpillar-1619.png,Edge/COD10K-CAM-2-Terrestrial-24-Caterpillar-1619.png
Imgs/COD10K-CAM-2-Terrestrial-24-Caterpillar-1620.jpg,GT/COD10K-CAM-2-Terrestrial-24-Caterpillar-1620.png,Edge/COD10K-CAM-2-Terrestrial-24-Caterpillar-1620.png
Imgs/COD10K-CAM-2-Terrestrial-24-Caterpillar-1624.jpg,GT/COD10K-CAM-2-Terrestrial-24-Caterpillar-1624.png,Edge/COD10K-CAM-2-Terrestrial-24-Caterpillar-1624.png
Imgs/COD10K-CAM-2-Terrestrial-24-Caterpillar-1625.jpg,GT/COD10K-CAM-2-Terrestrial-24-Caterpillar-1625.png,Edge/COD10K-CAM-2-Terrestrial-24-Caterpillar-1625.png
Imgs/COD10K-CAM-2-Terrestrial-24-Caterpillar-1627.jpg,GT/COD10K-CAM-2-Terrestrial-24-Caterpillar-1627.png,Edge/COD10K-CAM-2-Terrestrial-24-Caterpillar-1627.png
Imgs/COD10K-CAM-2-Terrestrial-24-Caterpillar-1628.jpg,GT/COD10K-CAM-2-Terrestrial-24-Caterpillar-1628.png,Edge/COD10K-CAM-2-Terrestrial-24-Caterpillar-1628.png
Imgs/COD10K-CAM-2-Terrestrial-24-Caterpillar-1629.jpg,GT/COD10K-CAM-2-Terrestrial-24-Caterpillar-1629.png,Edge/COD10K-CAM-2-Terrestrial-24-Caterpillar-1629.png
Imgs/COD10K-CAM-2-Terrestrial-24-Caterpillar-1630.jpg,GT/COD10K-CAM-2-Terrestrial-24-Caterpillar-1630.png,Edge/COD10K-CAM-2-Terrestrial-24-Caterpillar-1630.png
Imgs/COD10K-CAM-2-Terrestrial-24-Caterpillar-1631.jpg,GT/COD10K-CAM-2-Terrestrial-24-Caterpillar-1631.png,Edge/COD10K-CAM-2-Terrestrial-24-Caterpillar-1631.png
Imgs/COD10K-CAM-2-Terrestrial-24-Caterpillar-1632.jpg,GT/COD10K-CAM-2-Terrestrial-24-Caterpillar-1632.png,Edge/COD10K-CAM-2-Terrestrial-24-Caterpillar-1632.png
Imgs/COD10K-CAM-2-Terrestrial-24-Caterpillar-1634.jpg,GT/COD10K-CAM-2-Terrestrial-24-Caterpillar-1634.png,Edge/COD10K-CAM-2-Terrestrial-24-Caterpillar-1634.png
Imgs/COD10K-CAM-2-Terrestrial-24-Caterpillar-1635.jpg,GT/COD10K-CAM-2-Terrestrial-24-Caterpillar-1635.png,Edge/COD10K-CAM-2-Terrestrial-24-Caterpillar-1635.png
Imgs/COD10K-CAM-2-Terrestrial-24-Caterpillar-1636.jpg,GT/COD10K-CAM-2-Terrestrial-24-Caterpillar-1636.png,Edge/COD10K-CAM-2-Terrestrial-24-Caterpillar-1636.png
Imgs/COD10K-CAM-2-Terrestrial-24-Caterpillar-1637.jpg,GT/COD10K-CAM-2-Terrestrial-24-Caterpillar-1637.png,Edge/COD10K-CAM-2-Terrestrial-24-Caterpillar-1637.png
Imgs/COD10K-CAM-2-Terrestrial-24-Caterpillar-1638.jpg,GT/COD10K-CAM-2-Terrestrial-24-Caterpillar-1638.png,Edge/COD10K-CAM-2-Terrestrial-24-Caterpillar-1638.png
Imgs/COD10K-CAM-2-Terrestrial-24-Caterpillar-1639.jpg,GT/COD10K-CAM-2-Terrestrial-24-Caterpillar-1639.png,Edge/COD10K-CAM-2-Terrestrial-24-Caterpillar-1639.png
Imgs/COD10K-CAM-2-Terrestrial-24-Caterpillar-1640.jpg,GT/COD10K-CAM-2-Terrestrial-24-Caterpillar-1640.png,Edge/COD10K-CAM-2-Terrestrial-24-Caterpillar-1640.png
Imgs/COD10K-CAM-2-Terrestrial-24-Caterpillar-1642.jpg,GT/COD10K-CAM-2-Terrestrial-24-Caterpillar-1642.png,Edge/COD10K-CAM-2-Terrestrial-24-Caterpillar-1642.png
Imgs/COD10K-CAM-2-Terrestrial-24-Caterpillar-1646.jpg,GT/COD10K-CAM-2-Terrestrial-24-Caterpillar-1646.png,Edge/COD10K-CAM-2-Terrestrial-24-Caterpillar-1646.png
Imgs/COD10K-CAM-2-Terrestrial-24-Caterpillar-1647.jpg,GT/COD10K-CAM-2-Terrestrial-24-Caterpillar-1647.png,Edge/COD10K-CAM-2-Terrestrial-24-Caterpillar-1647.png
Imgs/COD10K-CAM-2-Terrestrial-24-Caterpillar-1648.jpg,GT/COD10K-CAM-2-Terrestrial-24-Caterpillar-1648.png,Edge/COD10K-CAM-2-Terrestrial-24-Caterpillar-1648.png
Imgs/COD10K-CAM-2-Terrestrial-24-Caterpillar-1649.jpg,GT/COD10K-CAM-2-Terrestrial-24-Caterpillar-1649.png,Edge/COD10K-CAM-2-Terrestrial-24-Caterpillar-1649.png
Imgs/COD10K-CAM-2-Terrestrial-24-Caterpillar-1651.jpg,GT/COD10K-CAM-2-Terrestrial-24-Caterpillar-1651.png,Edge/COD10K-CAM-2-Terrestrial-24-Caterpillar-1651.png
Imgs/COD10K-CAM-2-Terrestrial-24-Caterpillar-1654.jpg,GT/COD10K-CAM-2-Terrestrial-24-Caterpillar-1654.png,Edge/COD10K-CAM-2-Terrestrial-24-Caterpillar-1654.png
Imgs/COD10K-CAM-2-Terrestrial-25-Centipede-1656.jpg,GT/COD10K-CAM-2-Terrestrial-25-Centipede-1656.png,Edge/COD10K-CAM-2-Terrestrial-25-Centipede-1656.png
Imgs/COD10K-CAM-2-Terrestrial-25-Centipede-1657.jpg,GT/COD10K-CAM-2-Terrestrial-25-Centipede-1657.png,Edge/COD10K-CAM-2-Terrestrial-25-Centipede-1657.png
Imgs/COD10K-CAM-2-Terrestrial-25-Centipede-1660.jpg,GT/COD10K-CAM-2-Terrestrial-25-Centipede-1660.png,Edge/COD10K-CAM-2-Terrestrial-25-Centipede-1660.png
Imgs/COD10K-CAM-2-Terrestrial-25-Centipede-1661.jpg,GT/COD10K-CAM-2-Terrestrial-25-Centipede-1661.png,Edge/COD10K-CAM-2-Terrestrial-25-Centipede-1661.png
Imgs/COD10K-CAM-2-Terrestrial-25-Centipede-1662.jpg,GT/COD10K-CAM-2-Terrestrial-25-Centipede-1662.png,Edge/COD10K-CAM-2-Terrestrial-25-Centipede-1662.png
Imgs/COD10K-CAM-2-Terrestrial-26-Chameleon-1664.jpg,GT/COD10K-CAM-2-Terrestrial-26-Chameleon-1664.png,Edge/COD10K-CAM-2-Terrestrial-26-Chameleon-1664.png
Imgs/COD10K-CAM-2-Terrestrial-26-Chameleon-1665.jpg,GT/COD10K-CAM-2-Terrestrial-26-Chameleon-1665.png,Edge/COD10K-CAM-2-Terrestrial-26-Chameleon-1665.png
Imgs/COD10K-CAM-2-Terrestrial-26-Chameleon-1666.jpg,GT/COD10K-CAM-2-Terrestrial-26-Chameleon-1666.png,Edge/COD10K-CAM-2-Terrestrial-26-Chameleon-1666.png
Imgs/COD10K-CAM-2-Terrestrial-26-Chameleon-1668.jpg,GT/COD10K-CAM-2-Terrestrial-26-Chameleon-1668.png,Edge/COD10K-CAM-2-Terrestrial-26-Chameleon-1668.png
Imgs/COD10K-CAM-2-Terrestrial-26-Chameleon-1669.jpg,GT/COD10K-CAM-2-Terrestrial-26-Chameleon-1669.png,Edge/COD10K-CAM-2-Terrestrial-26-Chameleon-1669.png
Imgs/COD10K-CAM-2-Terrestrial-26-Chameleon-1672.jpg,GT/COD10K-CAM-2-Terrestrial-26-Chameleon-1672.png,Edge/COD10K-CAM-2-Terrestrial-26-Chameleon-1672.png
Imgs/COD10K-CAM-2-Terrestrial-26-Chameleon-1673.jpg,GT/COD10K-CAM-2-Terrestrial-26-Chameleon-1673.png,Edge/COD10K-CAM-2-Terrestrial-26-Chameleon-1673.png
Imgs/COD10K-CAM-2-Terrestrial-26-Chameleon-1674.jpg,GT/COD10K-CAM-2-Terrestrial-26-Chameleon-1674.png,Edge/COD10K-CAM-2-Terrestrial-26-Chameleon-1674.png
Imgs/COD10K-CAM-2-Terrestrial-26-Chameleon-1675.jpg,GT/COD10K-CAM-2-Terrestrial-26-Chameleon-1675.png,Edge/COD10K-CAM-2-Terrestrial-26-Chameleon-1675.png
Imgs/COD10K-CAM-2-Terrestrial-26-Chameleon-1677.jpg,GT/COD10K-CAM-2-Terrestrial-26-Chameleon-1677.png,Edge/COD10K-CAM-2-Terrestrial-26-Chameleon-1677.png
Imgs/COD10K-CAM-2-Terrestrial-26-Chameleon-1678.jpg,GT/COD10K-CAM-2-Terrestrial-26-Chameleon-1678.png,Edge/COD10K-CAM-2-Terrestrial-26-Chameleon-1678.png
Imgs/COD10K-CAM-2-Terrestrial-26-Chameleon-1679.jpg,GT/COD10K-CAM-2-Terrestrial-26-Chameleon-1679.png,Edge/COD10K-CAM-2-Terrestrial-26-Chameleon-1679.png
Imgs/COD10K-CAM-2-Terrestrial-26-Chameleon-1680.jpg,GT/COD10K-CAM-2-Terrestrial-26-Chameleon-1680.png,Edge/COD10K-CAM-2-Terrestrial-26-Chameleon-1680.png
Imgs/COD10K-CAM-2-Terrestrial-26-Chameleon-1682.jpg,GT/COD10K-CAM-2-Terrestrial-26-Chameleon-1682.png,Edge/COD10K-CAM-2-Terrestrial-26-Chameleon-1682.png
Imgs/COD10K-CAM-2-Terrestrial-26-Chameleon-1683.jpg,GT/COD10K-CAM-2-Terrestrial-26-Chameleon-1683.png,Edge/COD10K-CAM-2-Terrestrial-26-Chameleon-1683.png
Imgs/COD10K-CAM-2-Terrestrial-26-Chameleon-1684.jpg,GT/COD10K-CAM-2-Terrestrial-26-Chameleon-1684.png,Edge/COD10K-CAM-2-Terrestrial-26-Chameleon-1684.png
Imgs/COD10K-CAM-2-Terrestrial-26-Chameleon-1685.jpg,GT/COD10K-CAM-2-Terrestrial-26-Chameleon-1685.png,Edge/COD10K-CAM-2-Terrestrial-26-Chameleon-1685.png
Imgs/COD10K-CAM-2-Terrestrial-26-Chameleon-1686.jpg,GT/COD10K-CAM-2-Terrestrial-26-Chameleon-1686.png,Edge/COD10K-CAM-2-Terrestrial-26-Chameleon-1686.png
Imgs/COD10K-CAM-2-Terrestrial-26-Chameleon-1687.jpg,GT/COD10K-CAM-2-Terrestrial-26-Chameleon-1687.png,Edge/COD10K-CAM-2-Terrestrial-26-Chameleon-1687.png
Imgs/COD10K-CAM-2-Terrestrial-26-Chameleon-1690.jpg,GT/COD10K-CAM-2-Terrestrial-26-Chameleon-1690.png,Edge/COD10K-CAM-2-Terrestrial-26-Chameleon-1690.png
Imgs/COD10K-CAM-2-Terrestrial-26-Chameleon-1691.jpg,GT/COD10K-CAM-2-Terrestrial-26-Chameleon-1691.png,Edge/COD10K-CAM-2-Terrestrial-26-Chameleon-1691.png
Imgs/COD10K-CAM-2-Terrestrial-26-Chameleon-1694.jpg,GT/COD10K-CAM-2-Terrestrial-26-Chameleon-1694.png,Edge/COD10K-CAM-2-Terrestrial-26-Chameleon-1694.png
Imgs/COD10K-CAM-2-Terrestrial-26-Chameleon-1695.jpg,GT/COD10K-CAM-2-Terrestrial-26-Chameleon-1695.png,Edge/COD10K-CAM-2-Terrestrial-26-Chameleon-1695.png
Imgs/COD10K-CAM-2-Terrestrial-26-Chameleon-1700.jpg,GT/COD10K-CAM-2-Terrestrial-26-Chameleon-1700.png,Edge/COD10K-CAM-2-Terrestrial-26-Chameleon-1700.png
Imgs/COD10K-CAM-2-Terrestrial-26-Chameleon-1702.jpg,GT/COD10K-CAM-2-Terrestrial-26-Chameleon-1702.png,Edge/COD10K-CAM-2-Terrestrial-26-Chameleon-1702.png
Imgs/COD10K-CAM-2-Terrestrial-26-Chameleon-1704.jpg,GT/COD10K-CAM-2-Terrestrial-26-Chameleon-1704.png,Edge/COD10K-CAM-2-Terrestrial-26-Chameleon-1704.png
Imgs/COD10K-CAM-2-Terrestrial-26-Chameleon-1708.jpg,GT/COD10K-CAM-2-Terrestrial-26-Chameleon-1708.png,Edge/COD10K-CAM-2-Terrestrial-26-Chameleon-1708.png
Imgs/COD10K-CAM-2-Terrestrial-26-Chameleon-1710.jpg,GT/COD10K-CAM-2-Terrestrial-26-Chameleon-1710.png,Edge/COD10K-CAM-2-Terrestrial-26-Chameleon-1710.png
Imgs/COD10K-CAM-2-Terrestrial-26-Chameleon-1712.jpg,GT/COD10K-CAM-2-Terrestrial-26-Chameleon-1712.png,Edge/COD10K-CAM-2-Terrestrial-26-Chameleon-1712.png
Imgs/COD10K-CAM-2-Terrestrial-26-Chameleon-1714.jpg,GT/COD10K-CAM-2-Terrestrial-26-Chameleon-1714.png,Edge/COD10K-CAM-2-Terrestrial-26-Chameleon-1714.png
Imgs/COD10K-CAM-2-Terrestrial-26-Chameleon-1715.jpg,GT/COD10K-CAM-2-Terrestrial-26-Chameleon-1715.png,Edge/COD10K-CAM-2-Terrestrial-26-Chameleon-1715.png
Imgs/COD10K-CAM-2-Terrestrial-26-Chameleon-1717.jpg,GT/COD10K-CAM-2-Terrestrial-26-Chameleon-1717.png,Edge/COD10K-CAM-2-Terrestrial-26-Chameleon-1717.png
Imgs/COD10K-CAM-2-Terrestrial-26-Chameleon-1718.jpg,GT/COD10K-CAM-2-Terrestrial-26-Chameleon-1718.png,Edge/COD10K-CAM-2-Terrestrial-26-Chameleon-1718.png
Imgs/COD10K-CAM-2-Terrestrial-26-Chameleon-1720.jpg,GT/COD10K-CAM-2-Terrestrial-26-Chameleon-1720.png,Edge/COD10K-CAM-2-Terrestrial-26-Chameleon-1720.png
Imgs/COD10K-CAM-2-Terrestrial-26-Chameleon-1721.jpg,GT/COD10K-CAM-2-Terrestrial-26-Chameleon-1721.png,Edge/COD10K-CAM-2-Terrestrial-26-Chameleon-1721.png
Imgs/COD10K-CAM-2-Terrestrial-26-Chameleon-1724.jpg,GT/COD10K-CAM-2-Terrestrial-26-Chameleon-1724.png,Edge/COD10K-CAM-2-Terrestrial-26-Chameleon-1724.png
Imgs/COD10K-CAM-2-Terrestrial-26-Chameleon-1725.jpg,GT/COD10K-CAM-2-Terrestrial-26-Chameleon-1725.png,Edge/COD10K-CAM-2-Terrestrial-26-Chameleon-1725.png
Imgs/COD10K-CAM-2-Terrestrial-26-Chameleon-1726.jpg,GT/COD10K-CAM-2-Terrestrial-26-Chameleon-1726.png,Edge/COD10K-CAM-2-Terrestrial-26-Chameleon-1726.png
Imgs/COD10K-CAM-2-Terrestrial-26-Chameleon-1728.jpg,GT/COD10K-CAM-2-Terrestrial-26-Chameleon-1728.png,Edge/COD10K-CAM-2-Terrestrial-26-Chameleon-1728.png
Imgs/COD10K-CAM-2-Terrestrial-26-Chameleon-1729.jpg,GT/COD10K-CAM-2-Terrestrial-26-Chameleon-1729.png,Edge/COD10K-CAM-2-Terrestrial-26-Chameleon-1729.png
Imgs/COD10K-CAM-2-Terrestrial-26-Chameleon-1731.jpg,GT/COD10K-CAM-2-Terrestrial-26-Chameleon-1731.png,Edge/COD10K-CAM-2-Terrestrial-26-Chameleon-1731.png
Imgs/COD10K-CAM-2-Terrestrial-26-Chameleon-1732.jpg,GT/COD10K-CAM-2-Terrestrial-26-Chameleon-1732.png,Edge/COD10K-CAM-2-Terrestrial-26-Chameleon-1732.png
Imgs/COD10K-CAM-2-Terrestrial-26-Chameleon-1733.jpg,GT/COD10K-CAM-2-Terrestrial-26-Chameleon-1733.png,Edge/COD10K-CAM-2-Terrestrial-26-Chameleon-1733.png
Imgs/COD10K-CAM-2-Terrestrial-26-Chameleon-1734.jpg,GT/COD10K-CAM-2-Terrestrial-26-Chameleon-1734.png,Edge/COD10K-CAM-2-Terrestrial-26-Chameleon-1734.png
Imgs/COD10K-CAM-2-Terrestrial-26-Chameleon-1735.jpg,GT/COD10K-CAM-2-Terrestrial-26-Chameleon-1735.png,Edge/COD10K-CAM-2-Terrestrial-26-Chameleon-1735.png
Imgs/COD10K-CAM-2-Terrestrial-26-Chameleon-1736.jpg,GT/COD10K-CAM-2-Terrestrial-26-Chameleon-1736.png,Edge/COD10K-CAM-2-Terrestrial-26-Chameleon-1736.png
Imgs/COD10K-CAM-2-Terrestrial-27-Cheetah-1738.jpg,GT/COD10K-CAM-2-Terrestrial-27-Cheetah-1738.png,Edge/COD10K-CAM-2-Terrestrial-27-Cheetah-1738.png
Imgs/COD10K-CAM-2-Terrestrial-27-Cheetah-1740.jpg,GT/COD10K-CAM-2-Terrestrial-27-Cheetah-1740.png,Edge/COD10K-CAM-2-Terrestrial-27-Cheetah-1740.png
Imgs/COD10K-CAM-2-Terrestrial-27-Cheetah-1741.jpg,GT/COD10K-CAM-2-Terrestrial-27-Cheetah-1741.png,Edge/COD10K-CAM-2-Terrestrial-27-Cheetah-1741.png
Imgs/COD10K-CAM-2-Terrestrial-27-Cheetah-1744.jpg,GT/COD10K-CAM-2-Terrestrial-27-Cheetah-1744.png,Edge/COD10K-CAM-2-Terrestrial-27-Cheetah-1744.png
Imgs/COD10K-CAM-2-Terrestrial-27-Cheetah-1746.jpg,GT/COD10K-CAM-2-Terrestrial-27-Cheetah-1746.png,Edge/COD10K-CAM-2-Terrestrial-27-Cheetah-1746.png
Imgs/COD10K-CAM-2-Terrestrial-27-Cheetah-1748.jpg,GT/COD10K-CAM-2-Terrestrial-27-Cheetah-1748.png,Edge/COD10K-CAM-2-Terrestrial-27-Cheetah-1748.png
Imgs/COD10K-CAM-2-Terrestrial-27-Cheetah-1749.jpg,GT/COD10K-CAM-2-Terrestrial-27-Cheetah-1749.png,Edge/COD10K-CAM-2-Terrestrial-27-Cheetah-1749.png
Imgs/COD10K-CAM-2-Terrestrial-27-Cheetah-1752.jpg,GT/COD10K-CAM-2-Terrestrial-27-Cheetah-1752.png,Edge/COD10K-CAM-2-Terrestrial-27-Cheetah-1752.png
Imgs/COD10K-CAM-2-Terrestrial-27-Cheetah-1754.jpg,GT/COD10K-CAM-2-Terrestrial-27-Cheetah-1754.png,Edge/COD10K-CAM-2-Terrestrial-27-Cheetah-1754.png
Imgs/COD10K-CAM-2-Terrestrial-27-Cheetah-1757.jpg,GT/COD10K-CAM-2-Terrestrial-27-Cheetah-1757.png,Edge/COD10K-CAM-2-Terrestrial-27-Cheetah-1757.png
Imgs/COD10K-CAM-2-Terrestrial-28-Deer-1759.jpg,GT/COD10K-CAM-2-Terrestrial-28-Deer-1759.png,Edge/COD10K-CAM-2-Terrestrial-28-Deer-1759.png
Imgs/COD10K-CAM-2-Terrestrial-28-Deer-1763.jpg,GT/COD10K-CAM-2-Terrestrial-28-Deer-1763.png,Edge/COD10K-CAM-2-Terrestrial-28-Deer-1763.png
Imgs/COD10K-CAM-2-Terrestrial-28-Deer-1765.jpg,GT/COD10K-CAM-2-Terrestrial-28-Deer-1765.png,Edge/COD10K-CAM-2-Terrestrial-28-Deer-1765.png
Imgs/COD10K-CAM-2-Terrestrial-28-Deer-1770.jpg,GT/COD10K-CAM-2-Terrestrial-28-Deer-1770.png,Edge/COD10K-CAM-2-Terrestrial-28-Deer-1770.png
Imgs/COD10K-CAM-2-Terrestrial-28-Deer-1771.jpg,GT/COD10K-CAM-2-Terrestrial-28-Deer-1771.png,Edge/COD10K-CAM-2-Terrestrial-28-Deer-1771.png
Imgs/COD10K-CAM-2-Terrestrial-28-Deer-1774.jpg,GT/COD10K-CAM-2-Terrestrial-28-Deer-1774.png,Edge/COD10K-CAM-2-Terrestrial-28-Deer-1774.png
Imgs/COD10K-CAM-2-Terrestrial-28-Deer-1776.jpg,GT/COD10K-CAM-2-Terrestrial-28-Deer-1776.png,Edge/COD10K-CAM-2-Terrestrial-28-Deer-1776.png
Imgs/COD10K-CAM-2-Terrestrial-28-Deer-1777.jpg,GT/COD10K-CAM-2-Terrestrial-28-Deer-1777.png,Edge/COD10K-CAM-2-Terrestrial-28-Deer-1777.png
Imgs/COD10K-CAM-2-Terrestrial-28-Deer-1778.jpg,GT/COD10K-CAM-2-Terrestrial-28-Deer-1778.png,Edge/COD10K-CAM-2-Terrestrial-28-Deer-1778.png
Imgs/COD10K-CAM-2-Terrestrial-28-Deer-1780.jpg,GT/COD10K-CAM-2-Terrestrial-28-Deer-1780.png,Edge/COD10K-CAM-2-Terrestrial-28-Deer-1780.png
Imgs/COD10K-CAM-2-Terrestrial-28-Deer-1781.jpg,GT/COD10K-CAM-2-Terrestrial-28-Deer-1781.png,Edge/COD10K-CAM-2-Terrestrial-28-Deer-1781.png
Imgs/COD10K-CAM-2-Terrestrial-28-Deer-1782.jpg,GT/COD10K-CAM-2-Terrestrial-28-Deer-1782.png,Edge/COD10K-CAM-2-Terrestrial-28-Deer-1782.png
Imgs/COD10K-CAM-2-Terrestrial-28-Deer-1783.jpg,GT/COD10K-CAM-2-Terrestrial-28-Deer-1783.png,Edge/COD10K-CAM-2-Terrestrial-28-Deer-1783.png
Imgs/COD10K-CAM-2-Terrestrial-28-Deer-1786.jpg,GT/COD10K-CAM-2-Terrestrial-28-Deer-1786.png,Edge/COD10K-CAM-2-Terrestrial-28-Deer-1786.png
Imgs/COD10K-CAM-2-Terrestrial-28-Deer-1787.jpg,GT/COD10K-CAM-2-Terrestrial-28-Deer-1787.png,Edge/COD10K-CAM-2-Terrestrial-28-Deer-1787.png
Imgs/COD10K-CAM-2-Terrestrial-28-Deer-1789.jpg,GT/COD10K-CAM-2-Terrestrial-28-Deer-1789.png,Edge/COD10K-CAM-2-Terrestrial-28-Deer-1789.png
Imgs/COD10K-CAM-2-Terrestrial-28-Deer-1793.jpg,GT/COD10K-CAM-2-Terrestrial-28-Deer-1793.png,Edge/COD10K-CAM-2-Terrestrial-28-Deer-1793.png
Imgs/COD10K-CAM-2-Terrestrial-28-Deer-1796.jpg,GT/COD10K-CAM-2-Terrestrial-28-Deer-1796.png,Edge/COD10K-CAM-2-Terrestrial-28-Deer-1796.png
Imgs/COD10K-CAM-2-Terrestrial-28-Deer-1797.jpg,GT/COD10K-CAM-2-Terrestrial-28-Deer-1797.png,Edge/COD10K-CAM-2-Terrestrial-28-Deer-1797.png
Imgs/COD10K-CAM-2-Terrestrial-28-Deer-1798.jpg,GT/COD10K-CAM-2-Terrestrial-28-Deer-1798.png,Edge/COD10K-CAM-2-Terrestrial-28-Deer-1798.png
Imgs/COD10K-CAM-2-Terrestrial-28-Deer-1799.jpg,GT/COD10K-CAM-2-Terrestrial-28-Deer-1799.png,Edge/COD10K-CAM-2-Terrestrial-28-Deer-1799.png
Imgs/COD10K-CAM-2-Terrestrial-28-Deer-1800.jpg,GT/COD10K-CAM-2-Terrestrial-28-Deer-1800.png,Edge/COD10K-CAM-2-Terrestrial-28-Deer-1800.png
Imgs/COD10K-CAM-2-Terrestrial-28-Deer-1802.jpg,GT/COD10K-CAM-2-Terrestrial-28-Deer-1802.png,Edge/COD10K-CAM-2-Terrestrial-28-Deer-1802.png
Imgs/COD10K-CAM-2-Terrestrial-28-Deer-1803.jpg,GT/COD10K-CAM-2-Terrestrial-28-Deer-1803.png,Edge/COD10K-CAM-2-Terrestrial-28-Deer-1803.png
Imgs/COD10K-CAM-2-Terrestrial-29-Dog-1806.jpg,GT/COD10K-CAM-2-Terrestrial-29-Dog-1806.png,Edge/COD10K-CAM-2-Terrestrial-29-Dog-1806.png
Imgs/COD10K-CAM-2-Terrestrial-29-Dog-1807.jpg,GT/COD10K-CAM-2-Terrestrial-29-Dog-1807.png,Edge/COD10K-CAM-2-Terrestrial-29-Dog-1807.png
Imgs/COD10K-CAM-2-Terrestrial-29-Dog-1808.jpg,GT/COD10K-CAM-2-Terrestrial-29-Dog-1808.png,Edge/COD10K-CAM-2-Terrestrial-29-Dog-1808.png
Imgs/COD10K-CAM-2-Terrestrial-29-Dog-1809.jpg,GT/COD10K-CAM-2-Terrestrial-29-Dog-1809.png,Edge/COD10K-CAM-2-Terrestrial-29-Dog-1809.png
Imgs/COD10K-CAM-2-Terrestrial-29-Dog-1810.jpg,GT/COD10K-CAM-2-Terrestrial-29-Dog-1810.png,Edge/COD10K-CAM-2-Terrestrial-29-Dog-1810.png
Imgs/COD10K-CAM-2-Terrestrial-29-Dog-1811.jpg,GT/COD10K-CAM-2-Terrestrial-29-Dog-1811.png,Edge/COD10K-CAM-2-Terrestrial-29-Dog-1811.png
Imgs/COD10K-CAM-2-Terrestrial-29-Dog-1812.jpg,GT/COD10K-CAM-2-Terrestrial-29-Dog-1812.png,Edge/COD10K-CAM-2-Terrestrial-29-Dog-1812.png
Imgs/COD10K-CAM-2-Terrestrial-29-Dog-1813.jpg,GT/COD10K-CAM-2-Terrestrial-29-Dog-1813.png,Edge/COD10K-CAM-2-Terrestrial-29-Dog-1813.png
Imgs/COD10K-CAM-2-Terrestrial-29-Dog-1818.jpg,GT/COD10K-CAM-2-Terrestrial-29-Dog-1818.png,Edge/COD10K-CAM-2-Terrestrial-29-Dog-1818.png
Imgs/COD10K-CAM-2-Terrestrial-29-Dog-1819.jpg,GT/COD10K-CAM-2-Terrestrial-29-Dog-1819.png,Edge/COD10K-CAM-2-Terrestrial-29-Dog-1819.png
Imgs/COD10K-CAM-2-Terrestrial-29-Dog-1821.jpg,GT/COD10K-CAM-2-Terrestrial-29-Dog-1821.png,Edge/COD10K-CAM-2-Terrestrial-29-Dog-1821.png
Imgs/COD10K-CAM-2-Terrestrial-29-Dog-1822.jpg,GT/COD10K-CAM-2-Terrestrial-29-Dog-1822.png,Edge/COD10K-CAM-2-Terrestrial-29-Dog-1822.png
Imgs/COD10K-CAM-2-Terrestrial-29-Dog-1823.jpg,GT/COD10K-CAM-2-Terrestrial-29-Dog-1823.png,Edge/COD10K-CAM-2-Terrestrial-29-Dog-1823.png
Imgs/COD10K-CAM-2-Terrestrial-29-Dog-1824.jpg,GT/COD10K-CAM-2-Terrestrial-29-Dog-1824.png,Edge/COD10K-CAM-2-Terrestrial-29-Dog-1824.png
Imgs/COD10K-CAM-2-Terrestrial-29-Dog-1826.jpg,GT/COD10K-CAM-2-Terrestrial-29-Dog-1826.png,Edge/COD10K-CAM-2-Terrestrial-29-Dog-1826.png
Imgs/COD10K-CAM-2-Terrestrial-29-Dog-1828.jpg,GT/COD10K-CAM-2-Terrestrial-29-Dog-1828.png,Edge/COD10K-CAM-2-Terrestrial-29-Dog-1828.png
Imgs/COD10K-CAM-2-Terrestrial-29-Dog-1833.jpg,GT/COD10K-CAM-2-Terrestrial-29-Dog-1833.png,Edge/COD10K-CAM-2-Terrestrial-29-Dog-1833.png
Imgs/COD10K-CAM-2-Terrestrial-29-Dog-1839.jpg,GT/COD10K-CAM-2-Terrestrial-29-Dog-1839.png,Edge/COD10K-CAM-2-Terrestrial-29-Dog-1839.png
Imgs/COD10K-CAM-2-Terrestrial-29-Dog-1841.jpg,GT/COD10K-CAM-2-Terrestrial-29-Dog-1841.png,Edge/COD10K-CAM-2-Terrestrial-29-Dog-1841.png
Imgs/COD10K-CAM-2-Terrestrial-29-Dog-1842.jpg,GT/COD10K-CAM-2-Terrestrial-29-Dog-1842.png,Edge/COD10K-CAM-2-Terrestrial-29-Dog-1842.png
Imgs/COD10K-CAM-2-Terrestrial-29-Dog-1843.jpg,GT/COD10K-CAM-2-Terrestrial-29-Dog-1843.png,Edge/COD10K-CAM-2-Terrestrial-29-Dog-1843.png
Imgs/COD10K-CAM-2-Terrestrial-29-Dog-1844.jpg,GT/COD10K-CAM-2-Terrestrial-29-Dog-1844.png,Edge/COD10K-CAM-2-Terrestrial-29-Dog-1844.png
Imgs/COD10K-CAM-2-Terrestrial-29-Dog-1845.jpg,GT/COD10K-CAM-2-Terrestrial-29-Dog-1845.png,Edge/COD10K-CAM-2-Terrestrial-29-Dog-1845.png
Imgs/COD10K-CAM-2-Terrestrial-29-Dog-1846.jpg,GT/COD10K-CAM-2-Terrestrial-29-Dog-1846.png,Edge/COD10K-CAM-2-Terrestrial-29-Dog-1846.png
Imgs/COD10K-CAM-2-Terrestrial-29-Dog-1847.jpg,GT/COD10K-CAM-2-Terrestrial-29-Dog-1847.png,Edge/COD10K-CAM-2-Terrestrial-29-Dog-1847.png
Imgs/COD10K-CAM-2-Terrestrial-29-Dog-1848.jpg,GT/COD10K-CAM-2-Terrestrial-29-Dog-1848.png,Edge/COD10K-CAM-2-Terrestrial-29-Dog-1848.png
Imgs/COD10K-CAM-2-Terrestrial-29-Dog-1849.jpg,GT/COD10K-CAM-2-Terrestrial-29-Dog-1849.png,Edge/COD10K-CAM-2-Terrestrial-29-Dog-1849.png
Imgs/COD10K-CAM-2-Terrestrial-29-Dog-1850.jpg,GT/COD10K-CAM-2-Terrestrial-29-Dog-1850.png,Edge/COD10K-CAM-2-Terrestrial-29-Dog-1850.png
Imgs/COD10K-CAM-2-Terrestrial-29-Dog-1852.jpg,GT/COD10K-CAM-2-Terrestrial-29-Dog-1852.png,Edge/COD10K-CAM-2-Terrestrial-29-Dog-1852.png
Imgs/COD10K-CAM-2-Terrestrial-29-Dog-1855.jpg,GT/COD10K-CAM-2-Terrestrial-29-Dog-1855.png,Edge/COD10K-CAM-2-Terrestrial-29-Dog-1855.png
Imgs/COD10K-CAM-2-Terrestrial-29-Dog-1857.jpg,GT/COD10K-CAM-2-Terrestrial-29-Dog-1857.png,Edge/COD10K-CAM-2-Terrestrial-29-Dog-1857.png
Imgs/COD10K-CAM-2-Terrestrial-29-Dog-1858.jpg,GT/COD10K-CAM-2-Terrestrial-29-Dog-1858.png,Edge/COD10K-CAM-2-Terrestrial-29-Dog-1858.png
Imgs/COD10K-CAM-2-Terrestrial-29-Dog-1859.jpg,GT/COD10K-CAM-2-Terrestrial-29-Dog-1859.png,Edge/COD10K-CAM-2-Terrestrial-29-Dog-1859.png
Imgs/COD10K-CAM-2-Terrestrial-29-Dog-1860.jpg,GT/COD10K-CAM-2-Terrestrial-29-Dog-1860.png,Edge/COD10K-CAM-2-Terrestrial-29-Dog-1860.png
Imgs/COD10K-CAM-2-Terrestrial-29-Dog-1861.jpg,GT/COD10K-CAM-2-Terrestrial-29-Dog-1861.png,Edge/COD10K-CAM-2-Terrestrial-29-Dog-1861.png
Imgs/COD10K-CAM-2-Terrestrial-30-Duck-1863.jpg,GT/COD10K-CAM-2-Terrestrial-30-Duck-1863.png,Edge/COD10K-CAM-2-Terrestrial-30-Duck-1863.png
Imgs/COD10K-CAM-2-Terrestrial-30-Duck-1864.jpg,GT/COD10K-CAM-2-Terrestrial-30-Duck-1864.png,Edge/COD10K-CAM-2-Terrestrial-30-Duck-1864.png
Imgs/COD10K-CAM-2-Terrestrial-30-Duck-1865.jpg,GT/COD10K-CAM-2-Terrestrial-30-Duck-1865.png,Edge/COD10K-CAM-2-Terrestrial-30-Duck-1865.png
Imgs/COD10K-CAM-2-Terrestrial-30-Duck-1867.jpg,GT/COD10K-CAM-2-Terrestrial-30-Duck-1867.png,Edge/COD10K-CAM-2-Terrestrial-30-Duck-1867.png
Imgs/COD10K-CAM-2-Terrestrial-30-Duck-1869.jpg,GT/COD10K-CAM-2-Terrestrial-30-Duck-1869.png,Edge/COD10K-CAM-2-Terrestrial-30-Duck-1869.png
Imgs/COD10K-CAM-2-Terrestrial-30-Duck-1872.jpg,GT/COD10K-CAM-2-Terrestrial-30-Duck-1872.png,Edge/COD10K-CAM-2-Terrestrial-30-Duck-1872.png
Imgs/COD10K-CAM-2-Terrestrial-30-Duck-1874.jpg,GT/COD10K-CAM-2-Terrestrial-30-Duck-1874.png,Edge/COD10K-CAM-2-Terrestrial-30-Duck-1874.png
Imgs/COD10K-CAM-2-Terrestrial-30-Duck-1875.jpg,GT/COD10K-CAM-2-Terrestrial-30-Duck-1875.png,Edge/COD10K-CAM-2-Terrestrial-30-Duck-1875.png
Imgs/COD10K-CAM-2-Terrestrial-30-Duck-1877.jpg,GT/COD10K-CAM-2-Terrestrial-30-Duck-1877.png,Edge/COD10K-CAM-2-Terrestrial-30-Duck-1877.png
Imgs/COD10K-CAM-2-Terrestrial-30-Duck-1878.jpg,GT/COD10K-CAM-2-Terrestrial-30-Duck-1878.png,Edge/COD10K-CAM-2-Terrestrial-30-Duck-1878.png
Imgs/COD10K-CAM-2-Terrestrial-31-Gecko-1879.jpg,GT/COD10K-CAM-2-Terrestrial-31-Gecko-1879.png,Edge/COD10K-CAM-2-Terrestrial-31-Gecko-1879.png
Imgs/COD10K-CAM-2-Terrestrial-31-Gecko-1881.jpg,GT/COD10K-CAM-2-Terrestrial-31-Gecko-1881.png,Edge/COD10K-CAM-2-Terrestrial-31-Gecko-1881.png
Imgs/COD10K-CAM-2-Terrestrial-31-Gecko-1883.jpg,GT/COD10K-CAM-2-Terrestrial-31-Gecko-1883.png,Edge/COD10K-CAM-2-Terrestrial-31-Gecko-1883.png
Imgs/COD10K-CAM-2-Terrestrial-31-Gecko-1884.jpg,GT/COD10K-CAM-2-Terrestrial-31-Gecko-1884.png,Edge/COD10K-CAM-2-Terrestrial-31-Gecko-1884.png
Imgs/COD10K-CAM-2-Terrestrial-31-Gecko-1885.jpg,GT/COD10K-CAM-2-Terrestrial-31-Gecko-1885.png,Edge/COD10K-CAM-2-Terrestrial-31-Gecko-1885.png
Imgs/COD10K-CAM-2-Terrestrial-31-Gecko-1886.jpg,GT/COD10K-CAM-2-Terrestrial-31-Gecko-1886.png,Edge/COD10K-CAM-2-Terrestrial-31-Gecko-1886.png
Imgs/COD10K-CAM-2-Terrestrial-31-Gecko-1887.jpg,GT/COD10K-CAM-2-Terrestrial-31-Gecko-1887.png,Edge/COD10K-CAM-2-Terrestrial-31-Gecko-1887.png
Imgs/COD10K-CAM-2-Terrestrial-31-Gecko-1891.jpg,GT/COD10K-CAM-2-Terrestrial-31-Gecko-1891.png,Edge/COD10K-CAM-2-Terrestrial-31-Gecko-1891.png
Imgs/COD10K-CAM-2-Terrestrial-31-Gecko-1894.jpg,GT/COD10K-CAM-2-Terrestrial-31-Gecko-1894.png,Edge/COD10K-CAM-2-Terrestrial-31-Gecko-1894.png
Imgs/COD10K-CAM-2-Terrestrial-31-Gecko-1896.jpg,GT/COD10K-CAM-2-Terrestrial-31-Gecko-1896.png,Edge/COD10K-CAM-2-Terrestrial-31-Gecko-1896.png
Imgs/COD10K-CAM-2-Terrestrial-31-Gecko-1897.jpg,GT/COD10K-CAM-2-Terrestrial-31-Gecko-1897.png,Edge/COD10K-CAM-2-Terrestrial-31-Gecko-1897.png
Imgs/COD10K-CAM-2-Terrestrial-31-Gecko-1898.jpg,GT/COD10K-CAM-2-Terrestrial-31-Gecko-1898.png,Edge/COD10K-CAM-2-Terrestrial-31-Gecko-1898.png
Imgs/COD10K-CAM-2-Terrestrial-31-Gecko-1899.jpg,GT/COD10K-CAM-2-Terrestrial-31-Gecko-1899.png,Edge/COD10K-CAM-2-Terrestrial-31-Gecko-1899.png
Imgs/COD10K-CAM-2-Terrestrial-31-Gecko-1900.jpg,GT/COD10K-CAM-2-Terrestrial-31-Gecko-1900.png,Edge/COD10K-CAM-2-Terrestrial-31-Gecko-1900.png
Imgs/COD10K-CAM-2-Terrestrial-31-Gecko-1902.jpg,GT/COD10K-CAM-2-Terrestrial-31-Gecko-1902.png,Edge/COD10K-CAM-2-Terrestrial-31-Gecko-1902.png
Imgs/COD10K-CAM-2-Terrestrial-31-Gecko-1904.jpg,GT/COD10K-CAM-2-Terrestrial-31-Gecko-1904.png,Edge/COD10K-CAM-2-Terrestrial-31-Gecko-1904.png
Imgs/COD10K-CAM-2-Terrestrial-31-Gecko-1905.jpg,GT/COD10K-CAM-2-Terrestrial-31-Gecko-1905.png,Edge/COD10K-CAM-2-Terrestrial-31-Gecko-1905.png
Imgs/COD10K-CAM-2-Terrestrial-31-Gecko-1906.jpg,GT/COD10K-CAM-2-Terrestrial-31-Gecko-1906.png,Edge/COD10K-CAM-2-Terrestrial-31-Gecko-1906.png
Imgs/COD10K-CAM-2-Terrestrial-31-Gecko-1909.jpg,GT/COD10K-CAM-2-Terrestrial-31-Gecko-1909.png,Edge/COD10K-CAM-2-Terrestrial-31-Gecko-1909.png
Imgs/COD10K-CAM-2-Terrestrial-31-Gecko-1910.jpg,GT/COD10K-CAM-2-Terrestrial-31-Gecko-1910.png,Edge/COD10K-CAM-2-Terrestrial-31-Gecko-1910.png
Imgs/COD10K-CAM-2-Terrestrial-31-Gecko-1911.jpg,GT/COD10K-CAM-2-Terrestrial-31-Gecko-1911.png,Edge/COD10K-CAM-2-Terrestrial-31-Gecko-1911.png
Imgs/COD10K-CAM-2-Terrestrial-31-Gecko-1912.jpg,GT/COD10K-CAM-2-Terrestrial-31-Gecko-1912.png,Edge/COD10K-CAM-2-Terrestrial-31-Gecko-1912.png
Imgs/COD10K-CAM-2-Terrestrial-31-Gecko-1914.jpg,GT/COD10K-CAM-2-Terrestrial-31-Gecko-1914.png,Edge/COD10K-CAM-2-Terrestrial-31-Gecko-1914.png
Imgs/COD10K-CAM-2-Terrestrial-31-Gecko-1915.jpg,GT/COD10K-CAM-2-Terrestrial-31-Gecko-1915.png,Edge/COD10K-CAM-2-Terrestrial-31-Gecko-1915.png
Imgs/COD10K-CAM-2-Terrestrial-31-Gecko-1916.jpg,GT/COD10K-CAM-2-Terrestrial-31-Gecko-1916.png,Edge/COD10K-CAM-2-Terrestrial-31-Gecko-1916.png
Imgs/COD10K-CAM-2-Terrestrial-31-Gecko-1918.jpg,GT/COD10K-CAM-2-Terrestrial-31-Gecko-1918.png,Edge/COD10K-CAM-2-Terrestrial-31-Gecko-1918.png
Imgs/COD10K-CAM-2-Terrestrial-31-Gecko-1919.jpg,GT/COD10K-CAM-2-Terrestrial-31-Gecko-1919.png,Edge/COD10K-CAM-2-Terrestrial-31-Gecko-1919.png
Imgs/COD10K-CAM-2-Terrestrial-31-Gecko-1921.jpg,GT/COD10K-CAM-2-Terrestrial-31-Gecko-1921.png,Edge/COD10K-CAM-2-Terrestrial-31-Gecko-1921.png
Imgs/COD10K-CAM-2-Terrestrial-31-Gecko-1924.jpg,GT/COD10K-CAM-2-Terrestrial-31-Gecko-1924.png,Edge/COD10K-CAM-2-Terrestrial-31-Gecko-1924.png
Imgs/COD10K-CAM-2-Terrestrial-31-Gecko-1925.jpg,GT/COD10K-CAM-2-Terrestrial-31-Gecko-1925.png,Edge/COD10K-CAM-2-Terrestrial-31-Gecko-1925.png
Imgs/COD10K-CAM-2-Terrestrial-31-Gecko-1926.jpg,GT/COD10K-CAM-2-Terrestrial-31-Gecko-1926.png,Edge/COD10K-CAM-2-Terrestrial-31-Gecko-1926.png
Imgs/COD10K-CAM-2-Terrestrial-31-Gecko-1928.jpg,GT/COD10K-CAM-2-Terrestrial-31-Gecko-1928.png,Edge/COD10K-CAM-2-Terrestrial-31-Gecko-1928.png
Imgs/COD10K-CAM-2-Terrestrial-32-Giraffe-1930.jpg,GT/COD10K-CAM-2-Terrestrial-32-Giraffe-1930.png,Edge/COD10K-CAM-2-Terrestrial-32-Giraffe-1930.png
Imgs/COD10K-CAM-2-Terrestrial-32-Giraffe-1931.jpg,GT/COD10K-CAM-2-Terrestrial-32-Giraffe-1931.png,Edge/COD10K-CAM-2-Terrestrial-32-Giraffe-1931.png
Imgs/COD10K-CAM-2-Terrestrial-32-Giraffe-1933.jpg,GT/COD10K-CAM-2-Terrestrial-32-Giraffe-1933.png,Edge/COD10K-CAM-2-Terrestrial-32-Giraffe-1933.png
Imgs/COD10K-CAM-2-Terrestrial-32-Giraffe-1936.jpg,GT/COD10K-CAM-2-Terrestrial-32-Giraffe-1936.png,Edge/COD10K-CAM-2-Terrestrial-32-Giraffe-1936.png
Imgs/COD10K-CAM-2-Terrestrial-32-Giraffe-1938.jpg,GT/COD10K-CAM-2-Terrestrial-32-Giraffe-1938.png,Edge/COD10K-CAM-2-Terrestrial-32-Giraffe-1938.png
Imgs/COD10K-CAM-2-Terrestrial-32-Giraffe-1939.jpg,GT/COD10K-CAM-2-Terrestrial-32-Giraffe-1939.png,Edge/COD10K-CAM-2-Terrestrial-32-Giraffe-1939.png
Imgs/COD10K-CAM-2-Terrestrial-32-Giraffe-1943.jpg,GT/COD10K-CAM-2-Terrestrial-32-Giraffe-1943.png,Edge/COD10K-CAM-2-Terrestrial-32-Giraffe-1943.png
Imgs/COD10K-CAM-2-Terrestrial-32-Giraffe-1944.jpg,GT/COD10K-CAM-2-Terrestrial-32-Giraffe-1944.png,Edge/COD10K-CAM-2-Terrestrial-32-Giraffe-1944.png
Imgs/COD10K-CAM-2-Terrestrial-32-Giraffe-1945.jpg,GT/COD10K-CAM-2-Terrestrial-32-Giraffe-1945.png,Edge/COD10K-CAM-2-Terrestrial-32-Giraffe-1945.png
Imgs/COD10K-CAM-2-Terrestrial-32-Giraffe-1946.jpg,GT/COD10K-CAM-2-Terrestrial-32-Giraffe-1946.png,Edge/COD10K-CAM-2-Terrestrial-32-Giraffe-1946.png
Imgs/COD10K-CAM-2-Terrestrial-32-Giraffe-1948.jpg,GT/COD10K-CAM-2-Terrestrial-32-Giraffe-1948.png,Edge/COD10K-CAM-2-Terrestrial-32-Giraffe-1948.png
Imgs/COD10K-CAM-2-Terrestrial-32-Giraffe-1949.jpg,GT/COD10K-CAM-2-Terrestrial-32-Giraffe-1949.png,Edge/COD10K-CAM-2-Terrestrial-32-Giraffe-1949.png
Imgs/COD10K-CAM-2-Terrestrial-33-Grouse-1951.jpg,GT/COD10K-CAM-2-Terrestrial-33-Grouse-1951.png,Edge/COD10K-CAM-2-Terrestrial-33-Grouse-1951.png
Imgs/COD10K-CAM-2-Terrestrial-33-Grouse-1953.jpg,GT/COD10K-CAM-2-Terrestrial-33-Grouse-1953.png,Edge/COD10K-CAM-2-Terrestrial-33-Grouse-1953.png
Imgs/COD10K-CAM-2-Terrestrial-33-Grouse-1955.jpg,GT/COD10K-CAM-2-Terrestrial-33-Grouse-1955.png,Edge/COD10K-CAM-2-Terrestrial-33-Grouse-1955.png
Imgs/COD10K-CAM-2-Terrestrial-33-Grouse-1956.jpg,GT/COD10K-CAM-2-Terrestrial-33-Grouse-1956.png,Edge/COD10K-CAM-2-Terrestrial-33-Grouse-1956.png
Imgs/COD10K-CAM-2-Terrestrial-33-Grouse-1957.jpg,GT/COD10K-CAM-2-Terrestrial-33-Grouse-1957.png,Edge/COD10K-CAM-2-Terrestrial-33-Grouse-1957.png
Imgs/COD10K-CAM-2-Terrestrial-33-Grouse-1960.jpg,GT/COD10K-CAM-2-Terrestrial-33-Grouse-1960.png,Edge/COD10K-CAM-2-Terrestrial-33-Grouse-1960.png
Imgs/COD10K-CAM-2-Terrestrial-33-Grouse-1963.jpg,GT/COD10K-CAM-2-Terrestrial-33-Grouse-1963.png,Edge/COD10K-CAM-2-Terrestrial-33-Grouse-1963.png
Imgs/COD10K-CAM-2-Terrestrial-33-Grouse-1964.jpg,GT/COD10K-CAM-2-Terrestrial-33-Grouse-1964.png,Edge/COD10K-CAM-2-Terrestrial-33-Grouse-1964.png
Imgs/COD10K-CAM-2-Terrestrial-33-Grouse-1965.jpg,GT/COD10K-CAM-2-Terrestrial-33-Grouse-1965.png,Edge/COD10K-CAM-2-Terrestrial-33-Grouse-1965.png
Imgs/COD10K-CAM-2-Terrestrial-33-Grouse-1967.jpg,GT/COD10K-CAM-2-Terrestrial-33-Grouse-1967.png,Edge/COD10K-CAM-2-Terrestrial-33-Grouse-1967.png
Imgs/COD10K-CAM-2-Terrestrial-34-Human-1968.jpg,GT/COD10K-CAM-2-Terrestrial-34-Human-1968.png,Edge/COD10K-CAM-2-Terrestrial-34-Human-1968.png
Imgs/COD10K-CAM-2-Terrestrial-34-Human-1969.jpg,GT/COD10K-CAM-2-Terrestrial-34-Human-1969.png,Edge/COD10K-CAM-2-Terrestrial-34-Human-1969.png
Imgs/COD10K-CAM-2-Terrestrial-34-Human-1971.jpg,GT/COD10K-CAM-2-Terrestrial-34-Human-1971.png,Edge/COD10K-CAM-2-Terrestrial-34-Human-1971.png
Imgs/COD10K-CAM-2-Terrestrial-34-Human-1972.jpg,GT/COD10K-CAM-2-Terrestrial-34-Human-1972.png,Edge/COD10K-CAM-2-Terrestrial-34-Human-1972.png
Imgs/COD10K-CAM-2-Terrestrial-34-Human-1974.jpg,GT/COD10K-CAM-2-Terrestrial-34-Human-1974.png,Edge/COD10K-CAM-2-Terrestrial-34-Human-1974.png
Imgs/COD10K-CAM-2-Terrestrial-34-Human-1976.jpg,GT/COD10K-CAM-2-Terrestrial-34-Human-1976.png,Edge/COD10K-CAM-2-Terrestrial-34-Human-1976.png
Imgs/COD10K-CAM-2-Terrestrial-34-Human-1977.jpg,GT/COD10K-CAM-2-Terrestrial-34-Human-1977.png,Edge/COD10K-CAM-2-Terrestrial-34-Human-1977.png
Imgs/COD10K-CAM-2-Terrestrial-34-Human-1979.jpg,GT/COD10K-CAM-2-Terrestrial-34-Human-1979.png,Edge/COD10K-CAM-2-Terrestrial-34-Human-1979.png
Imgs/COD10K-CAM-2-Terrestrial-34-Human-1981.jpg,GT/COD10K-CAM-2-Terrestrial-34-Human-1981.png,Edge/COD10K-CAM-2-Terrestrial-34-Human-1981.png
Imgs/COD10K-CAM-2-Terrestrial-34-Human-1982.jpg,GT/COD10K-CAM-2-Terrestrial-34-Human-1982.png,Edge/COD10K-CAM-2-Terrestrial-34-Human-1982.png
Imgs/COD10K-CAM-2-Terrestrial-34-Human-1984.jpg,GT/COD10K-CAM-2-Terrestrial-34-Human-1984.png,Edge/COD10K-CAM-2-Terrestrial-34-Human-1984.png
Imgs/COD10K-CAM-2-Terrestrial-34-Human-1986.jpg,GT/COD10K-CAM-2-Terrestrial-34-Human-1986.png,Edge/COD10K-CAM-2-Terrestrial-34-Human-1986.png
Imgs/COD10K-CAM-2-Terrestrial-34-Human-1988.jpg,GT/COD10K-CAM-2-Terrestrial-34-Human-1988.png,Edge/COD10K-CAM-2-Terrestrial-34-Human-1988.png
Imgs/COD10K-CAM-2-Terrestrial-34-Human-1989.jpg,GT/COD10K-CAM-2-Terrestrial-34-Human-1989.png,Edge/COD10K-CAM-2-Terrestrial-34-Human-1989.png
Imgs/COD10K-CAM-2-Terrestrial-34-Human-1994.jpg,GT/COD10K-CAM-2-Terrestrial-34-Human-1994.png,Edge/COD10K-CAM-2-Terrestrial-34-Human-1994.png
Imgs/COD10K-CAM-2-Terrestrial-34-Human-1995.jpg,GT/COD10K-CAM-2-Terrestrial-34-Human-1995.png,Edge/COD10K-CAM-2-Terrestrial-34-Human-1995.png
Imgs/COD10K-CAM-2-Terrestrial-34-Human-1999.jpg,GT/COD10K-CAM-2-Terrestrial-34-Human-1999.png,Edge/COD10K-CAM-2-Terrestrial-34-Human-1999.png
Imgs/COD10K-CAM-2-Terrestrial-34-Human-2001.jpg,GT/COD10K-CAM-2-Terrestrial-34-Human-2001.png,Edge/COD10K-CAM-2-Terrestrial-34-Human-2001.png
Imgs/COD10K-CAM-2-Terrestrial-34-Human-2002.jpg,GT/COD10K-CAM-2-Terrestrial-34-Human-2002.png,Edge/COD10K-CAM-2-Terrestrial-34-Human-2002.png
Imgs/COD10K-CAM-2-Terrestrial-34-Human-2003.jpg,GT/COD10K-CAM-2-Terrestrial-34-Human-2003.png,Edge/COD10K-CAM-2-Terrestrial-34-Human-2003.png
Imgs/COD10K-CAM-2-Terrestrial-34-Human-2004.jpg,GT/COD10K-CAM-2-Terrestrial-34-Human-2004.png,Edge/COD10K-CAM-2-Terrestrial-34-Human-2004.png
Imgs/COD10K-CAM-2-Terrestrial-34-Human-2005.jpg,GT/COD10K-CAM-2-Terrestrial-34-Human-2005.png,Edge/COD10K-CAM-2-Terrestrial-34-Human-2005.png
Imgs/COD10K-CAM-2-Terrestrial-34-Human-2006.jpg,GT/COD10K-CAM-2-Terrestrial-34-Human-2006.png,Edge/COD10K-CAM-2-Terrestrial-34-Human-2006.png
Imgs/COD10K-CAM-2-Terrestrial-34-Human-2008.jpg,GT/COD10K-CAM-2-Terrestrial-34-Human-2008.png,Edge/COD10K-CAM-2-Terrestrial-34-Human-2008.png
Imgs/COD10K-CAM-2-Terrestrial-34-Human-2009.jpg,GT/COD10K-CAM-2-Terrestrial-34-Human-2009.png,Edge/COD10K-CAM-2-Terrestrial-34-Human-2009.png
Imgs/COD10K-CAM-2-Terrestrial-34-Human-2011.jpg,GT/COD10K-CAM-2-Terrestrial-34-Human-2011.png,Edge/COD10K-CAM-2-Terrestrial-34-Human-2011.png
Imgs/COD10K-CAM-2-Terrestrial-34-Human-2015.jpg,GT/COD10K-CAM-2-Terrestrial-34-Human-2015.png,Edge/COD10K-CAM-2-Terrestrial-34-Human-2015.png
Imgs/COD10K-CAM-2-Terrestrial-34-Human-2016.jpg,GT/COD10K-CAM-2-Terrestrial-34-Human-2016.png,Edge/COD10K-CAM-2-Terrestrial-34-Human-2016.png
Imgs/COD10K-CAM-2-Terrestrial-34-Human-2019.jpg,GT/COD10K-CAM-2-Terrestrial-34-Human-2019.png,Edge/COD10K-CAM-2-Terrestrial-34-Human-2019.png
Imgs/COD10K-CAM-2-Terrestrial-34-Human-2020.jpg,GT/COD10K-CAM-2-Terrestrial-34-Human-2020.png,Edge/COD10K-CAM-2-Terrestrial-34-Human-2020.png
Imgs/COD10K-CAM-2-Terrestrial-34-Human-2021.jpg,GT/COD10K-CAM-2-Terrestrial-34-Human-2021.png,Edge/COD10K-CAM-2-Terrestrial-34-Human-2021.png
Imgs/COD10K-CAM-2-Terrestrial-34-Human-2022.jpg,GT/COD10K-CAM-2-Terrestrial-34-Human-2022.png,Edge/COD10K-CAM-2-Terrestrial-34-Human-2022.png
Imgs/COD10K-CAM-2-Terrestrial-34-Human-2023.jpg,GT/COD10K-CAM-2-Terrestrial-34-Human-2023.png,Edge/COD10K-CAM-2-Terrestrial-34-Human-2023.png
Imgs/COD10K-CAM-2-Terrestrial-34-Human-2024.jpg,GT/COD10K-CAM-2-Terrestrial-34-Human-2024.png,Edge/COD10K-CAM-2-Terrestrial-34-Human-2024.png
Imgs/COD10K-CAM-2-Terrestrial-34-Human-2025.jpg,GT/COD10K-CAM-2-Terrestrial-34-Human-2025.png,Edge/COD10K-CAM-2-Terrestrial-34-Human-2025.png
Imgs/COD10K-CAM-2-Terrestrial-34-Human-2026.jpg,GT/COD10K-CAM-2-Terrestrial-34-Human-2026.png,Edge/COD10K-CAM-2-Terrestrial-34-Human-2026.png
Imgs/COD10K-CAM-2-Terrestrial-34-Human-2027.jpg,GT/COD10K-CAM-2-Terrestrial-34-Human-2027.png,Edge/COD10K-CAM-2-Terrestrial-34-Human-2027.png
Imgs/COD10K-CAM-2-Terrestrial-34-Human-2029.jpg,GT/COD10K-CAM-2-Terrestrial-34-Human-2029.png,Edge/COD10K-CAM-2-Terrestrial-34-Human-2029.png
Imgs/COD10K-CAM-2-Terrestrial-34-Human-2030.jpg,GT/COD10K-CAM-2-Terrestrial-34-Human-2030.png,Edge/COD10K-CAM-2-Terrestrial-34-Human-2030.png
Imgs/COD10K-CAM-2-Terrestrial-34-Human-2032.jpg,GT/COD10K-CAM-2-Terrestrial-34-Human-2032.png,Edge/COD10K-CAM-2-Terrestrial-34-Human-2032.png
Imgs/COD10K-CAM-2-Terrestrial-34-Human-2033.jpg,GT/COD10K-CAM-2-Terrestrial-34-Human-2033.png,Edge/COD10K-CAM-2-Terrestrial-34-Human-2033.png
Imgs/COD10K-CAM-2-Terrestrial-34-Human-2036.jpg,GT/COD10K-CAM-2-Terrestrial-34-Human-2036.png,Edge/COD10K-CAM-2-Terrestrial-34-Human-2036.png
Imgs/COD10K-CAM-2-Terrestrial-34-Human-2038.jpg,GT/COD10K-CAM-2-Terrestrial-34-Human-2038.png,Edge/COD10K-CAM-2-Terrestrial-34-Human-2038.png
Imgs/COD10K-CAM-2-Terrestrial-34-Human-2040.jpg,GT/COD10K-CAM-2-Terrestrial-34-Human-2040.png,Edge/COD10K-CAM-2-Terrestrial-34-Human-2040.png
Imgs/COD10K-CAM-2-Terrestrial-34-Human-2041.jpg,GT/COD10K-CAM-2-Terrestrial-34-Human-2041.png,Edge/COD10K-CAM-2-Terrestrial-34-Human-2041.png
Imgs/COD10K-CAM-2-Terrestrial-34-Human-2042.jpg,GT/COD10K-CAM-2-Terrestrial-34-Human-2042.png,Edge/COD10K-CAM-2-Terrestrial-34-Human-2042.png
Imgs/COD10K-CAM-2-Terrestrial-34-Human-2043.jpg,GT/COD10K-CAM-2-Terrestrial-34-Human-2043.png,Edge/COD10K-CAM-2-Terrestrial-34-Human-2043.png
Imgs/COD10K-CAM-2-Terrestrial-34-Human-2044.jpg,GT/COD10K-CAM-2-Terrestrial-34-Human-2044.png,Edge/COD10K-CAM-2-Terrestrial-34-Human-2044.png
Imgs/COD10K-CAM-2-Terrestrial-34-Human-2046.jpg,GT/COD10K-CAM-2-Terrestrial-34-Human-2046.png,Edge/COD10K-CAM-2-Terrestrial-34-Human-2046.png
Imgs/COD10K-CAM-2-Terrestrial-35-Kangaroo-2047.jpg,GT/COD10K-CAM-2-Terrestrial-35-Kangaroo-2047.png,Edge/COD10K-CAM-2-Terrestrial-35-Kangaroo-2047.png
Imgs/COD10K-CAM-2-Terrestrial-35-Kangaroo-2048.jpg,GT/COD10K-CAM-2-Terrestrial-35-Kangaroo-2048.png,Edge/COD10K-CAM-2-Terrestrial-35-Kangaroo-2048.png
Imgs/COD10K-CAM-2-Terrestrial-35-Kangaroo-2051.jpg,GT/COD10K-CAM-2-Terrestrial-35-Kangaroo-2051.png,Edge/COD10K-CAM-2-Terrestrial-35-Kangaroo-2051.png
Imgs/COD10K-CAM-2-Terrestrial-35-Kangaroo-2052.jpg,GT/COD10K-CAM-2-Terrestrial-35-Kangaroo-2052.png,Edge/COD10K-CAM-2-Terrestrial-35-Kangaroo-2052.png
Imgs/COD10K-CAM-2-Terrestrial-35-Kangaroo-2054.jpg,GT/COD10K-CAM-2-Terrestrial-35-Kangaroo-2054.png,Edge/COD10K-CAM-2-Terrestrial-35-Kangaroo-2054.png
Imgs/COD10K-CAM-2-Terrestrial-35-Kangaroo-2055.jpg,GT/COD10K-CAM-2-Terrestrial-35-Kangaroo-2055.png,Edge/COD10K-CAM-2-Terrestrial-35-Kangaroo-2055.png
Imgs/COD10K-CAM-2-Terrestrial-36-Leopard-2056.jpg,GT/COD10K-CAM-2-Terrestrial-36-Leopard-2056.png,Edge/COD10K-CAM-2-Terrestrial-36-Leopard-2056.png
Imgs/COD10K-CAM-2-Terrestrial-36-Leopard-2057.jpg,GT/COD10K-CAM-2-Terrestrial-36-Leopard-2057.png,Edge/COD10K-CAM-2-Terrestrial-36-Leopard-2057.png
Imgs/COD10K-CAM-2-Terrestrial-36-Leopard-2058.jpg,GT/COD10K-CAM-2-Terrestrial-36-Leopard-2058.png,Edge/COD10K-CAM-2-Terrestrial-36-Leopard-2058.png
Imgs/COD10K-CAM-2-Terrestrial-36-Leopard-2060.jpg,GT/COD10K-CAM-2-Terrestrial-36-Leopard-2060.png,Edge/COD10K-CAM-2-Terrestrial-36-Leopard-2060.png
Imgs/COD10K-CAM-2-Terrestrial-36-Leopard-2062.jpg,GT/COD10K-CAM-2-Terrestrial-36-Leopard-2062.png,Edge/COD10K-CAM-2-Terrestrial-36-Leopard-2062.png
Imgs/COD10K-CAM-2-Terrestrial-36-Leopard-2065.jpg,GT/COD10K-CAM-2-Terrestrial-36-Leopard-2065.png,Edge/COD10K-CAM-2-Terrestrial-36-Leopard-2065.png
Imgs/COD10K-CAM-2-Terrestrial-36-Leopard-2069.jpg,GT/COD10K-CAM-2-Terrestrial-36-Leopard-2069.png,Edge/COD10K-CAM-2-Terrestrial-36-Leopard-2069.png
Imgs/COD10K-CAM-2-Terrestrial-36-Leopard-2074.jpg,GT/COD10K-CAM-2-Terrestrial-36-Leopard-2074.png,Edge/COD10K-CAM-2-Terrestrial-36-Leopard-2074.png
Imgs/COD10K-CAM-2-Terrestrial-36-Leopard-2075.jpg,GT/COD10K-CAM-2-Terrestrial-36-Leopard-2075.png,Edge/COD10K-CAM-2-Terrestrial-36-Leopard-2075.png
Imgs/COD10K-CAM-2-Terrestrial-36-Leopard-2078.jpg,GT/COD10K-CAM-2-Terrestrial-36-Leopard-2078.png,Edge/COD10K-CAM-2-Terrestrial-36-Leopard-2078.png
Imgs/COD10K-CAM-2-Terrestrial-36-Leopard-2080.jpg,GT/COD10K-CAM-2-Terrestrial-36-Leopard-2080.png,Edge/COD10K-CAM-2-Terrestrial-36-Leopard-2080.png
Imgs/COD10K-CAM-2-Terrestrial-36-Leopard-2081.jpg,GT/COD10K-CAM-2-Terrestrial-36-Leopard-2081.png,Edge/COD10K-CAM-2-Terrestrial-36-Leopard-2081.png
Imgs/COD10K-CAM-2-Terrestrial-36-Leopard-2083.jpg,GT/COD10K-CAM-2-Terrestrial-36-Leopard-2083.png,Edge/COD10K-CAM-2-Terrestrial-36-Leopard-2083.png
Imgs/COD10K-CAM-2-Terrestrial-36-Leopard-2084.jpg,GT/COD10K-CAM-2-Terrestrial-36-Leopard-2084.png,Edge/COD10K-CAM-2-Terrestrial-36-Leopard-2084.png
Imgs/COD10K-CAM-2-Terrestrial-36-Leopard-2085.jpg,GT/COD10K-CAM-2-Terrestrial-36-Leopard-2085.png,Edge/COD10K-CAM-2-Terrestrial-36-Leopard-2085.png
Imgs/COD10K-CAM-2-Terrestrial-36-Leopard-2086.jpg,GT/COD10K-CAM-2-Terrestrial-36-Leopard-2086.png,Edge/COD10K-CAM-2-Terrestrial-36-Leopard-2086.png
Imgs/COD10K-CAM-2-Terrestrial-36-Leopard-2087.jpg,GT/COD10K-CAM-2-Terrestrial-36-Leopard-2087.png,Edge/COD10K-CAM-2-Terrestrial-36-Leopard-2087.png
Imgs/COD10K-CAM-2-Terrestrial-36-Leopard-2091.jpg,GT/COD10K-CAM-2-Terrestrial-36-Leopard-2091.png,Edge/COD10K-CAM-2-Terrestrial-36-Leopard-2091.png
Imgs/COD10K-CAM-2-Terrestrial-36-Leopard-2093.jpg,GT/COD10K-CAM-2-Terrestrial-36-Leopard-2093.png,Edge/COD10K-CAM-2-Terrestrial-36-Leopard-2093.png
Imgs/COD10K-CAM-2-Terrestrial-36-Leopard-2094.jpg,GT/COD10K-CAM-2-Terrestrial-36-Leopard-2094.png,Edge/COD10K-CAM-2-Terrestrial-36-Leopard-2094.png
Imgs/COD10K-CAM-2-Terrestrial-36-Leopard-2095.jpg,GT/COD10K-CAM-2-Terrestrial-36-Leopard-2095.png,Edge/COD10K-CAM-2-Terrestrial-36-Leopard-2095.png
Imgs/COD10K-CAM-2-Terrestrial-36-Leopard-2096.jpg,GT/COD10K-CAM-2-Terrestrial-36-Leopard-2096.png,Edge/COD10K-CAM-2-Terrestrial-36-Leopard-2096.png
Imgs/COD10K-CAM-2-Terrestrial-36-Leopard-2097.jpg,GT/COD10K-CAM-2-Terrestrial-36-Leopard-2097.png,Edge/COD10K-CAM-2-Terrestrial-36-Leopard-2097.png
Imgs/COD10K-CAM-2-Terrestrial-36-Leopard-2098.jpg,GT/COD10K-CAM-2-Terrestrial-36-Leopard-2098.png,Edge/COD10K-CAM-2-Terrestrial-36-Leopard-2098.png
Imgs/COD10K-CAM-2-Terrestrial-36-Leopard-2099.jpg,GT/COD10K-CAM-2-Terrestrial-36-Leopard-2099.png,Edge/COD10K-CAM-2-Terrestrial-36-Leopard-2099.png
Imgs/COD10K-CAM-2-Terrestrial-36-Leopard-2100.jpg,GT/COD10K-CAM-2-Terrestrial-36-Leopard-2100.png,Edge/COD10K-CAM-2-Terrestrial-36-Leopard-2100.png
Imgs/COD10K-CAM-2-Terrestrial-36-Leopard-2102.jpg,GT/COD10K-CAM-2-Terrestrial-36-Leopard-2102.png,Edge/COD10K-CAM-2-Terrestrial-36-Leopard-2102.png
Imgs/COD10K-CAM-2-Terrestrial-37-Lion-2106.jpg,GT/COD10K-CAM-2-Terrestrial-37-Lion-2106.png,Edge/COD10K-CAM-2-Terrestrial-37-Lion-2106.png
Imgs/COD10K-CAM-2-Terrestrial-37-Lion-2108.jpg,GT/COD10K-CAM-2-Terrestrial-37-Lion-2108.png,Edge/COD10K-CAM-2-Terrestrial-37-Lion-2108.png
Imgs/COD10K-CAM-2-Terrestrial-37-Lion-2110.jpg,GT/COD10K-CAM-2-Terrestrial-37-Lion-2110.png,Edge/COD10K-CAM-2-Terrestrial-37-Lion-2110.png
Imgs/COD10K-CAM-2-Terrestrial-37-Lion-2111.jpg,GT/COD10K-CAM-2-Terrestrial-37-Lion-2111.png,Edge/COD10K-CAM-2-Terrestrial-37-Lion-2111.png
Imgs/COD10K-CAM-2-Terrestrial-37-Lion-2114.jpg,GT/COD10K-CAM-2-Terrestrial-37-Lion-2114.png,Edge/COD10K-CAM-2-Terrestrial-37-Lion-2114.png
Imgs/COD10K-CAM-2-Terrestrial-37-Lion-2115.jpg,GT/COD10K-CAM-2-Terrestrial-37-Lion-2115.png,Edge/COD10K-CAM-2-Terrestrial-37-Lion-2115.png
Imgs/COD10K-CAM-2-Terrestrial-37-Lion-2116.jpg,GT/COD10K-CAM-2-Terrestrial-37-Lion-2116.png,Edge/COD10K-CAM-2-Terrestrial-37-Lion-2116.png
Imgs/COD10K-CAM-2-Terrestrial-37-Lion-2117.jpg,GT/COD10K-CAM-2-Terrestrial-37-Lion-2117.png,Edge/COD10K-CAM-2-Terrestrial-37-Lion-2117.png
Imgs/COD10K-CAM-2-Terrestrial-37-Lion-2118.jpg,GT/COD10K-CAM-2-Terrestrial-37-Lion-2118.png,Edge/COD10K-CAM-2-Terrestrial-37-Lion-2118.png
Imgs/COD10K-CAM-2-Terrestrial-38-Lizard-2120.jpg,GT/COD10K-CAM-2-Terrestrial-38-Lizard-2120.png,Edge/COD10K-CAM-2-Terrestrial-38-Lizard-2120.png
Imgs/COD10K-CAM-2-Terrestrial-38-Lizard-2121.jpg,GT/COD10K-CAM-2-Terrestrial-38-Lizard-2121.png,Edge/COD10K-CAM-2-Terrestrial-38-Lizard-2121.png
Imgs/COD10K-CAM-2-Terrestrial-38-Lizard-2122.jpg,GT/COD10K-CAM-2-Terrestrial-38-Lizard-2122.png,Edge/COD10K-CAM-2-Terrestrial-38-Lizard-2122.png
Imgs/COD10K-CAM-2-Terrestrial-38-Lizard-2123.jpg,GT/COD10K-CAM-2-Terrestrial-38-Lizard-2123.png,Edge/COD10K-CAM-2-Terrestrial-38-Lizard-2123.png
Imgs/COD10K-CAM-2-Terrestrial-38-Lizard-2124.jpg,GT/COD10K-CAM-2-Terrestrial-38-Lizard-2124.png,Edge/COD10K-CAM-2-Terrestrial-38-Lizard-2124.png
Imgs/COD10K-CAM-2-Terrestrial-38-Lizard-2127.jpg,GT/COD10K-CAM-2-Terrestrial-38-Lizard-2127.png,Edge/COD10K-CAM-2-Terrestrial-38-Lizard-2127.png
Imgs/COD10K-CAM-2-Terrestrial-38-Lizard-2128.jpg,GT/COD10K-CAM-2-Terrestrial-38-Lizard-2128.png,Edge/COD10K-CAM-2-Terrestrial-38-Lizard-2128.png
Imgs/COD10K-CAM-2-Terrestrial-38-Lizard-2129.jpg,GT/COD10K-CAM-2-Terrestrial-38-Lizard-2129.png,Edge/COD10K-CAM-2-Terrestrial-38-Lizard-2129.png
Imgs/COD10K-CAM-2-Terrestrial-38-Lizard-2130.jpg,GT/COD10K-CAM-2-Terrestrial-38-Lizard-2130.png,Edge/COD10K-CAM-2-Terrestrial-38-Lizard-2130.png
Imgs/COD10K-CAM-2-Terrestrial-38-Lizard-2131.jpg,GT/COD10K-CAM-2-Terrestrial-38-Lizard-2131.png,Edge/COD10K-CAM-2-Terrestrial-38-Lizard-2131.png
Imgs/COD10K-CAM-2-Terrestrial-38-Lizard-2133.jpg,GT/COD10K-CAM-2-Terrestrial-38-Lizard-2133.png,Edge/COD10K-CAM-2-Terrestrial-38-Lizard-2133.png
Imgs/COD10K-CAM-2-Terrestrial-38-Lizard-2134.jpg,GT/COD10K-CAM-2-Terrestrial-38-Lizard-2134.png,Edge/COD10K-CAM-2-Terrestrial-38-Lizard-2134.png
Imgs/COD10K-CAM-2-Terrestrial-38-Lizard-2136.jpg,GT/COD10K-CAM-2-Terrestrial-38-Lizard-2136.png,Edge/COD10K-CAM-2-Terrestrial-38-Lizard-2136.png
Imgs/COD10K-CAM-2-Terrestrial-38-Lizard-2137.jpg,GT/COD10K-CAM-2-Terrestrial-38-Lizard-2137.png,Edge/COD10K-CAM-2-Terrestrial-38-Lizard-2137.png
Imgs/COD10K-CAM-2-Terrestrial-38-Lizard-2139.jpg,GT/COD10K-CAM-2-Terrestrial-38-Lizard-2139.png,Edge/COD10K-CAM-2-Terrestrial-38-Lizard-2139.png
Imgs/COD10K-CAM-2-Terrestrial-38-Lizard-2140.jpg,GT/COD10K-CAM-2-Terrestrial-38-Lizard-2140.png,Edge/COD10K-CAM-2-Terrestrial-38-Lizard-2140.png
Imgs/COD10K-CAM-2-Terrestrial-38-Lizard-2143.jpg,GT/COD10K-CAM-2-Terrestrial-38-Lizard-2143.png,Edge/COD10K-CAM-2-Terrestrial-38-Lizard-2143.png
Imgs/COD10K-CAM-2-Terrestrial-38-Lizard-2144.jpg,GT/COD10K-CAM-2-Terrestrial-38-Lizard-2144.png,Edge/COD10K-CAM-2-Terrestrial-38-Lizard-2144.png
Imgs/COD10K-CAM-2-Terrestrial-38-Lizard-2145.jpg,GT/COD10K-CAM-2-Terrestrial-38-Lizard-2145.png,Edge/COD10K-CAM-2-Terrestrial-38-Lizard-2145.png
Imgs/COD10K-CAM-2-Terrestrial-38-Lizard-2146.jpg,GT/COD10K-CAM-2-Terrestrial-38-Lizard-2146.png,Edge/COD10K-CAM-2-Terrestrial-38-Lizard-2146.png
Imgs/COD10K-CAM-2-Terrestrial-38-Lizard-2147.jpg,GT/COD10K-CAM-2-Terrestrial-38-Lizard-2147.png,Edge/COD10K-CAM-2-Terrestrial-38-Lizard-2147.png
Imgs/COD10K-CAM-2-Terrestrial-38-Lizard-2148.jpg,GT/COD10K-CAM-2-Terrestrial-38-Lizard-2148.png,Edge/COD10K-CAM-2-Terrestrial-38-Lizard-2148.png
Imgs/COD10K-CAM-2-Terrestrial-38-Lizard-2152.jpg,GT/COD10K-CAM-2-Terrestrial-38-Lizard-2152.png,Edge/COD10K-CAM-2-Terrestrial-38-Lizard-2152.png
Imgs/COD10K-CAM-2-Terrestrial-38-Lizard-2154.jpg,GT/COD10K-CAM-2-Terrestrial-38-Lizard-2154.png,Edge/COD10K-CAM-2-Terrestrial-38-Lizard-2154.png
Imgs/COD10K-CAM-2-Terrestrial-38-Lizard-2156.jpg,GT/COD10K-CAM-2-Terrestrial-38-Lizard-2156.png,Edge/COD10K-CAM-2-Terrestrial-38-Lizard-2156.png
Imgs/COD10K-CAM-2-Terrestrial-38-Lizard-2157.jpg,GT/COD10K-CAM-2-Terrestrial-38-Lizard-2157.png,Edge/COD10K-CAM-2-Terrestrial-38-Lizard-2157.png
Imgs/COD10K-CAM-2-Terrestrial-38-Lizard-2158.jpg,GT/COD10K-CAM-2-Terrestrial-38-Lizard-2158.png,Edge/COD10K-CAM-2-Terrestrial-38-Lizard-2158.png
Imgs/COD10K-CAM-2-Terrestrial-38-Lizard-2159.jpg,GT/COD10K-CAM-2-Terrestrial-38-Lizard-2159.png,Edge/COD10K-CAM-2-Terrestrial-38-Lizard-2159.png
Imgs/COD10K-CAM-2-Terrestrial-38-Lizard-2160.jpg,GT/COD10K-CAM-2-Terrestrial-38-Lizard-2160.png,Edge/COD10K-CAM-2-Terrestrial-38-Lizard-2160.png
Imgs/COD10K-CAM-2-Terrestrial-38-Lizard-2162.jpg,GT/COD10K-CAM-2-Terrestrial-38-Lizard-2162.png,Edge/COD10K-CAM-2-Terrestrial-38-Lizard-2162.png
Imgs/COD10K-CAM-2-Terrestrial-38-Lizard-2163.jpg,GT/COD10K-CAM-2-Terrestrial-38-Lizard-2163.png,Edge/COD10K-CAM-2-Terrestrial-38-Lizard-2163.png
Imgs/COD10K-CAM-2-Terrestrial-38-Lizard-2164.jpg,GT/COD10K-CAM-2-Terrestrial-38-Lizard-2164.png,Edge/COD10K-CAM-2-Terrestrial-38-Lizard-2164.png
Imgs/COD10K-CAM-2-Terrestrial-38-Lizard-2168.jpg,GT/COD10K-CAM-2-Terrestrial-38-Lizard-2168.png,Edge/COD10K-CAM-2-Terrestrial-38-Lizard-2168.png
Imgs/COD10K-CAM-2-Terrestrial-38-Lizard-2169.jpg,GT/COD10K-CAM-2-Terrestrial-38-Lizard-2169.png,Edge/COD10K-CAM-2-Terrestrial-38-Lizard-2169.png
Imgs/COD10K-CAM-2-Terrestrial-38-Lizard-2170.jpg,GT/COD10K-CAM-2-Terrestrial-38-Lizard-2170.png,Edge/COD10K-CAM-2-Terrestrial-38-Lizard-2170.png
Imgs/COD10K-CAM-2-Terrestrial-38-Lizard-2171.jpg,GT/COD10K-CAM-2-Terrestrial-38-Lizard-2171.png,Edge/COD10K-CAM-2-Terrestrial-38-Lizard-2171.png
Imgs/COD10K-CAM-2-Terrestrial-38-Lizard-2174.jpg,GT/COD10K-CAM-2-Terrestrial-38-Lizard-2174.png,Edge/COD10K-CAM-2-Terrestrial-38-Lizard-2174.png
Imgs/COD10K-CAM-2-Terrestrial-38-Lizard-2175.jpg,GT/COD10K-CAM-2-Terrestrial-38-Lizard-2175.png,Edge/COD10K-CAM-2-Terrestrial-38-Lizard-2175.png
Imgs/COD10K-CAM-2-Terrestrial-38-Lizard-2177.jpg,GT/COD10K-CAM-2-Terrestrial-38-Lizard-2177.png,Edge/COD10K-CAM-2-Terrestrial-38-Lizard-2177.png
Imgs/COD10K-CAM-2-Terrestrial-38-Lizard-2181.jpg,GT/COD10K-CAM-2-Terrestrial-38-Lizard-2181.png,Edge/COD10K-CAM-2-Terrestrial-38-Lizard-2181.png
Imgs/COD10K-CAM-2-Terrestrial-38-Lizard-2182.jpg,GT/COD10K-CAM-2-Terrestrial-38-Lizard-2182.png,Edge/COD10K-CAM-2-Terrestrial-38-Lizard-2182.png
Imgs/COD10K-CAM-2-Terrestrial-38-Lizard-2184.jpg,GT/COD10K-CAM-2-Terrestrial-38-Lizard-2184.png,Edge/COD10K-CAM-2-Terrestrial-38-Lizard-2184.png
Imgs/COD10K-CAM-2-Terrestrial-38-Lizard-2186.jpg,GT/COD10K-CAM-2-Terrestrial-38-Lizard-2186.png,Edge/COD10K-CAM-2-Terrestrial-38-Lizard-2186.png
Imgs/COD10K-CAM-2-Terrestrial-38-Lizard-2187.jpg,GT/COD10K-CAM-2-Terrestrial-38-Lizard-2187.png,Edge/COD10K-CAM-2-Terrestrial-38-Lizard-2187.png
Imgs/COD10K-CAM-2-Terrestrial-38-Lizard-2188.jpg,GT/COD10K-CAM-2-Terrestrial-38-Lizard-2188.png,Edge/COD10K-CAM-2-Terrestrial-38-Lizard-2188.png
Imgs/COD10K-CAM-2-Terrestrial-38-Lizard-2189.jpg,GT/COD10K-CAM-2-Terrestrial-38-Lizard-2189.png,Edge/COD10K-CAM-2-Terrestrial-38-Lizard-2189.png
Imgs/COD10K-CAM-2-Terrestrial-38-Lizard-2191.jpg,GT/COD10K-CAM-2-Terrestrial-38-Lizard-2191.png,Edge/COD10K-CAM-2-Terrestrial-38-Lizard-2191.png
Imgs/COD10K-CAM-2-Terrestrial-38-Lizard-2192.jpg,GT/COD10K-CAM-2-Terrestrial-38-Lizard-2192.png,Edge/COD10K-CAM-2-Terrestrial-38-Lizard-2192.png
Imgs/COD10K-CAM-2-Terrestrial-38-Lizard-2193.jpg,GT/COD10K-CAM-2-Terrestrial-38-Lizard-2193.png,Edge/COD10K-CAM-2-Terrestrial-38-Lizard-2193.png
Imgs/COD10K-CAM-2-Terrestrial-38-Lizard-2196.jpg,GT/COD10K-CAM-2-Terrestrial-38-Lizard-2196.png,Edge/COD10K-CAM-2-Terrestrial-38-Lizard-2196.png
Imgs/COD10K-CAM-2-Terrestrial-38-Lizard-2198.jpg,GT/COD10K-CAM-2-Terrestrial-38-Lizard-2198.png,Edge/COD10K-CAM-2-Terrestrial-38-Lizard-2198.png
Imgs/COD10K-CAM-2-Terrestrial-38-Lizard-2199.jpg,GT/COD10K-CAM-2-Terrestrial-38-Lizard-2199.png,Edge/COD10K-CAM-2-Terrestrial-38-Lizard-2199.png
Imgs/COD10K-CAM-2-Terrestrial-38-Lizard-2200.jpg,GT/COD10K-CAM-2-Terrestrial-38-Lizard-2200.png,Edge/COD10K-CAM-2-Terrestrial-38-Lizard-2200.png
Imgs/COD10K-CAM-2-Terrestrial-38-Lizard-2203.jpg,GT/COD10K-CAM-2-Terrestrial-38-Lizard-2203.png,Edge/COD10K-CAM-2-Terrestrial-38-Lizard-2203.png
Imgs/COD10K-CAM-2-Terrestrial-38-Lizard-2206.jpg,GT/COD10K-CAM-2-Terrestrial-38-Lizard-2206.png,Edge/COD10K-CAM-2-Terrestrial-38-Lizard-2206.png
Imgs/COD10K-CAM-2-Terrestrial-38-Lizard-2207.jpg,GT/COD10K-CAM-2-Terrestrial-38-Lizard-2207.png,Edge/COD10K-CAM-2-Terrestrial-38-Lizard-2207.png
Imgs/COD10K-CAM-2-Terrestrial-38-Lizard-2208.jpg,GT/COD10K-CAM-2-Terrestrial-38-Lizard-2208.png,Edge/COD10K-CAM-2-Terrestrial-38-Lizard-2208.png
Imgs/COD10K-CAM-2-Terrestrial-38-Lizard-2209.jpg,GT/COD10K-CAM-2-Terrestrial-38-Lizard-2209.png,Edge/COD10K-CAM-2-Terrestrial-38-Lizard-2209.png
Imgs/COD10K-CAM-2-Terrestrial-38-Lizard-2210.jpg,GT/COD10K-CAM-2-Terrestrial-38-Lizard-2210.png,Edge/COD10K-CAM-2-Terrestrial-38-Lizard-2210.png
Imgs/COD10K-CAM-2-Terrestrial-38-Lizard-2211.jpg,GT/COD10K-CAM-2-Terrestrial-38-Lizard-2211.png,Edge/COD10K-CAM-2-Terrestrial-38-Lizard-2211.png
Imgs/COD10K-CAM-2-Terrestrial-38-Lizard-2214.jpg,GT/COD10K-CAM-2-Terrestrial-38-Lizard-2214.png,Edge/COD10K-CAM-2-Terrestrial-38-Lizard-2214.png
Imgs/COD10K-CAM-2-Terrestrial-38-Lizard-2215.jpg,GT/COD10K-CAM-2-Terrestrial-38-Lizard-2215.png,Edge/COD10K-CAM-2-Terrestrial-38-Lizard-2215.png
Imgs/COD10K-CAM-2-Terrestrial-38-Lizard-2219.jpg,GT/COD10K-CAM-2-Terrestrial-38-Lizard-2219.png,Edge/COD10K-CAM-2-Terrestrial-38-Lizard-2219.png
Imgs/COD10K-CAM-2-Terrestrial-38-Lizard-2221.jpg,GT/COD10K-CAM-2-Terrestrial-38-Lizard-2221.png,Edge/COD10K-CAM-2-Terrestrial-38-Lizard-2221.png
Imgs/COD10K-CAM-2-Terrestrial-38-Lizard-2222.jpg,GT/COD10K-CAM-2-Terrestrial-38-Lizard-2222.png,Edge/COD10K-CAM-2-Terrestrial-38-Lizard-2222.png
Imgs/COD10K-CAM-2-Terrestrial-38-Lizard-2223.jpg,GT/COD10K-CAM-2-Terrestrial-38-Lizard-2223.png,Edge/COD10K-CAM-2-Terrestrial-38-Lizard-2223.png
Imgs/COD10K-CAM-2-Terrestrial-38-Lizard-2226.jpg,GT/COD10K-CAM-2-Terrestrial-38-Lizard-2226.png,Edge/COD10K-CAM-2-Terrestrial-38-Lizard-2226.png
Imgs/COD10K-CAM-2-Terrestrial-38-Lizard-2227.jpg,GT/COD10K-CAM-2-Terrestrial-38-Lizard-2227.png,Edge/COD10K-CAM-2-Terrestrial-38-Lizard-2227.png
Imgs/COD10K-CAM-2-Terrestrial-38-Lizard-2228.jpg,GT/COD10K-CAM-2-Terrestrial-38-Lizard-2228.png,Edge/COD10K-CAM-2-Terrestrial-38-Lizard-2228.png
Imgs/COD10K-CAM-2-Terrestrial-38-Lizard-2230.jpg,GT/COD10K-CAM-2-Terrestrial-38-Lizard-2230.png,Edge/COD10K-CAM-2-Terrestrial-38-Lizard-2230.png
Imgs/COD10K-CAM-2-Terrestrial-38-Lizard-2234.jpg,GT/COD10K-CAM-2-Terrestrial-38-Lizard-2234.png,Edge/COD10K-CAM-2-Terrestrial-38-Lizard-2234.png
Imgs/COD10K-CAM-2-Terrestrial-38-Lizard-2236.jpg,GT/COD10K-CAM-2-Terrestrial-38-Lizard-2236.png,Edge/COD10K-CAM-2-Terrestrial-38-Lizard-2236.png
Imgs/COD10K-CAM-2-Terrestrial-38-Lizard-2237.jpg,GT/COD10K-CAM-2-Terrestrial-38-Lizard-2237.png,Edge/COD10K-CAM-2-Terrestrial-38-Lizard-2237.png
Imgs/COD10K-CAM-2-Terrestrial-38-Lizard-2238.jpg,GT/COD10K-CAM-2-Terrestrial-38-Lizard-2238.png,Edge/COD10K-CAM-2-Terrestrial-38-Lizard-2238.png
Imgs/COD10K-CAM-2-Terrestrial-38-Lizard-2239.jpg,GT/COD10K-CAM-2-Terrestrial-38-Lizard-2239.png,Edge/COD10K-CAM-2-Terrestrial-38-Lizard-2239.png
Imgs/COD10K-CAM-2-Terrestrial-38-Lizard-2242.jpg,GT/COD10K-CAM-2-Terrestrial-38-Lizard-2242.png,Edge/COD10K-CAM-2-Terrestrial-38-Lizard-2242.png
Imgs/COD10K-CAM-2-Terrestrial-38-Lizard-2246.jpg,GT/COD10K-CAM-2-Terrestrial-38-Lizard-2246.png,Edge/COD10K-CAM-2-Terrestrial-38-Lizard-2246.png
Imgs/COD10K-CAM-2-Terrestrial-38-Lizard-2247.jpg,GT/COD10K-CAM-2-Terrestrial-38-Lizard-2247.png,Edge/COD10K-CAM-2-Terrestrial-38-Lizard-2247.png
Imgs/COD10K-CAM-2-Terrestrial-38-Lizard-2249.jpg,GT/COD10K-CAM-2-Terrestrial-38-Lizard-2249.png,Edge/COD10K-CAM-2-Terrestrial-38-Lizard-2249.png
Imgs/COD10K-CAM-2-Terrestrial-38-Lizard-2250.jpg,GT/COD10K-CAM-2-Terrestrial-38-Lizard-2250.png,Edge/COD10K-CAM-2-Terrestrial-38-Lizard-2250.png
Imgs/COD10K-CAM-2-Terrestrial-38-Lizard-2252.jpg,GT/COD10K-CAM-2-Terrestrial-38-Lizard-2252.png,Edge/COD10K-CAM-2-Terrestrial-38-Lizard-2252.png
Imgs/COD10K-CAM-2-Terrestrial-38-Lizard-2253.jpg,GT/COD10K-CAM-2-Terrestrial-38-Lizard-2253.png,Edge/COD10K-CAM-2-Terrestrial-38-Lizard-2253.png
Imgs/COD10K-CAM-2-Terrestrial-38-Lizard-2254.jpg,GT/COD10K-CAM-2-Terrestrial-38-Lizard-2254.png,Edge/COD10K-CAM-2-Terrestrial-38-Lizard-2254.png
Imgs/COD10K-CAM-2-Terrestrial-38-Lizard-2255.jpg,GT/COD10K-CAM-2-Terrestrial-38-Lizard-2255.png,Edge/COD10K-CAM-2-Terrestrial-38-Lizard-2255.png
Imgs/COD10K-CAM-2-Terrestrial-38-Lizard-2257.jpg,GT/COD10K-CAM-2-Terrestrial-38-Lizard-2257.png,Edge/COD10K-CAM-2-Terrestrial-38-Lizard-2257.png
Imgs/COD10K-CAM-2-Terrestrial-38-Lizard-2258.jpg,GT/COD10K-CAM-2-Terrestrial-38-Lizard-2258.png,Edge/COD10K-CAM-2-Terrestrial-38-Lizard-2258.png
Imgs/COD10K-CAM-2-Terrestrial-38-Lizard-2259.jpg,GT/COD10K-CAM-2-Terrestrial-38-Lizard-2259.png,Edge/COD10K-CAM-2-Terrestrial-38-Lizard-2259.png
Imgs/COD10K-CAM-2-Terrestrial-38-Lizard-2260.jpg,GT/COD10K-CAM-2-Terrestrial-38-Lizard-2260.png,Edge/COD10K-CAM-2-Terrestrial-38-Lizard-2260.png
Imgs/COD10K-CAM-2-Terrestrial-38-Lizard-2262.jpg,GT/COD10K-CAM-2-Terrestrial-38-Lizard-2262.png,Edge/COD10K-CAM-2-Terrestrial-38-Lizard-2262.png
Imgs/COD10K-CAM-2-Terrestrial-38-Lizard-2263.jpg,GT/COD10K-CAM-2-Terrestrial-38-Lizard-2263.png,Edge/COD10K-CAM-2-Terrestrial-38-Lizard-2263.png
Imgs/COD10K-CAM-2-Terrestrial-38-Lizard-2265.jpg,GT/COD10K-CAM-2-Terrestrial-38-Lizard-2265.png,Edge/COD10K-CAM-2-Terrestrial-38-Lizard-2265.png
Imgs/COD10K-CAM-2-Terrestrial-38-Lizard-2267.jpg,GT/COD10K-CAM-2-Terrestrial-38-Lizard-2267.png,Edge/COD10K-CAM-2-Terrestrial-38-Lizard-2267.png
Imgs/COD10K-CAM-2-Terrestrial-38-Lizard-2268.jpg,GT/COD10K-CAM-2-Terrestrial-38-Lizard-2268.png,Edge/COD10K-CAM-2-Terrestrial-38-Lizard-2268.png
Imgs/COD10K-CAM-2-Terrestrial-38-Lizard-2269.jpg,GT/COD10K-CAM-2-Terrestrial-38-Lizard-2269.png,Edge/COD10K-CAM-2-Terrestrial-38-Lizard-2269.png
Imgs/COD10K-CAM-2-Terrestrial-38-Lizard-2270.jpg,GT/COD10K-CAM-2-Terrestrial-38-Lizard-2270.png,Edge/COD10K-CAM-2-Terrestrial-38-Lizard-2270.png
Imgs/COD10K-CAM-2-Terrestrial-38-Lizard-2271.jpg,GT/COD10K-CAM-2-Terrestrial-38-Lizard-2271.png,Edge/COD10K-CAM-2-Terrestrial-38-Lizard-2271.png
Imgs/COD10K-CAM-2-Terrestrial-38-Lizard-2272.jpg,GT/COD10K-CAM-2-Terrestrial-38-Lizard-2272.png,Edge/COD10K-CAM-2-Terrestrial-38-Lizard-2272.png
Imgs/COD10K-CAM-2-Terrestrial-38-Lizard-2274.jpg,GT/COD10K-CAM-2-Terrestrial-38-Lizard-2274.png,Edge/COD10K-CAM-2-Terrestrial-38-Lizard-2274.png
Imgs/COD10K-CAM-2-Terrestrial-38-Lizard-2275.jpg,GT/COD10K-CAM-2-Terrestrial-38-Lizard-2275.png,Edge/COD10K-CAM-2-Terrestrial-38-Lizard-2275.png
Imgs/COD10K-CAM-2-Terrestrial-38-Lizard-2277.jpg,GT/COD10K-CAM-2-Terrestrial-38-Lizard-2277.png,Edge/COD10K-CAM-2-Terrestrial-38-Lizard-2277.png
Imgs/COD10K-CAM-2-Terrestrial-38-Lizard-2280.jpg,GT/COD10K-CAM-2-Terrestrial-38-Lizard-2280.png,Edge/COD10K-CAM-2-Terrestrial-38-Lizard-2280.png
Imgs/COD10K-CAM-2-Terrestrial-38-Lizard-2281.jpg,GT/COD10K-CAM-2-Terrestrial-38-Lizard-2281.png,Edge/COD10K-CAM-2-Terrestrial-38-Lizard-2281.png
Imgs/COD10K-CAM-2-Terrestrial-38-Lizard-2283.jpg,GT/COD10K-CAM-2-Terrestrial-38-Lizard-2283.png,Edge/COD10K-CAM-2-Terrestrial-38-Lizard-2283.png
Imgs/COD10K-CAM-2-Terrestrial-38-Lizard-2284.jpg,GT/COD10K-CAM-2-Terrestrial-38-Lizard-2284.png,Edge/COD10K-CAM-2-Terrestrial-38-Lizard-2284.png
Imgs/COD10K-CAM-2-Terrestrial-38-Lizard-2287.jpg,GT/COD10K-CAM-2-Terrestrial-38-Lizard-2287.png,Edge/COD10K-CAM-2-Terrestrial-38-Lizard-2287.png
Imgs/COD10K-CAM-2-Terrestrial-38-Lizard-2289.jpg,GT/COD10K-CAM-2-Terrestrial-38-Lizard-2289.png,Edge/COD10K-CAM-2-Terrestrial-38-Lizard-2289.png
Imgs/COD10K-CAM-2-Terrestrial-38-Lizard-2290.jpg,GT/COD10K-CAM-2-Terrestrial-38-Lizard-2290.png,Edge/COD10K-CAM-2-Terrestrial-38-Lizard-2290.png
Imgs/COD10K-CAM-2-Terrestrial-38-Lizard-2292.jpg,GT/COD10K-CAM-2-Terrestrial-38-Lizard-2292.png,Edge/COD10K-CAM-2-Terrestrial-38-Lizard-2292.png
Imgs/COD10K-CAM-2-Terrestrial-38-Lizard-2293.jpg,GT/COD10K-CAM-2-Terrestrial-38-Lizard-2293.png,Edge/COD10K-CAM-2-Terrestrial-38-Lizard-2293.png
Imgs/COD10K-CAM-2-Terrestrial-38-Lizard-2296.jpg,GT/COD10K-CAM-2-Terrestrial-38-Lizard-2296.png,Edge/COD10K-CAM-2-Terrestrial-38-Lizard-2296.png
Imgs/COD10K-CAM-2-Terrestrial-38-Lizard-2297.jpg,GT/COD10K-CAM-2-Terrestrial-38-Lizard-2297.png,Edge/COD10K-CAM-2-Terrestrial-38-Lizard-2297.png
Imgs/COD10K-CAM-2-Terrestrial-38-Lizard-2298.jpg,GT/COD10K-CAM-2-Terrestrial-38-Lizard-2298.png,Edge/COD10K-CAM-2-Terrestrial-38-Lizard-2298.png
Imgs/COD10K-CAM-2-Terrestrial-38-Lizard-2299.jpg,GT/COD10K-CAM-2-Terrestrial-38-Lizard-2299.png,Edge/COD10K-CAM-2-Terrestrial-38-Lizard-2299.png
Imgs/COD10K-CAM-2-Terrestrial-38-Lizard-2300.jpg,GT/COD10K-CAM-2-Terrestrial-38-Lizard-2300.png,Edge/COD10K-CAM-2-Terrestrial-38-Lizard-2300.png
Imgs/COD10K-CAM-2-Terrestrial-38-Lizard-2301.jpg,GT/COD10K-CAM-2-Terrestrial-38-Lizard-2301.png,Edge/COD10K-CAM-2-Terrestrial-38-Lizard-2301.png
Imgs/COD10K-CAM-2-Terrestrial-38-Lizard-2302.jpg,GT/COD10K-CAM-2-Terrestrial-38-Lizard-2302.png,Edge/COD10K-CAM-2-Terrestrial-38-Lizard-2302.png
Imgs/COD10K-CAM-2-Terrestrial-38-Lizard-2303.jpg,GT/COD10K-CAM-2-Terrestrial-38-Lizard-2303.png,Edge/COD10K-CAM-2-Terrestrial-38-Lizard-2303.png
Imgs/COD10K-CAM-2-Terrestrial-38-Lizard-2305.jpg,GT/COD10K-CAM-2-Terrestrial-38-Lizard-2305.png,Edge/COD10K-CAM-2-Terrestrial-38-Lizard-2305.png
Imgs/COD10K-CAM-2-Terrestrial-38-Lizard-2306.jpg,GT/COD10K-CAM-2-Terrestrial-38-Lizard-2306.png,Edge/COD10K-CAM-2-Terrestrial-38-Lizard-2306.png
Imgs/COD10K-CAM-2-Terrestrial-38-Lizard-2310.jpg,GT/COD10K-CAM-2-Terrestrial-38-Lizard-2310.png,Edge/COD10K-CAM-2-Terrestrial-38-Lizard-2310.png
Imgs/COD10K-CAM-2-Terrestrial-38-Lizard-2311.jpg,GT/COD10K-CAM-2-Terrestrial-38-Lizard-2311.png,Edge/COD10K-CAM-2-Terrestrial-38-Lizard-2311.png
Imgs/COD10K-CAM-2-Terrestrial-38-Lizard-2312.jpg,GT/COD10K-CAM-2-Terrestrial-38-Lizard-2312.png,Edge/COD10K-CAM-2-Terrestrial-38-Lizard-2312.png
Imgs/COD10K-CAM-2-Terrestrial-38-Lizard-2313.jpg,GT/COD10K-CAM-2-Terrestrial-38-Lizard-2313.png,Edge/COD10K-CAM-2-Terrestrial-38-Lizard-2313.png
Imgs/COD10K-CAM-2-Terrestrial-38-Lizard-2314.jpg,GT/COD10K-CAM-2-Terrestrial-38-Lizard-2314.png,Edge/COD10K-CAM-2-Terrestrial-38-Lizard-2314.png
Imgs/COD10K-CAM-2-Terrestrial-38-Lizard-2317.jpg,GT/COD10K-CAM-2-Terrestrial-38-Lizard-2317.png,Edge/COD10K-CAM-2-Terrestrial-38-Lizard-2317.png
Imgs/COD10K-CAM-2-Terrestrial-38-Lizard-2318.jpg,GT/COD10K-CAM-2-Terrestrial-38-Lizard-2318.png,Edge/COD10K-CAM-2-Terrestrial-38-Lizard-2318.png
Imgs/COD10K-CAM-2-Terrestrial-38-Lizard-2320.jpg,GT/COD10K-CAM-2-Terrestrial-38-Lizard-2320.png,Edge/COD10K-CAM-2-Terrestrial-38-Lizard-2320.png
Imgs/COD10K-CAM-2-Terrestrial-38-Lizard-2321.jpg,GT/COD10K-CAM-2-Terrestrial-38-Lizard-2321.png,Edge/COD10K-CAM-2-Terrestrial-38-Lizard-2321.png
Imgs/COD10K-CAM-2-Terrestrial-38-Lizard-2322.jpg,GT/COD10K-CAM-2-Terrestrial-38-Lizard-2322.png,Edge/COD10K-CAM-2-Terrestrial-38-Lizard-2322.png
Imgs/COD10K-CAM-2-Terrestrial-38-Lizard-2323.jpg,GT/COD10K-CAM-2-Terrestrial-38-Lizard-2323.png,Edge/COD10K-CAM-2-Terrestrial-38-Lizard-2323.png
Imgs/COD10K-CAM-2-Terrestrial-38-Lizard-2325.jpg,GT/COD10K-CAM-2-Terrestrial-38-Lizard-2325.png,Edge/COD10K-CAM-2-Terrestrial-38-Lizard-2325.png
Imgs/COD10K-CAM-2-Terrestrial-38-Lizard-2327.jpg,GT/COD10K-CAM-2-Terrestrial-38-Lizard-2327.png,Edge/COD10K-CAM-2-Terrestrial-38-Lizard-2327.png
Imgs/COD10K-CAM-2-Terrestrial-38-Lizard-2328.jpg,GT/COD10K-CAM-2-Terrestrial-38-Lizard-2328.png,Edge/COD10K-CAM-2-Terrestrial-38-Lizard-2328.png
Imgs/COD10K-CAM-2-Terrestrial-38-Lizard-2329.jpg,GT/COD10K-CAM-2-Terrestrial-38-Lizard-2329.png,Edge/COD10K-CAM-2-Terrestrial-38-Lizard-2329.png
Imgs/COD10K-CAM-2-Terrestrial-38-Lizard-2330.jpg,GT/COD10K-CAM-2-Terrestrial-38-Lizard-2330.png,Edge/COD10K-CAM-2-Terrestrial-38-Lizard-2330.png
Imgs/COD10K-CAM-2-Terrestrial-38-Lizard-2331.jpg,GT/COD10K-CAM-2-Terrestrial-38-Lizard-2331.png,Edge/COD10K-CAM-2-Terrestrial-38-Lizard-2331.png
Imgs/COD10K-CAM-2-Terrestrial-38-Lizard-2332.jpg,GT/COD10K-CAM-2-Terrestrial-38-Lizard-2332.png,Edge/COD10K-CAM-2-Terrestrial-38-Lizard-2332.png
Imgs/COD10K-CAM-2-Terrestrial-39-Monkey-2334.jpg,GT/COD10K-CAM-2-Terrestrial-39-Monkey-2334.png,Edge/COD10K-CAM-2-Terrestrial-39-Monkey-2334.png
Imgs/COD10K-CAM-2-Terrestrial-39-Monkey-2335.jpg,GT/COD10K-CAM-2-Terrestrial-39-Monkey-2335.png,Edge/COD10K-CAM-2-Terrestrial-39-Monkey-2335.png
Imgs/COD10K-CAM-2-Terrestrial-39-Monkey-2336.jpg,GT/COD10K-CAM-2-Terrestrial-39-Monkey-2336.png,Edge/COD10K-CAM-2-Terrestrial-39-Monkey-2336.png
Imgs/COD10K-CAM-2-Terrestrial-39-Monkey-2337.jpg,GT/COD10K-CAM-2-Terrestrial-39-Monkey-2337.png,Edge/COD10K-CAM-2-Terrestrial-39-Monkey-2337.png
Imgs/COD10K-CAM-2-Terrestrial-40-Rabbit-2342.jpg,GT/COD10K-CAM-2-Terrestrial-40-Rabbit-2342.png,Edge/COD10K-CAM-2-Terrestrial-40-Rabbit-2342.png
Imgs/COD10K-CAM-2-Terrestrial-40-Rabbit-2343.jpg,GT/COD10K-CAM-2-Terrestrial-40-Rabbit-2343.png,Edge/COD10K-CAM-2-Terrestrial-40-Rabbit-2343.png
Imgs/COD10K-CAM-2-Terrestrial-40-Rabbit-2345.jpg,GT/COD10K-CAM-2-Terrestrial-40-Rabbit-2345.png,Edge/COD10K-CAM-2-Terrestrial-40-Rabbit-2345.png
Imgs/COD10K-CAM-2-Terrestrial-40-Rabbit-2349.jpg,GT/COD10K-CAM-2-Terrestrial-40-Rabbit-2349.png,Edge/COD10K-CAM-2-Terrestrial-40-Rabbit-2349.png
Imgs/COD10K-CAM-2-Terrestrial-40-Rabbit-2350.jpg,GT/COD10K-CAM-2-Terrestrial-40-Rabbit-2350.png,Edge/COD10K-CAM-2-Terrestrial-40-Rabbit-2350.png
Imgs/COD10K-CAM-2-Terrestrial-40-Rabbit-2353.jpg,GT/COD10K-CAM-2-Terrestrial-40-Rabbit-2353.png,Edge/COD10K-CAM-2-Terrestrial-40-Rabbit-2353.png
Imgs/COD10K-CAM-2-Terrestrial-40-Rabbit-2354.jpg,GT/COD10K-CAM-2-Terrestrial-40-Rabbit-2354.png,Edge/COD10K-CAM-2-Terrestrial-40-Rabbit-2354.png
Imgs/COD10K-CAM-2-Terrestrial-40-Rabbit-2355.jpg,GT/COD10K-CAM-2-Terrestrial-40-Rabbit-2355.png,Edge/COD10K-CAM-2-Terrestrial-40-Rabbit-2355.png
Imgs/COD10K-CAM-2-Terrestrial-40-Rabbit-2357.jpg,GT/COD10K-CAM-2-Terrestrial-40-Rabbit-2357.png,Edge/COD10K-CAM-2-Terrestrial-40-Rabbit-2357.png
Imgs/COD10K-CAM-2-Terrestrial-40-Rabbit-2359.jpg,GT/COD10K-CAM-2-Terrestrial-40-Rabbit-2359.png,Edge/COD10K-CAM-2-Terrestrial-40-Rabbit-2359.png
Imgs/COD10K-CAM-2-Terrestrial-40-Rabbit-2361.jpg,GT/COD10K-CAM-2-Terrestrial-40-Rabbit-2361.png,Edge/COD10K-CAM-2-Terrestrial-40-Rabbit-2361.png
Imgs/COD10K-CAM-2-Terrestrial-40-Rabbit-2362.jpg,GT/COD10K-CAM-2-Terrestrial-40-Rabbit-2362.png,Edge/COD10K-CAM-2-Terrestrial-40-Rabbit-2362.png
Imgs/COD10K-CAM-2-Terrestrial-40-Rabbit-2363.jpg,GT/COD10K-CAM-2-Terrestrial-40-Rabbit-2363.png,Edge/COD10K-CAM-2-Terrestrial-40-Rabbit-2363.png
Imgs/COD10K-CAM-2-Terrestrial-40-Rabbit-2364.jpg,GT/COD10K-CAM-2-Terrestrial-40-Rabbit-2364.png,Edge/COD10K-CAM-2-Terrestrial-40-Rabbit-2364.png
Imgs/COD10K-CAM-2-Terrestrial-40-Rabbit-2365.jpg,GT/COD10K-CAM-2-Terrestrial-40-Rabbit-2365.png,Edge/COD10K-CAM-2-Terrestrial-40-Rabbit-2365.png
Imgs/COD10K-CAM-2-Terrestrial-40-Rabbit-2367.jpg,GT/COD10K-CAM-2-Terrestrial-40-Rabbit-2367.png,Edge/COD10K-CAM-2-Terrestrial-40-Rabbit-2367.png
Imgs/COD10K-CAM-2-Terrestrial-40-Rabbit-2370.jpg,GT/COD10K-CAM-2-Terrestrial-40-Rabbit-2370.png,Edge/COD10K-CAM-2-Terrestrial-40-Rabbit-2370.png
Imgs/COD10K-CAM-2-Terrestrial-40-Rabbit-2372.jpg,GT/COD10K-CAM-2-Terrestrial-40-Rabbit-2372.png,Edge/COD10K-CAM-2-Terrestrial-40-Rabbit-2372.png
Imgs/COD10K-CAM-2-Terrestrial-41-Reccoon-2376.jpg,GT/COD10K-CAM-2-Terrestrial-41-Reccoon-2376.png,Edge/COD10K-CAM-2-Terrestrial-41-Reccoon-2376.png
Imgs/COD10K-CAM-2-Terrestrial-41-Reccoon-2377.jpg,GT/COD10K-CAM-2-Terrestrial-41-Reccoon-2377.png,Edge/COD10K-CAM-2-Terrestrial-41-Reccoon-2377.png
Imgs/COD10K-CAM-2-Terrestrial-41-Reccoon-2378.jpg,GT/COD10K-CAM-2-Terrestrial-41-Reccoon-2378.png,Edge/COD10K-CAM-2-Terrestrial-41-Reccoon-2378.png
Imgs/COD10K-CAM-2-Terrestrial-42-Sciuridae-2381.jpg,GT/COD10K-CAM-2-Terrestrial-42-Sciuridae-2381.png,Edge/COD10K-CAM-2-Terrestrial-42-Sciuridae-2381.png
Imgs/COD10K-CAM-2-Terrestrial-42-Sciuridae-2385.jpg,GT/COD10K-CAM-2-Terrestrial-42-Sciuridae-2385.png,Edge/COD10K-CAM-2-Terrestrial-42-Sciuridae-2385.png
Imgs/COD10K-CAM-2-Terrestrial-42-Sciuridae-2387.jpg,GT/COD10K-CAM-2-Terrestrial-42-Sciuridae-2387.png,Edge/COD10K-CAM-2-Terrestrial-42-Sciuridae-2387.png
Imgs/COD10K-CAM-2-Terrestrial-42-Sciuridae-2388.jpg,GT/COD10K-CAM-2-Terrestrial-42-Sciuridae-2388.png,Edge/COD10K-CAM-2-Terrestrial-42-Sciuridae-2388.png
Imgs/COD10K-CAM-2-Terrestrial-42-Sciuridae-2389.jpg,GT/COD10K-CAM-2-Terrestrial-42-Sciuridae-2389.png,Edge/COD10K-CAM-2-Terrestrial-42-Sciuridae-2389.png
Imgs/COD10K-CAM-2-Terrestrial-42-Sciuridae-2390.jpg,GT/COD10K-CAM-2-Terrestrial-42-Sciuridae-2390.png,Edge/COD10K-CAM-2-Terrestrial-42-Sciuridae-2390.png
Imgs/COD10K-CAM-2-Terrestrial-42-Sciuridae-2391.jpg,GT/COD10K-CAM-2-Terrestrial-42-Sciuridae-2391.png,Edge/COD10K-CAM-2-Terrestrial-42-Sciuridae-2391.png
Imgs/COD10K-CAM-2-Terrestrial-42-Sciuridae-2392.jpg,GT/COD10K-CAM-2-Terrestrial-42-Sciuridae-2392.png,Edge/COD10K-CAM-2-Terrestrial-42-Sciuridae-2392.png
Imgs/COD10K-CAM-2-Terrestrial-42-Sciuridae-2393.jpg,GT/COD10K-CAM-2-Terrestrial-42-Sciuridae-2393.png,Edge/COD10K-CAM-2-Terrestrial-42-Sciuridae-2393.png
Imgs/COD10K-CAM-2-Terrestrial-42-Sciuridae-2394.jpg,GT/COD10K-CAM-2-Terrestrial-42-Sciuridae-2394.png,Edge/COD10K-CAM-2-Terrestrial-42-Sciuridae-2394.png
Imgs/COD10K-CAM-2-Terrestrial-42-Sciuridae-2396.jpg,GT/COD10K-CAM-2-Terrestrial-42-Sciuridae-2396.png,Edge/COD10K-CAM-2-Terrestrial-42-Sciuridae-2396.png
Imgs/COD10K-CAM-2-Terrestrial-42-Sciuridae-2398.jpg,GT/COD10K-CAM-2-Terrestrial-42-Sciuridae-2398.png,Edge/COD10K-CAM-2-Terrestrial-42-Sciuridae-2398.png
Imgs/COD10K-CAM-2-Terrestrial-42-Sciuridae-2399.jpg,GT/COD10K-CAM-2-Terrestrial-42-Sciuridae-2399.png,Edge/COD10K-CAM-2-Terrestrial-42-Sciuridae-2399.png
Imgs/COD10K-CAM-2-Terrestrial-42-Sciuridae-2403.jpg,GT/COD10K-CAM-2-Terrestrial-42-Sciuridae-2403.png,Edge/COD10K-CAM-2-Terrestrial-42-Sciuridae-2403.png
Imgs/COD10K-CAM-2-Terrestrial-42-Sciuridae-2404.jpg,GT/COD10K-CAM-2-Terrestrial-42-Sciuridae-2404.png,Edge/COD10K-CAM-2-Terrestrial-42-Sciuridae-2404.png
Imgs/COD10K-CAM-2-Terrestrial-42-Sciuridae-2405.jpg,GT/COD10K-CAM-2-Terrestrial-42-Sciuridae-2405.png,Edge/COD10K-CAM-2-Terrestrial-42-Sciuridae-2405.png
Imgs/COD10K-CAM-2-Terrestrial-42-Sciuridae-2406.jpg,GT/COD10K-CAM-2-Terrestrial-42-Sciuridae-2406.png,Edge/COD10K-CAM-2-Terrestrial-42-Sciuridae-2406.png
Imgs/COD10K-CAM-2-Terrestrial-42-Sciuridae-2409.jpg,GT/COD10K-CAM-2-Terrestrial-42-Sciuridae-2409.png,Edge/COD10K-CAM-2-Terrestrial-42-Sciuridae-2409.png
Imgs/COD10K-CAM-2-Terrestrial-42-Sciuridae-2411.jpg,GT/COD10K-CAM-2-Terrestrial-42-Sciuridae-2411.png,Edge/COD10K-CAM-2-Terrestrial-42-Sciuridae-2411.png
Imgs/COD10K-CAM-2-Terrestrial-42-Sciuridae-2412.jpg,GT/COD10K-CAM-2-Terrestrial-42-Sciuridae-2412.png,Edge/COD10K-CAM-2-Terrestrial-42-Sciuridae-2412.png
Imgs/COD10K-CAM-2-Terrestrial-42-Sciuridae-2414.jpg,GT/COD10K-CAM-2-Terrestrial-42-Sciuridae-2414.png,Edge/COD10K-CAM-2-Terrestrial-42-Sciuridae-2414.png
Imgs/COD10K-CAM-2-Terrestrial-42-Sciuridae-2415.jpg,GT/COD10K-CAM-2-Terrestrial-42-Sciuridae-2415.png,Edge/COD10K-CAM-2-Terrestrial-42-Sciuridae-2415.png
Imgs/COD10K-CAM-2-Terrestrial-42-Sciuridae-2416.jpg,GT/COD10K-CAM-2-Terrestrial-42-Sciuridae-2416.png,Edge/COD10K-CAM-2-Terrestrial-42-Sciuridae-2416.png
Imgs/COD10K-CAM-2-Terrestrial-42-Sciuridae-2417.jpg,GT/COD10K-CAM-2-Terrestrial-42-Sciuridae-2417.png,Edge/COD10K-CAM-2-Terrestrial-42-Sciuridae-2417.png
Imgs/COD10K-CAM-2-Terrestrial-43-Sheep-2419.jpg,GT/COD10K-CAM-2-Terrestrial-43-Sheep-2419.png,Edge/COD10K-CAM-2-Terrestrial-43-Sheep-2419.png
Imgs/COD10K-CAM-2-Terrestrial-43-Sheep-2420.jpg,GT/COD10K-CAM-2-Terrestrial-43-Sheep-2420.png,Edge/COD10K-CAM-2-Terrestrial-43-Sheep-2420.png
Imgs/COD10K-CAM-2-Terrestrial-43-Sheep-2421.jpg,GT/COD10K-CAM-2-Terrestrial-43-Sheep-2421.png,Edge/COD10K-CAM-2-Terrestrial-43-Sheep-2421.png
Imgs/COD10K-CAM-2-Terrestrial-43-Sheep-2423.jpg,GT/COD10K-CAM-2-Terrestrial-43-Sheep-2423.png,Edge/COD10K-CAM-2-Terrestrial-43-Sheep-2423.png
Imgs/COD10K-CAM-2-Terrestrial-44-Snake-2425.jpg,GT/COD10K-CAM-2-Terrestrial-44-Snake-2425.png,Edge/COD10K-CAM-2-Terrestrial-44-Snake-2425.png
Imgs/COD10K-CAM-2-Terrestrial-44-Snake-2426.jpg,GT/COD10K-CAM-2-Terrestrial-44-Snake-2426.png,Edge/COD10K-CAM-2-Terrestrial-44-Snake-2426.png
Imgs/COD10K-CAM-2-Terrestrial-44-Snake-2427.jpg,GT/COD10K-CAM-2-Terrestrial-44-Snake-2427.png,Edge/COD10K-CAM-2-Terrestrial-44-Snake-2427.png
Imgs/COD10K-CAM-2-Terrestrial-44-Snake-2428.jpg,GT/COD10K-CAM-2-Terrestrial-44-Snake-2428.png,Edge/COD10K-CAM-2-Terrestrial-44-Snake-2428.png
Imgs/COD10K-CAM-2-Terrestrial-44-Snake-2429.jpg,GT/COD10K-CAM-2-Terrestrial-44-Snake-2429.png,Edge/COD10K-CAM-2-Terrestrial-44-Snake-2429.png
Imgs/COD10K-CAM-2-Terrestrial-44-Snake-2430.jpg,GT/COD10K-CAM-2-Terrestrial-44-Snake-2430.png,Edge/COD10K-CAM-2-Terrestrial-44-Snake-2430.png
Imgs/COD10K-CAM-2-Terrestrial-44-Snake-2431.jpg,GT/COD10K-CAM-2-Terrestrial-44-Snake-2431.png,Edge/COD10K-CAM-2-Terrestrial-44-Snake-2431.png
Imgs/COD10K-CAM-2-Terrestrial-44-Snake-2432.jpg,GT/COD10K-CAM-2-Terrestrial-44-Snake-2432.png,Edge/COD10K-CAM-2-Terrestrial-44-Snake-2432.png
Imgs/COD10K-CAM-2-Terrestrial-44-Snake-2433.jpg,GT/COD10K-CAM-2-Terrestrial-44-Snake-2433.png,Edge/COD10K-CAM-2-Terrestrial-44-Snake-2433.png
Imgs/COD10K-CAM-2-Terrestrial-44-Snake-2435.jpg,GT/COD10K-CAM-2-Terrestrial-44-Snake-2435.png,Edge/COD10K-CAM-2-Terrestrial-44-Snake-2435.png
Imgs/COD10K-CAM-2-Terrestrial-44-Snake-2436.jpg,GT/COD10K-CAM-2-Terrestrial-44-Snake-2436.png,Edge/COD10K-CAM-2-Terrestrial-44-Snake-2436.png
Imgs/COD10K-CAM-2-Terrestrial-44-Snake-2438.jpg,GT/COD10K-CAM-2-Terrestrial-44-Snake-2438.png,Edge/COD10K-CAM-2-Terrestrial-44-Snake-2438.png
Imgs/COD10K-CAM-2-Terrestrial-44-Snake-2439.jpg,GT/COD10K-CAM-2-Terrestrial-44-Snake-2439.png,Edge/COD10K-CAM-2-Terrestrial-44-Snake-2439.png
Imgs/COD10K-CAM-2-Terrestrial-44-Snake-2441.jpg,GT/COD10K-CAM-2-Terrestrial-44-Snake-2441.png,Edge/COD10K-CAM-2-Terrestrial-44-Snake-2441.png
Imgs/COD10K-CAM-2-Terrestrial-44-Snake-2442.jpg,GT/COD10K-CAM-2-Terrestrial-44-Snake-2442.png,Edge/COD10K-CAM-2-Terrestrial-44-Snake-2442.png
Imgs/COD10K-CAM-2-Terrestrial-44-Snake-2443.jpg,GT/COD10K-CAM-2-Terrestrial-44-Snake-2443.png,Edge/COD10K-CAM-2-Terrestrial-44-Snake-2443.png
Imgs/COD10K-CAM-2-Terrestrial-44-Snake-2445.jpg,GT/COD10K-CAM-2-Terrestrial-44-Snake-2445.png,Edge/COD10K-CAM-2-Terrestrial-44-Snake-2445.png
Imgs/COD10K-CAM-2-Terrestrial-44-Snake-2446.jpg,GT/COD10K-CAM-2-Terrestrial-44-Snake-2446.png,Edge/COD10K-CAM-2-Terrestrial-44-Snake-2446.png
Imgs/COD10K-CAM-2-Terrestrial-44-Snake-2447.jpg,GT/COD10K-CAM-2-Terrestrial-44-Snake-2447.png,Edge/COD10K-CAM-2-Terrestrial-44-Snake-2447.png
Imgs/COD10K-CAM-2-Terrestrial-44-Snake-2450.jpg,GT/COD10K-CAM-2-Terrestrial-44-Snake-2450.png,Edge/COD10K-CAM-2-Terrestrial-44-Snake-2450.png
Imgs/COD10K-CAM-2-Terrestrial-44-Snake-2455.jpg,GT/COD10K-CAM-2-Terrestrial-44-Snake-2455.png,Edge/COD10K-CAM-2-Terrestrial-44-Snake-2455.png
Imgs/COD10K-CAM-2-Terrestrial-44-Snake-2457.jpg,GT/COD10K-CAM-2-Terrestrial-44-Snake-2457.png,Edge/COD10K-CAM-2-Terrestrial-44-Snake-2457.png
Imgs/COD10K-CAM-2-Terrestrial-44-Snake-2459.jpg,GT/COD10K-CAM-2-Terrestrial-44-Snake-2459.png,Edge/COD10K-CAM-2-Terrestrial-44-Snake-2459.png
Imgs/COD10K-CAM-2-Terrestrial-44-Snake-2460.jpg,GT/COD10K-CAM-2-Terrestrial-44-Snake-2460.png,Edge/COD10K-CAM-2-Terrestrial-44-Snake-2460.png
Imgs/COD10K-CAM-2-Terrestrial-44-Snake-2462.jpg,GT/COD10K-CAM-2-Terrestrial-44-Snake-2462.png,Edge/COD10K-CAM-2-Terrestrial-44-Snake-2462.png
Imgs/COD10K-CAM-2-Terrestrial-44-Snake-2463.jpg,GT/COD10K-CAM-2-Terrestrial-44-Snake-2463.png,Edge/COD10K-CAM-2-Terrestrial-44-Snake-2463.png
Imgs/COD10K-CAM-2-Terrestrial-44-Snake-2464.jpg,GT/COD10K-CAM-2-Terrestrial-44-Snake-2464.png,Edge/COD10K-CAM-2-Terrestrial-44-Snake-2464.png
Imgs/COD10K-CAM-2-Terrestrial-44-Snake-2468.jpg,GT/COD10K-CAM-2-Terrestrial-44-Snake-2468.png,Edge/COD10K-CAM-2-Terrestrial-44-Snake-2468.png
Imgs/COD10K-CAM-2-Terrestrial-44-Snake-2469.jpg,GT/COD10K-CAM-2-Terrestrial-44-Snake-2469.png,Edge/COD10K-CAM-2-Terrestrial-44-Snake-2469.png
Imgs/COD10K-CAM-2-Terrestrial-44-Snake-2470.jpg,GT/COD10K-CAM-2-Terrestrial-44-Snake-2470.png,Edge/COD10K-CAM-2-Terrestrial-44-Snake-2470.png
Imgs/COD10K-CAM-2-Terrestrial-44-Snake-2473.jpg,GT/COD10K-CAM-2-Terrestrial-44-Snake-2473.png,Edge/COD10K-CAM-2-Terrestrial-44-Snake-2473.png
Imgs/COD10K-CAM-2-Terrestrial-44-Snake-2475.jpg,GT/COD10K-CAM-2-Terrestrial-44-Snake-2475.png,Edge/COD10K-CAM-2-Terrestrial-44-Snake-2475.png
Imgs/COD10K-CAM-2-Terrestrial-44-Snake-2477.jpg,GT/COD10K-CAM-2-Terrestrial-44-Snake-2477.png,Edge/COD10K-CAM-2-Terrestrial-44-Snake-2477.png
Imgs/COD10K-CAM-2-Terrestrial-44-Snake-2478.jpg,GT/COD10K-CAM-2-Terrestrial-44-Snake-2478.png,Edge/COD10K-CAM-2-Terrestrial-44-Snake-2478.png
Imgs/COD10K-CAM-2-Terrestrial-44-Snake-2480.jpg,GT/COD10K-CAM-2-Terrestrial-44-Snake-2480.png,Edge/COD10K-CAM-2-Terrestrial-44-Snake-2480.png
Imgs/COD10K-CAM-2-Terrestrial-44-Snake-2483.jpg,GT/COD10K-CAM-2-Terrestrial-44-Snake-2483.png,Edge/COD10K-CAM-2-Terrestrial-44-Snake-2483.png
Imgs/COD10K-CAM-2-Terrestrial-44-Snake-2486.jpg,GT/COD10K-CAM-2-Terrestrial-44-Snake-2486.png,Edge/COD10K-CAM-2-Terrestrial-44-Snake-2486.png
Imgs/COD10K-CAM-2-Terrestrial-44-Snake-2487.jpg,GT/COD10K-CAM-2-Terrestrial-44-Snake-2487.png,Edge/COD10K-CAM-2-Terrestrial-44-Snake-2487.png
Imgs/COD10K-CAM-2-Terrestrial-44-Snake-2488.jpg,GT/COD10K-CAM-2-Terrestrial-44-Snake-2488.png,Edge/COD10K-CAM-2-Terrestrial-44-Snake-2488.png
Imgs/COD10K-CAM-2-Terrestrial-44-Snake-2489.jpg,GT/COD10K-CAM-2-Terrestrial-44-Snake-2489.png,Edge/COD10K-CAM-2-Terrestrial-44-Snake-2489.png
Imgs/COD10K-CAM-2-Terrestrial-44-Snake-2490.jpg,GT/COD10K-CAM-2-Terrestrial-44-Snake-2490.png,Edge/COD10K-CAM-2-Terrestrial-44-Snake-2490.png
Imgs/COD10K-CAM-2-Terrestrial-45-Spider-2493.jpg,GT/COD10K-CAM-2-Terrestrial-45-Spider-2493.png,Edge/COD10K-CAM-2-Terrestrial-45-Spider-2493.png
Imgs/COD10K-CAM-2-Terrestrial-45-Spider-2495.jpg,GT/COD10K-CAM-2-Terrestrial-45-Spider-2495.png,Edge/COD10K-CAM-2-Terrestrial-45-Spider-2495.png
Imgs/COD10K-CAM-2-Terrestrial-45-Spider-2496.jpg,GT/COD10K-CAM-2-Terrestrial-45-Spider-2496.png,Edge/COD10K-CAM-2-Terrestrial-45-Spider-2496.png
Imgs/COD10K-CAM-2-Terrestrial-45-Spider-2497.jpg,GT/COD10K-CAM-2-Terrestrial-45-Spider-2497.png,Edge/COD10K-CAM-2-Terrestrial-45-Spider-2497.png
Imgs/COD10K-CAM-2-Terrestrial-45-Spider-2499.jpg,GT/COD10K-CAM-2-Terrestrial-45-Spider-2499.png,Edge/COD10K-CAM-2-Terrestrial-45-Spider-2499.png
Imgs/COD10K-CAM-2-Terrestrial-45-Spider-2500.jpg,GT/COD10K-CAM-2-Terrestrial-45-Spider-2500.png,Edge/COD10K-CAM-2-Terrestrial-45-Spider-2500.png
Imgs/COD10K-CAM-2-Terrestrial-45-Spider-2502.jpg,GT/COD10K-CAM-2-Terrestrial-45-Spider-2502.png,Edge/COD10K-CAM-2-Terrestrial-45-Spider-2502.png
Imgs/COD10K-CAM-2-Terrestrial-45-Spider-2503.jpg,GT/COD10K-CAM-2-Terrestrial-45-Spider-2503.png,Edge/COD10K-CAM-2-Terrestrial-45-Spider-2503.png
Imgs/COD10K-CAM-2-Terrestrial-45-Spider-2504.jpg,GT/COD10K-CAM-2-Terrestrial-45-Spider-2504.png,Edge/COD10K-CAM-2-Terrestrial-45-Spider-2504.png
Imgs/COD10K-CAM-2-Terrestrial-45-Spider-2505.jpg,GT/COD10K-CAM-2-Terrestrial-45-Spider-2505.png,Edge/COD10K-CAM-2-Terrestrial-45-Spider-2505.png
Imgs/COD10K-CAM-2-Terrestrial-45-Spider-2507.jpg,GT/COD10K-CAM-2-Terrestrial-45-Spider-2507.png,Edge/COD10K-CAM-2-Terrestrial-45-Spider-2507.png
Imgs/COD10K-CAM-2-Terrestrial-45-Spider-2509.jpg,GT/COD10K-CAM-2-Terrestrial-45-Spider-2509.png,Edge/COD10K-CAM-2-Terrestrial-45-Spider-2509.png
Imgs/COD10K-CAM-2-Terrestrial-45-Spider-2512.jpg,GT/COD10K-CAM-2-Terrestrial-45-Spider-2512.png,Edge/COD10K-CAM-2-Terrestrial-45-Spider-2512.png
Imgs/COD10K-CAM-2-Terrestrial-45-Spider-2513.jpg,GT/COD10K-CAM-2-Terrestrial-45-Spider-2513.png,Edge/COD10K-CAM-2-Terrestrial-45-Spider-2513.png
Imgs/COD10K-CAM-2-Terrestrial-45-Spider-2515.jpg,GT/COD10K-CAM-2-Terrestrial-45-Spider-2515.png,Edge/COD10K-CAM-2-Terrestrial-45-Spider-2515.png
Imgs/COD10K-CAM-2-Terrestrial-45-Spider-2516.jpg,GT/COD10K-CAM-2-Terrestrial-45-Spider-2516.png,Edge/COD10K-CAM-2-Terrestrial-45-Spider-2516.png
Imgs/COD10K-CAM-2-Terrestrial-45-Spider-2517.jpg,GT/COD10K-CAM-2-Terrestrial-45-Spider-2517.png,Edge/COD10K-CAM-2-Terrestrial-45-Spider-2517.png
Imgs/COD10K-CAM-2-Terrestrial-45-Spider-2518.jpg,GT/COD10K-CAM-2-Terrestrial-45-Spider-2518.png,Edge/COD10K-CAM-2-Terrestrial-45-Spider-2518.png
Imgs/COD10K-CAM-2-Terrestrial-45-Spider-2521.jpg,GT/COD10K-CAM-2-Terrestrial-45-Spider-2521.png,Edge/COD10K-CAM-2-Terrestrial-45-Spider-2521.png
Imgs/COD10K-CAM-2-Terrestrial-45-Spider-2522.jpg,GT/COD10K-CAM-2-Terrestrial-45-Spider-2522.png,Edge/COD10K-CAM-2-Terrestrial-45-Spider-2522.png
Imgs/COD10K-CAM-2-Terrestrial-45-Spider-2523.jpg,GT/COD10K-CAM-2-Terrestrial-45-Spider-2523.png,Edge/COD10K-CAM-2-Terrestrial-45-Spider-2523.png
Imgs/COD10K-CAM-2-Terrestrial-45-Spider-2525.jpg,GT/COD10K-CAM-2-Terrestrial-45-Spider-2525.png,Edge/COD10K-CAM-2-Terrestrial-45-Spider-2525.png
Imgs/COD10K-CAM-2-Terrestrial-45-Spider-2528.jpg,GT/COD10K-CAM-2-Terrestrial-45-Spider-2528.png,Edge/COD10K-CAM-2-Terrestrial-45-Spider-2528.png
Imgs/COD10K-CAM-2-Terrestrial-45-Spider-2530.jpg,GT/COD10K-CAM-2-Terrestrial-45-Spider-2530.png,Edge/COD10K-CAM-2-Terrestrial-45-Spider-2530.png
Imgs/COD10K-CAM-2-Terrestrial-45-Spider-2533.jpg,GT/COD10K-CAM-2-Terrestrial-45-Spider-2533.png,Edge/COD10K-CAM-2-Terrestrial-45-Spider-2533.png
Imgs/COD10K-CAM-2-Terrestrial-45-Spider-2536.jpg,GT/COD10K-CAM-2-Terrestrial-45-Spider-2536.png,Edge/COD10K-CAM-2-Terrestrial-45-Spider-2536.png
Imgs/COD10K-CAM-2-Terrestrial-45-Spider-2537.jpg,GT/COD10K-CAM-2-Terrestrial-45-Spider-2537.png,Edge/COD10K-CAM-2-Terrestrial-45-Spider-2537.png
Imgs/COD10K-CAM-2-Terrestrial-45-Spider-2539.jpg,GT/COD10K-CAM-2-Terrestrial-45-Spider-2539.png,Edge/COD10K-CAM-2-Terrestrial-45-Spider-2539.png
Imgs/COD10K-CAM-2-Terrestrial-45-Spider-2541.jpg,GT/COD10K-CAM-2-Terrestrial-45-Spider-2541.png,Edge/COD10K-CAM-2-Terrestrial-45-Spider-2541.png
Imgs/COD10K-CAM-2-Terrestrial-45-Spider-2542.jpg,GT/COD10K-CAM-2-Terrestrial-45-Spider-2542.png,Edge/COD10K-CAM-2-Terrestrial-45-Spider-2542.png
Imgs/COD10K-CAM-2-Terrestrial-45-Spider-2543.jpg,GT/COD10K-CAM-2-Terrestrial-45-Spider-2543.png,Edge/COD10K-CAM-2-Terrestrial-45-Spider-2543.png
Imgs/COD10K-CAM-2-Terrestrial-45-Spider-2545.jpg,GT/COD10K-CAM-2-Terrestrial-45-Spider-2545.png,Edge/COD10K-CAM-2-Terrestrial-45-Spider-2545.png
Imgs/COD10K-CAM-2-Terrestrial-45-Spider-2546.jpg,GT/COD10K-CAM-2-Terrestrial-45-Spider-2546.png,Edge/COD10K-CAM-2-Terrestrial-45-Spider-2546.png
Imgs/COD10K-CAM-2-Terrestrial-45-Spider-2547.jpg,GT/COD10K-CAM-2-Terrestrial-45-Spider-2547.png,Edge/COD10K-CAM-2-Terrestrial-45-Spider-2547.png
Imgs/COD10K-CAM-2-Terrestrial-45-Spider-2548.jpg,GT/COD10K-CAM-2-Terrestrial-45-Spider-2548.png,Edge/COD10K-CAM-2-Terrestrial-45-Spider-2548.png
Imgs/COD10K-CAM-2-Terrestrial-45-Spider-2549.jpg,GT/COD10K-CAM-2-Terrestrial-45-Spider-2549.png,Edge/COD10K-CAM-2-Terrestrial-45-Spider-2549.png
Imgs/COD10K-CAM-2-Terrestrial-45-Spider-2550.jpg,GT/COD10K-CAM-2-Terrestrial-45-Spider-2550.png,Edge/COD10K-CAM-2-Terrestrial-45-Spider-2550.png
Imgs/COD10K-CAM-2-Terrestrial-45-Spider-2555.jpg,GT/COD10K-CAM-2-Terrestrial-45-Spider-2555.png,Edge/COD10K-CAM-2-Terrestrial-45-Spider-2555.png
Imgs/COD10K-CAM-2-Terrestrial-45-Spider-2556.jpg,GT/COD10K-CAM-2-Terrestrial-45-Spider-2556.png,Edge/COD10K-CAM-2-Terrestrial-45-Spider-2556.png
Imgs/COD10K-CAM-2-Terrestrial-45-Spider-2557.jpg,GT/COD10K-CAM-2-Terrestrial-45-Spider-2557.png,Edge/COD10K-CAM-2-Terrestrial-45-Spider-2557.png
Imgs/COD10K-CAM-2-Terrestrial-45-Spider-2558.jpg,GT/COD10K-CAM-2-Terrestrial-45-Spider-2558.png,Edge/COD10K-CAM-2-Terrestrial-45-Spider-2558.png
Imgs/COD10K-CAM-2-Terrestrial-45-Spider-2559.jpg,GT/COD10K-CAM-2-Terrestrial-45-Spider-2559.png,Edge/COD10K-CAM-2-Terrestrial-45-Spider-2559.png
Imgs/COD10K-CAM-2-Terrestrial-45-Spider-2560.jpg,GT/COD10K-CAM-2-Terrestrial-45-Spider-2560.png,Edge/COD10K-CAM-2-Terrestrial-45-Spider-2560.png
Imgs/COD10K-CAM-2-Terrestrial-45-Spider-2561.jpg,GT/COD10K-CAM-2-Terrestrial-45-Spider-2561.png,Edge/COD10K-CAM-2-Terrestrial-45-Spider-2561.png
Imgs/COD10K-CAM-2-Terrestrial-45-Spider-2562.jpg,GT/COD10K-CAM-2-Terrestrial-45-Spider-2562.png,Edge/COD10K-CAM-2-Terrestrial-45-Spider-2562.png
Imgs/COD10K-CAM-2-Terrestrial-45-Spider-2563.jpg,GT/COD10K-CAM-2-Terrestrial-45-Spider-2563.png,Edge/COD10K-CAM-2-Terrestrial-45-Spider-2563.png
Imgs/COD10K-CAM-2-Terrestrial-45-Spider-2564.jpg,GT/COD10K-CAM-2-Terrestrial-45-Spider-2564.png,Edge/COD10K-CAM-2-Terrestrial-45-Spider-2564.png
Imgs/COD10K-CAM-2-Terrestrial-45-Spider-2565.jpg,GT/COD10K-CAM-2-Terrestrial-45-Spider-2565.png,Edge/COD10K-CAM-2-Terrestrial-45-Spider-2565.png
Imgs/COD10K-CAM-2-Terrestrial-45-Spider-2568.jpg,GT/COD10K-CAM-2-Terrestrial-45-Spider-2568.png,Edge/COD10K-CAM-2-Terrestrial-45-Spider-2568.png
Imgs/COD10K-CAM-2-Terrestrial-45-Spider-2569.jpg,GT/COD10K-CAM-2-Terrestrial-45-Spider-2569.png,Edge/COD10K-CAM-2-Terrestrial-45-Spider-2569.png
Imgs/COD10K-CAM-2-Terrestrial-45-Spider-2570.jpg,GT/COD10K-CAM-2-Terrestrial-45-Spider-2570.png,Edge/COD10K-CAM-2-Terrestrial-45-Spider-2570.png
Imgs/COD10K-CAM-2-Terrestrial-45-Spider-2571.jpg,GT/COD10K-CAM-2-Terrestrial-45-Spider-2571.png,Edge/COD10K-CAM-2-Terrestrial-45-Spider-2571.png
Imgs/COD10K-CAM-2-Terrestrial-45-Spider-2572.jpg,GT/COD10K-CAM-2-Terrestrial-45-Spider-2572.png,Edge/COD10K-CAM-2-Terrestrial-45-Spider-2572.png
Imgs/COD10K-CAM-2-Terrestrial-45-Spider-2573.jpg,GT/COD10K-CAM-2-Terrestrial-45-Spider-2573.png,Edge/COD10K-CAM-2-Terrestrial-45-Spider-2573.png
Imgs/COD10K-CAM-2-Terrestrial-45-Spider-2574.jpg,GT/COD10K-CAM-2-Terrestrial-45-Spider-2574.png,Edge/COD10K-CAM-2-Terrestrial-45-Spider-2574.png
Imgs/COD10K-CAM-2-Terrestrial-45-Spider-2577.jpg,GT/COD10K-CAM-2-Terrestrial-45-Spider-2577.png,Edge/COD10K-CAM-2-Terrestrial-45-Spider-2577.png
Imgs/COD10K-CAM-2-Terrestrial-45-Spider-2578.jpg,GT/COD10K-CAM-2-Terrestrial-45-Spider-2578.png,Edge/COD10K-CAM-2-Terrestrial-45-Spider-2578.png
Imgs/COD10K-CAM-2-Terrestrial-45-Spider-2582.jpg,GT/COD10K-CAM-2-Terrestrial-45-Spider-2582.png,Edge/COD10K-CAM-2-Terrestrial-45-Spider-2582.png
Imgs/COD10K-CAM-2-Terrestrial-45-Spider-2583.jpg,GT/COD10K-CAM-2-Terrestrial-45-Spider-2583.png,Edge/COD10K-CAM-2-Terrestrial-45-Spider-2583.png
Imgs/COD10K-CAM-2-Terrestrial-45-Spider-2584.jpg,GT/COD10K-CAM-2-Terrestrial-45-Spider-2584.png,Edge/COD10K-CAM-2-Terrestrial-45-Spider-2584.png
Imgs/COD10K-CAM-2-Terrestrial-45-Spider-2585.jpg,GT/COD10K-CAM-2-Terrestrial-45-Spider-2585.png,Edge/COD10K-CAM-2-Terrestrial-45-Spider-2585.png
Imgs/COD10K-CAM-2-Terrestrial-45-Spider-2589.jpg,GT/COD10K-CAM-2-Terrestrial-45-Spider-2589.png,Edge/COD10K-CAM-2-Terrestrial-45-Spider-2589.png
Imgs/COD10K-CAM-2-Terrestrial-45-Spider-2590.jpg,GT/COD10K-CAM-2-Terrestrial-45-Spider-2590.png,Edge/COD10K-CAM-2-Terrestrial-45-Spider-2590.png
Imgs/COD10K-CAM-2-Terrestrial-45-Spider-2591.jpg,GT/COD10K-CAM-2-Terrestrial-45-Spider-2591.png,Edge/COD10K-CAM-2-Terrestrial-45-Spider-2591.png
Imgs/COD10K-CAM-2-Terrestrial-45-Spider-2594.jpg,GT/COD10K-CAM-2-Terrestrial-45-Spider-2594.png,Edge/COD10K-CAM-2-Terrestrial-45-Spider-2594.png
Imgs/COD10K-CAM-2-Terrestrial-45-Spider-2596.jpg,GT/COD10K-CAM-2-Terrestrial-45-Spider-2596.png,Edge/COD10K-CAM-2-Terrestrial-45-Spider-2596.png
Imgs/COD10K-CAM-2-Terrestrial-45-Spider-2597.jpg,GT/COD10K-CAM-2-Terrestrial-45-Spider-2597.png,Edge/COD10K-CAM-2-Terrestrial-45-Spider-2597.png
Imgs/COD10K-CAM-2-Terrestrial-45-Spider-2598.jpg,GT/COD10K-CAM-2-Terrestrial-45-Spider-2598.png,Edge/COD10K-CAM-2-Terrestrial-45-Spider-2598.png
Imgs/COD10K-CAM-2-Terrestrial-45-Spider-2599.jpg,GT/COD10K-CAM-2-Terrestrial-45-Spider-2599.png,Edge/COD10K-CAM-2-Terrestrial-45-Spider-2599.png
Imgs/COD10K-CAM-2-Terrestrial-45-Spider-2600.jpg,GT/COD10K-CAM-2-Terrestrial-45-Spider-2600.png,Edge/COD10K-CAM-2-Terrestrial-45-Spider-2600.png
Imgs/COD10K-CAM-2-Terrestrial-45-Spider-2604.jpg,GT/COD10K-CAM-2-Terrestrial-45-Spider-2604.png,Edge/COD10K-CAM-2-Terrestrial-45-Spider-2604.png
Imgs/COD10K-CAM-2-Terrestrial-45-Spider-2607.jpg,GT/COD10K-CAM-2-Terrestrial-45-Spider-2607.png,Edge/COD10K-CAM-2-Terrestrial-45-Spider-2607.png
Imgs/COD10K-CAM-2-Terrestrial-45-Spider-2608.jpg,GT/COD10K-CAM-2-Terrestrial-45-Spider-2608.png,Edge/COD10K-CAM-2-Terrestrial-45-Spider-2608.png
Imgs/COD10K-CAM-2-Terrestrial-45-Spider-2610.jpg,GT/COD10K-CAM-2-Terrestrial-45-Spider-2610.png,Edge/COD10K-CAM-2-Terrestrial-45-Spider-2610.png
Imgs/COD10K-CAM-2-Terrestrial-45-Spider-2611.jpg,GT/COD10K-CAM-2-Terrestrial-45-Spider-2611.png,Edge/COD10K-CAM-2-Terrestrial-45-Spider-2611.png
Imgs/COD10K-CAM-2-Terrestrial-45-Spider-2612.jpg,GT/COD10K-CAM-2-Terrestrial-45-Spider-2612.png,Edge/COD10K-CAM-2-Terrestrial-45-Spider-2612.png
Imgs/COD10K-CAM-2-Terrestrial-45-Spider-2613.jpg,GT/COD10K-CAM-2-Terrestrial-45-Spider-2613.png,Edge/COD10K-CAM-2-Terrestrial-45-Spider-2613.png
Imgs/COD10K-CAM-2-Terrestrial-45-Spider-2615.jpg,GT/COD10K-CAM-2-Terrestrial-45-Spider-2615.png,Edge/COD10K-CAM-2-Terrestrial-45-Spider-2615.png
Imgs/COD10K-CAM-2-Terrestrial-45-Spider-2618.jpg,GT/COD10K-CAM-2-Terrestrial-45-Spider-2618.png,Edge/COD10K-CAM-2-Terrestrial-45-Spider-2618.png
Imgs/COD10K-CAM-2-Terrestrial-45-Spider-2619.jpg,GT/COD10K-CAM-2-Terrestrial-45-Spider-2619.png,Edge/COD10K-CAM-2-Terrestrial-45-Spider-2619.png
Imgs/COD10K-CAM-2-Terrestrial-45-Spider-2622.jpg,GT/COD10K-CAM-2-Terrestrial-45-Spider-2622.png,Edge/COD10K-CAM-2-Terrestrial-45-Spider-2622.png
Imgs/COD10K-CAM-2-Terrestrial-45-Spider-2623.jpg,GT/COD10K-CAM-2-Terrestrial-45-Spider-2623.png,Edge/COD10K-CAM-2-Terrestrial-45-Spider-2623.png
Imgs/COD10K-CAM-2-Terrestrial-45-Spider-2624.jpg,GT/COD10K-CAM-2-Terrestrial-45-Spider-2624.png,Edge/COD10K-CAM-2-Terrestrial-45-Spider-2624.png
Imgs/COD10K-CAM-2-Terrestrial-45-Spider-2625.jpg,GT/COD10K-CAM-2-Terrestrial-45-Spider-2625.png,Edge/COD10K-CAM-2-Terrestrial-45-Spider-2625.png
Imgs/COD10K-CAM-2-Terrestrial-45-Spider-2628.jpg,GT/COD10K-CAM-2-Terrestrial-45-Spider-2628.png,Edge/COD10K-CAM-2-Terrestrial-45-Spider-2628.png
Imgs/COD10K-CAM-2-Terrestrial-45-Spider-2629.jpg,GT/COD10K-CAM-2-Terrestrial-45-Spider-2629.png,Edge/COD10K-CAM-2-Terrestrial-45-Spider-2629.png
Imgs/COD10K-CAM-2-Terrestrial-45-Spider-2633.jpg,GT/COD10K-CAM-2-Terrestrial-45-Spider-2633.png,Edge/COD10K-CAM-2-Terrestrial-45-Spider-2633.png
Imgs/COD10K-CAM-2-Terrestrial-45-Spider-2634.jpg,GT/COD10K-CAM-2-Terrestrial-45-Spider-2634.png,Edge/COD10K-CAM-2-Terrestrial-45-Spider-2634.png
Imgs/COD10K-CAM-2-Terrestrial-45-Spider-2635.jpg,GT/COD10K-CAM-2-Terrestrial-45-Spider-2635.png,Edge/COD10K-CAM-2-Terrestrial-45-Spider-2635.png
Imgs/COD10K-CAM-2-Terrestrial-45-Spider-2636.jpg,GT/COD10K-CAM-2-Terrestrial-45-Spider-2636.png,Edge/COD10K-CAM-2-Terrestrial-45-Spider-2636.png
Imgs/COD10K-CAM-2-Terrestrial-45-Spider-2638.jpg,GT/COD10K-CAM-2-Terrestrial-45-Spider-2638.png,Edge/COD10K-CAM-2-Terrestrial-45-Spider-2638.png
Imgs/COD10K-CAM-2-Terrestrial-45-Spider-2639.jpg,GT/COD10K-CAM-2-Terrestrial-45-Spider-2639.png,Edge/COD10K-CAM-2-Terrestrial-45-Spider-2639.png
Imgs/COD10K-CAM-2-Terrestrial-45-Spider-2642.jpg,GT/COD10K-CAM-2-Terrestrial-45-Spider-2642.png,Edge/COD10K-CAM-2-Terrestrial-45-Spider-2642.png
Imgs/COD10K-CAM-2-Terrestrial-45-Spider-2643.jpg,GT/COD10K-CAM-2-Terrestrial-45-Spider-2643.png,Edge/COD10K-CAM-2-Terrestrial-45-Spider-2643.png
Imgs/COD10K-CAM-2-Terrestrial-45-Spider-2644.jpg,GT/COD10K-CAM-2-Terrestrial-45-Spider-2644.png,Edge/COD10K-CAM-2-Terrestrial-45-Spider-2644.png
Imgs/COD10K-CAM-2-Terrestrial-45-Spider-2647.jpg,GT/COD10K-CAM-2-Terrestrial-45-Spider-2647.png,Edge/COD10K-CAM-2-Terrestrial-45-Spider-2647.png
Imgs/COD10K-CAM-2-Terrestrial-45-Spider-2648.jpg,GT/COD10K-CAM-2-Terrestrial-45-Spider-2648.png,Edge/COD10K-CAM-2-Terrestrial-45-Spider-2648.png
Imgs/COD10K-CAM-2-Terrestrial-45-Spider-2651.jpg,GT/COD10K-CAM-2-Terrestrial-45-Spider-2651.png,Edge/COD10K-CAM-2-Terrestrial-45-Spider-2651.png
Imgs/COD10K-CAM-2-Terrestrial-45-Spider-2654.jpg,GT/COD10K-CAM-2-Terrestrial-45-Spider-2654.png,Edge/COD10K-CAM-2-Terrestrial-45-Spider-2654.png
Imgs/COD10K-CAM-2-Terrestrial-45-Spider-2655.jpg,GT/COD10K-CAM-2-Terrestrial-45-Spider-2655.png,Edge/COD10K-CAM-2-Terrestrial-45-Spider-2655.png
Imgs/COD10K-CAM-2-Terrestrial-45-Spider-2657.jpg,GT/COD10K-CAM-2-Terrestrial-45-Spider-2657.png,Edge/COD10K-CAM-2-Terrestrial-45-Spider-2657.png
Imgs/COD10K-CAM-2-Terrestrial-45-Spider-2660.jpg,GT/COD10K-CAM-2-Terrestrial-45-Spider-2660.png,Edge/COD10K-CAM-2-Terrestrial-45-Spider-2660.png
Imgs/COD10K-CAM-2-Terrestrial-45-Spider-2661.jpg,GT/COD10K-CAM-2-Terrestrial-45-Spider-2661.png,Edge/COD10K-CAM-2-Terrestrial-45-Spider-2661.png
Imgs/COD10K-CAM-2-Terrestrial-45-Spider-2662.jpg,GT/COD10K-CAM-2-Terrestrial-45-Spider-2662.png,Edge/COD10K-CAM-2-Terrestrial-45-Spider-2662.png
Imgs/COD10K-CAM-2-Terrestrial-45-Spider-2663.jpg,GT/COD10K-CAM-2-Terrestrial-45-Spider-2663.png,Edge/COD10K-CAM-2-Terrestrial-45-Spider-2663.png
Imgs/COD10K-CAM-2-Terrestrial-45-Spider-2664.jpg,GT/COD10K-CAM-2-Terrestrial-45-Spider-2664.png,Edge/COD10K-CAM-2-Terrestrial-45-Spider-2664.png
Imgs/COD10K-CAM-2-Terrestrial-45-Spider-2666.jpg,GT/COD10K-CAM-2-Terrestrial-45-Spider-2666.png,Edge/COD10K-CAM-2-Terrestrial-45-Spider-2666.png
Imgs/COD10K-CAM-2-Terrestrial-45-Spider-2668.jpg,GT/COD10K-CAM-2-Terrestrial-45-Spider-2668.png,Edge/COD10K-CAM-2-Terrestrial-45-Spider-2668.png
Imgs/COD10K-CAM-2-Terrestrial-45-Spider-2669.jpg,GT/COD10K-CAM-2-Terrestrial-45-Spider-2669.png,Edge/COD10K-CAM-2-Terrestrial-45-Spider-2669.png
Imgs/COD10K-CAM-2-Terrestrial-45-Spider-2672.jpg,GT/COD10K-CAM-2-Terrestrial-45-Spider-2672.png,Edge/COD10K-CAM-2-Terrestrial-45-Spider-2672.png
Imgs/COD10K-CAM-2-Terrestrial-45-Spider-2674.jpg,GT/COD10K-CAM-2-Terrestrial-45-Spider-2674.png,Edge/COD10K-CAM-2-Terrestrial-45-Spider-2674.png
Imgs/COD10K-CAM-2-Terrestrial-45-Spider-2675.jpg,GT/COD10K-CAM-2-Terrestrial-45-Spider-2675.png,Edge/COD10K-CAM-2-Terrestrial-45-Spider-2675.png
Imgs/COD10K-CAM-2-Terrestrial-45-Spider-2676.jpg,GT/COD10K-CAM-2-Terrestrial-45-Spider-2676.png,Edge/COD10K-CAM-2-Terrestrial-45-Spider-2676.png
Imgs/COD10K-CAM-2-Terrestrial-45-Spider-2678.jpg,GT/COD10K-CAM-2-Terrestrial-45-Spider-2678.png,Edge/COD10K-CAM-2-Terrestrial-45-Spider-2678.png
Imgs/COD10K-CAM-2-Terrestrial-45-Spider-2679.jpg,GT/COD10K-CAM-2-Terrestrial-45-Spider-2679.png,Edge/COD10K-CAM-2-Terrestrial-45-Spider-2679.png
Imgs/COD10K-CAM-2-Terrestrial-45-Spider-2680.jpg,GT/COD10K-CAM-2-Terrestrial-45-Spider-2680.png,Edge/COD10K-CAM-2-Terrestrial-45-Spider-2680.png
Imgs/COD10K-CAM-2-Terrestrial-45-Spider-2681.jpg,GT/COD10K-CAM-2-Terrestrial-45-Spider-2681.png,Edge/COD10K-CAM-2-Terrestrial-45-Spider-2681.png
Imgs/COD10K-CAM-2-Terrestrial-45-Spider-2682.jpg,GT/COD10K-CAM-2-Terrestrial-45-Spider-2682.png,Edge/COD10K-CAM-2-Terrestrial-45-Spider-2682.png
Imgs/COD10K-CAM-2-Terrestrial-45-Spider-2684.jpg,GT/COD10K-CAM-2-Terrestrial-45-Spider-2684.png,Edge/COD10K-CAM-2-Terrestrial-45-Spider-2684.png
Imgs/COD10K-CAM-2-Terrestrial-45-Spider-2685.jpg,GT/COD10K-CAM-2-Terrestrial-45-Spider-2685.png,Edge/COD10K-CAM-2-Terrestrial-45-Spider-2685.png
Imgs/COD10K-CAM-2-Terrestrial-45-Spider-2686.jpg,GT/COD10K-CAM-2-Terrestrial-45-Spider-2686.png,Edge/COD10K-CAM-2-Terrestrial-45-Spider-2686.png
Imgs/COD10K-CAM-2-Terrestrial-45-Spider-2687.jpg,GT/COD10K-CAM-2-Terrestrial-45-Spider-2687.png,Edge/COD10K-CAM-2-Terrestrial-45-Spider-2687.png
Imgs/COD10K-CAM-2-Terrestrial-45-Spider-2688.jpg,GT/COD10K-CAM-2-Terrestrial-45-Spider-2688.png,Edge/COD10K-CAM-2-Terrestrial-45-Spider-2688.png
Imgs/COD10K-CAM-2-Terrestrial-45-Spider-2689.jpg,GT/COD10K-CAM-2-Terrestrial-45-Spider-2689.png,Edge/COD10K-CAM-2-Terrestrial-45-Spider-2689.png
Imgs/COD10K-CAM-2-Terrestrial-45-Spider-2691.jpg,GT/COD10K-CAM-2-Terrestrial-45-Spider-2691.png,Edge/COD10K-CAM-2-Terrestrial-45-Spider-2691.png
Imgs/COD10K-CAM-2-Terrestrial-45-Spider-2692.jpg,GT/COD10K-CAM-2-Terrestrial-45-Spider-2692.png,Edge/COD10K-CAM-2-Terrestrial-45-Spider-2692.png
Imgs/COD10K-CAM-2-Terrestrial-45-Spider-2695.jpg,GT/COD10K-CAM-2-Terrestrial-45-Spider-2695.png,Edge/COD10K-CAM-2-Terrestrial-45-Spider-2695.png
Imgs/COD10K-CAM-2-Terrestrial-45-Spider-2696.jpg,GT/COD10K-CAM-2-Terrestrial-45-Spider-2696.png,Edge/COD10K-CAM-2-Terrestrial-45-Spider-2696.png
Imgs/COD10K-CAM-2-Terrestrial-45-Spider-2698.jpg,GT/COD10K-CAM-2-Terrestrial-45-Spider-2698.png,Edge/COD10K-CAM-2-Terrestrial-45-Spider-2698.png
Imgs/COD10K-CAM-2-Terrestrial-45-Spider-2699.jpg,GT/COD10K-CAM-2-Terrestrial-45-Spider-2699.png,Edge/COD10K-CAM-2-Terrestrial-45-Spider-2699.png
Imgs/COD10K-CAM-2-Terrestrial-45-Spider-2700.jpg,GT/COD10K-CAM-2-Terrestrial-45-Spider-2700.png,Edge/COD10K-CAM-2-Terrestrial-45-Spider-2700.png
Imgs/COD10K-CAM-2-Terrestrial-45-Spider-2705.jpg,GT/COD10K-CAM-2-Terrestrial-45-Spider-2705.png,Edge/COD10K-CAM-2-Terrestrial-45-Spider-2705.png
Imgs/COD10K-CAM-2-Terrestrial-45-Spider-2706.jpg,GT/COD10K-CAM-2-Terrestrial-45-Spider-2706.png,Edge/COD10K-CAM-2-Terrestrial-45-Spider-2706.png
Imgs/COD10K-CAM-2-Terrestrial-45-Spider-2708.jpg,GT/COD10K-CAM-2-Terrestrial-45-Spider-2708.png,Edge/COD10K-CAM-2-Terrestrial-45-Spider-2708.png
Imgs/COD10K-CAM-2-Terrestrial-45-Spider-2710.jpg,GT/COD10K-CAM-2-Terrestrial-45-Spider-2710.png,Edge/COD10K-CAM-2-Terrestrial-45-Spider-2710.png
Imgs/COD10K-CAM-2-Terrestrial-45-Spider-2711.jpg,GT/COD10K-CAM-2-Terrestrial-45-Spider-2711.png,Edge/COD10K-CAM-2-Terrestrial-45-Spider-2711.png
Imgs/COD10K-CAM-2-Terrestrial-45-Spider-2712.jpg,GT/COD10K-CAM-2-Terrestrial-45-Spider-2712.png,Edge/COD10K-CAM-2-Terrestrial-45-Spider-2712.png
Imgs/COD10K-CAM-2-Terrestrial-45-Spider-2713.jpg,GT/COD10K-CAM-2-Terrestrial-45-Spider-2713.png,Edge/COD10K-CAM-2-Terrestrial-45-Spider-2713.png
Imgs/COD10K-CAM-2-Terrestrial-45-Spider-2714.jpg,GT/COD10K-CAM-2-Terrestrial-45-Spider-2714.png,Edge/COD10K-CAM-2-Terrestrial-45-Spider-2714.png
Imgs/COD10K-CAM-2-Terrestrial-45-Spider-2716.jpg,GT/COD10K-CAM-2-Terrestrial-45-Spider-2716.png,Edge/COD10K-CAM-2-Terrestrial-45-Spider-2716.png
Imgs/COD10K-CAM-2-Terrestrial-45-Spider-2722.jpg,GT/COD10K-CAM-2-Terrestrial-45-Spider-2722.png,Edge/COD10K-CAM-2-Terrestrial-45-Spider-2722.png
Imgs/COD10K-CAM-2-Terrestrial-45-Spider-2724.jpg,GT/COD10K-CAM-2-Terrestrial-45-Spider-2724.png,Edge/COD10K-CAM-2-Terrestrial-45-Spider-2724.png
Imgs/COD10K-CAM-2-Terrestrial-45-Spider-2725.jpg,GT/COD10K-CAM-2-Terrestrial-45-Spider-2725.png,Edge/COD10K-CAM-2-Terrestrial-45-Spider-2725.png
Imgs/COD10K-CAM-2-Terrestrial-45-Spider-2726.jpg,GT/COD10K-CAM-2-Terrestrial-45-Spider-2726.png,Edge/COD10K-CAM-2-Terrestrial-45-Spider-2726.png
Imgs/COD10K-CAM-2-Terrestrial-45-Spider-2729.jpg,GT/COD10K-CAM-2-Terrestrial-45-Spider-2729.png,Edge/COD10K-CAM-2-Terrestrial-45-Spider-2729.png
Imgs/COD10K-CAM-2-Terrestrial-45-Spider-2733.jpg,GT/COD10K-CAM-2-Terrestrial-45-Spider-2733.png,Edge/COD10K-CAM-2-Terrestrial-45-Spider-2733.png
Imgs/COD10K-CAM-2-Terrestrial-45-Spider-2734.jpg,GT/COD10K-CAM-2-Terrestrial-45-Spider-2734.png,Edge/COD10K-CAM-2-Terrestrial-45-Spider-2734.png
Imgs/COD10K-CAM-2-Terrestrial-45-Spider-2738.jpg,GT/COD10K-CAM-2-Terrestrial-45-Spider-2738.png,Edge/COD10K-CAM-2-Terrestrial-45-Spider-2738.png
Imgs/COD10K-CAM-2-Terrestrial-45-Spider-2739.jpg,GT/COD10K-CAM-2-Terrestrial-45-Spider-2739.png,Edge/COD10K-CAM-2-Terrestrial-45-Spider-2739.png
Imgs/COD10K-CAM-2-Terrestrial-45-Spider-2740.jpg,GT/COD10K-CAM-2-Terrestrial-45-Spider-2740.png,Edge/COD10K-CAM-2-Terrestrial-45-Spider-2740.png
Imgs/COD10K-CAM-2-Terrestrial-45-Spider-2742.jpg,GT/COD10K-CAM-2-Terrestrial-45-Spider-2742.png,Edge/COD10K-CAM-2-Terrestrial-45-Spider-2742.png
Imgs/COD10K-CAM-2-Terrestrial-45-Spider-2743.jpg,GT/COD10K-CAM-2-Terrestrial-45-Spider-2743.png,Edge/COD10K-CAM-2-Terrestrial-45-Spider-2743.png
Imgs/COD10K-CAM-2-Terrestrial-45-Spider-2744.jpg,GT/COD10K-CAM-2-Terrestrial-45-Spider-2744.png,Edge/COD10K-CAM-2-Terrestrial-45-Spider-2744.png
Imgs/COD10K-CAM-2-Terrestrial-45-Spider-2746.jpg,GT/COD10K-CAM-2-Terrestrial-45-Spider-2746.png,Edge/COD10K-CAM-2-Terrestrial-45-Spider-2746.png
Imgs/COD10K-CAM-2-Terrestrial-45-Spider-2747.jpg,GT/COD10K-CAM-2-Terrestrial-45-Spider-2747.png,Edge/COD10K-CAM-2-Terrestrial-45-Spider-2747.png
Imgs/COD10K-CAM-2-Terrestrial-45-Spider-2748.jpg,GT/COD10K-CAM-2-Terrestrial-45-Spider-2748.png,Edge/COD10K-CAM-2-Terrestrial-45-Spider-2748.png
Imgs/COD10K-CAM-2-Terrestrial-45-Spider-2749.jpg,GT/COD10K-CAM-2-Terrestrial-45-Spider-2749.png,Edge/COD10K-CAM-2-Terrestrial-45-Spider-2749.png
Imgs/COD10K-CAM-2-Terrestrial-45-Spider-2750.jpg,GT/COD10K-CAM-2-Terrestrial-45-Spider-2750.png,Edge/COD10K-CAM-2-Terrestrial-45-Spider-2750.png
Imgs/COD10K-CAM-2-Terrestrial-45-Spider-2751.jpg,GT/COD10K-CAM-2-Terrestrial-45-Spider-2751.png,Edge/COD10K-CAM-2-Terrestrial-45-Spider-2751.png
Imgs/COD10K-CAM-2-Terrestrial-45-Spider-2752.jpg,GT/COD10K-CAM-2-Terrestrial-45-Spider-2752.png,Edge/COD10K-CAM-2-Terrestrial-45-Spider-2752.png
Imgs/COD10K-CAM-2-Terrestrial-45-Spider-2753.jpg,GT/COD10K-CAM-2-Terrestrial-45-Spider-2753.png,Edge/COD10K-CAM-2-Terrestrial-45-Spider-2753.png
Imgs/COD10K-CAM-2-Terrestrial-45-Spider-2755.jpg,GT/COD10K-CAM-2-Terrestrial-45-Spider-2755.png,Edge/COD10K-CAM-2-Terrestrial-45-Spider-2755.png
Imgs/COD10K-CAM-2-Terrestrial-45-Spider-2757.jpg,GT/COD10K-CAM-2-Terrestrial-45-Spider-2757.png,Edge/COD10K-CAM-2-Terrestrial-45-Spider-2757.png
Imgs/COD10K-CAM-2-Terrestrial-45-Spider-2758.jpg,GT/COD10K-CAM-2-Terrestrial-45-Spider-2758.png,Edge/COD10K-CAM-2-Terrestrial-45-Spider-2758.png
Imgs/COD10K-CAM-2-Terrestrial-45-Spider-2761.jpg,GT/COD10K-CAM-2-Terrestrial-45-Spider-2761.png,Edge/COD10K-CAM-2-Terrestrial-45-Spider-2761.png
Imgs/COD10K-CAM-2-Terrestrial-45-Spider-2764.jpg,GT/COD10K-CAM-2-Terrestrial-45-Spider-2764.png,Edge/COD10K-CAM-2-Terrestrial-45-Spider-2764.png
Imgs/COD10K-CAM-2-Terrestrial-45-Spider-2765.jpg,GT/COD10K-CAM-2-Terrestrial-45-Spider-2765.png,Edge/COD10K-CAM-2-Terrestrial-45-Spider-2765.png
Imgs/COD10K-CAM-2-Terrestrial-45-Spider-2766.jpg,GT/COD10K-CAM-2-Terrestrial-45-Spider-2766.png,Edge/COD10K-CAM-2-Terrestrial-45-Spider-2766.png
Imgs/COD10K-CAM-2-Terrestrial-45-Spider-2767.jpg,GT/COD10K-CAM-2-Terrestrial-45-Spider-2767.png,Edge/COD10K-CAM-2-Terrestrial-45-Spider-2767.png
Imgs/COD10K-CAM-2-Terrestrial-45-Spider-2768.jpg,GT/COD10K-CAM-2-Terrestrial-45-Spider-2768.png,Edge/COD10K-CAM-2-Terrestrial-45-Spider-2768.png
Imgs/COD10K-CAM-2-Terrestrial-45-Spider-2774.jpg,GT/COD10K-CAM-2-Terrestrial-45-Spider-2774.png,Edge/COD10K-CAM-2-Terrestrial-45-Spider-2774.png
Imgs/COD10K-CAM-2-Terrestrial-45-Spider-2775.jpg,GT/COD10K-CAM-2-Terrestrial-45-Spider-2775.png,Edge/COD10K-CAM-2-Terrestrial-45-Spider-2775.png
Imgs/COD10K-CAM-2-Terrestrial-45-Spider-2776.jpg,GT/COD10K-CAM-2-Terrestrial-45-Spider-2776.png,Edge/COD10K-CAM-2-Terrestrial-45-Spider-2776.png
Imgs/COD10K-CAM-2-Terrestrial-45-Spider-2777.jpg,GT/COD10K-CAM-2-Terrestrial-45-Spider-2777.png,Edge/COD10K-CAM-2-Terrestrial-45-Spider-2777.png
Imgs/COD10K-CAM-2-Terrestrial-45-Spider-2778.jpg,GT/COD10K-CAM-2-Terrestrial-45-Spider-2778.png,Edge/COD10K-CAM-2-Terrestrial-45-Spider-2778.png
Imgs/COD10K-CAM-2-Terrestrial-45-Spider-2780.jpg,GT/COD10K-CAM-2-Terrestrial-45-Spider-2780.png,Edge/COD10K-CAM-2-Terrestrial-45-Spider-2780.png
Imgs/COD10K-CAM-2-Terrestrial-45-Spider-2781.jpg,GT/COD10K-CAM-2-Terrestrial-45-Spider-2781.png,Edge/COD10K-CAM-2-Terrestrial-45-Spider-2781.png
Imgs/COD10K-CAM-2-Terrestrial-45-Spider-2784.jpg,GT/COD10K-CAM-2-Terrestrial-45-Spider-2784.png,Edge/COD10K-CAM-2-Terrestrial-45-Spider-2784.png
Imgs/COD10K-CAM-2-Terrestrial-45-Spider-2785.jpg,GT/COD10K-CAM-2-Terrestrial-45-Spider-2785.png,Edge/COD10K-CAM-2-Terrestrial-45-Spider-2785.png
Imgs/COD10K-CAM-2-Terrestrial-45-Spider-2786.jpg,GT/COD10K-CAM-2-Terrestrial-45-Spider-2786.png,Edge/COD10K-CAM-2-Terrestrial-45-Spider-2786.png
Imgs/COD10K-CAM-2-Terrestrial-45-Spider-2787.jpg,GT/COD10K-CAM-2-Terrestrial-45-Spider-2787.png,Edge/COD10K-CAM-2-Terrestrial-45-Spider-2787.png
Imgs/COD10K-CAM-2-Terrestrial-45-Spider-2788.jpg,GT/COD10K-CAM-2-Terrestrial-45-Spider-2788.png,Edge/COD10K-CAM-2-Terrestrial-45-Spider-2788.png
Imgs/COD10K-CAM-2-Terrestrial-45-Spider-2790.jpg,GT/COD10K-CAM-2-Terrestrial-45-Spider-2790.png,Edge/COD10K-CAM-2-Terrestrial-45-Spider-2790.png
Imgs/COD10K-CAM-2-Terrestrial-45-Spider-2793.jpg,GT/COD10K-CAM-2-Terrestrial-45-Spider-2793.png,Edge/COD10K-CAM-2-Terrestrial-45-Spider-2793.png
Imgs/COD10K-CAM-2-Terrestrial-45-Spider-2795.jpg,GT/COD10K-CAM-2-Terrestrial-45-Spider-2795.png,Edge/COD10K-CAM-2-Terrestrial-45-Spider-2795.png
Imgs/COD10K-CAM-2-Terrestrial-45-Spider-2797.jpg,GT/COD10K-CAM-2-Terrestrial-45-Spider-2797.png,Edge/COD10K-CAM-2-Terrestrial-45-Spider-2797.png
Imgs/COD10K-CAM-2-Terrestrial-46-StickInsect-2799.jpg,GT/COD10K-CAM-2-Terrestrial-46-StickInsect-2799.png,Edge/COD10K-CAM-2-Terrestrial-46-StickInsect-2799.png
Imgs/COD10K-CAM-2-Terrestrial-46-StickInsect-2800.jpg,GT/COD10K-CAM-2-Terrestrial-46-StickInsect-2800.png,Edge/COD10K-CAM-2-Terrestrial-46-StickInsect-2800.png
Imgs/COD10K-CAM-2-Terrestrial-46-StickInsect-2801.jpg,GT/COD10K-CAM-2-Terrestrial-46-StickInsect-2801.png,Edge/COD10K-CAM-2-Terrestrial-46-StickInsect-2801.png
Imgs/COD10K-CAM-2-Terrestrial-46-StickInsect-2802.jpg,GT/COD10K-CAM-2-Terrestrial-46-StickInsect-2802.png,Edge/COD10K-CAM-2-Terrestrial-46-StickInsect-2802.png
Imgs/COD10K-CAM-2-Terrestrial-46-StickInsect-2803.jpg,GT/COD10K-CAM-2-Terrestrial-46-StickInsect-2803.png,Edge/COD10K-CAM-2-Terrestrial-46-StickInsect-2803.png
Imgs/COD10K-CAM-2-Terrestrial-46-StickInsect-2812.jpg,GT/COD10K-CAM-2-Terrestrial-46-StickInsect-2812.png,Edge/COD10K-CAM-2-Terrestrial-46-StickInsect-2812.png
Imgs/COD10K-CAM-2-Terrestrial-46-StickInsect-2814.jpg,GT/COD10K-CAM-2-Terrestrial-46-StickInsect-2814.png,Edge/COD10K-CAM-2-Terrestrial-46-StickInsect-2814.png
Imgs/COD10K-CAM-2-Terrestrial-46-StickInsect-2821.jpg,GT/COD10K-CAM-2-Terrestrial-46-StickInsect-2821.png,Edge/COD10K-CAM-2-Terrestrial-46-StickInsect-2821.png
Imgs/COD10K-CAM-2-Terrestrial-46-StickInsect-2822.jpg,GT/COD10K-CAM-2-Terrestrial-46-StickInsect-2822.png,Edge/COD10K-CAM-2-Terrestrial-46-StickInsect-2822.png
Imgs/COD10K-CAM-2-Terrestrial-46-StickInsect-2823.jpg,GT/COD10K-CAM-2-Terrestrial-46-StickInsect-2823.png,Edge/COD10K-CAM-2-Terrestrial-46-StickInsect-2823.png
Imgs/COD10K-CAM-2-Terrestrial-46-StickInsect-2824.jpg,GT/COD10K-CAM-2-Terrestrial-46-StickInsect-2824.png,Edge/COD10K-CAM-2-Terrestrial-46-StickInsect-2824.png
Imgs/COD10K-CAM-2-Terrestrial-46-StickInsect-2826.jpg,GT/COD10K-CAM-2-Terrestrial-46-StickInsect-2826.png,Edge/COD10K-CAM-2-Terrestrial-46-StickInsect-2826.png
Imgs/COD10K-CAM-2-Terrestrial-46-StickInsect-2828.jpg,GT/COD10K-CAM-2-Terrestrial-46-StickInsect-2828.png,Edge/COD10K-CAM-2-Terrestrial-46-StickInsect-2828.png
Imgs/COD10K-CAM-2-Terrestrial-46-StickInsect-2830.jpg,GT/COD10K-CAM-2-Terrestrial-46-StickInsect-2830.png,Edge/COD10K-CAM-2-Terrestrial-46-StickInsect-2830.png
Imgs/COD10K-CAM-2-Terrestrial-46-StickInsect-2834.jpg,GT/COD10K-CAM-2-Terrestrial-46-StickInsect-2834.png,Edge/COD10K-CAM-2-Terrestrial-46-StickInsect-2834.png
Imgs/COD10K-CAM-2-Terrestrial-46-StickInsect-2835.jpg,GT/COD10K-CAM-2-Terrestrial-46-StickInsect-2835.png,Edge/COD10K-CAM-2-Terrestrial-46-StickInsect-2835.png
Imgs/COD10K-CAM-2-Terrestrial-46-StickInsect-2837.jpg,GT/COD10K-CAM-2-Terrestrial-46-StickInsect-2837.png,Edge/COD10K-CAM-2-Terrestrial-46-StickInsect-2837.png
Imgs/COD10K-CAM-2-Terrestrial-46-StickInsect-2838.jpg,GT/COD10K-CAM-2-Terrestrial-46-StickInsect-2838.png,Edge/COD10K-CAM-2-Terrestrial-46-StickInsect-2838.png
Imgs/COD10K-CAM-2-Terrestrial-46-StickInsect-2840.jpg,GT/COD10K-CAM-2-Terrestrial-46-StickInsect-2840.png,Edge/COD10K-CAM-2-Terrestrial-46-StickInsect-2840.png
Imgs/COD10K-CAM-2-Terrestrial-46-StickInsect-2845.jpg,GT/COD10K-CAM-2-Terrestrial-46-StickInsect-2845.png,Edge/COD10K-CAM-2-Terrestrial-46-StickInsect-2845.png
Imgs/COD10K-CAM-2-Terrestrial-46-StickInsect-2846.jpg,GT/COD10K-CAM-2-Terrestrial-46-StickInsect-2846.png,Edge/COD10K-CAM-2-Terrestrial-46-StickInsect-2846.png
Imgs/COD10K-CAM-2-Terrestrial-46-StickInsect-2847.jpg,GT/COD10K-CAM-2-Terrestrial-46-StickInsect-2847.png,Edge/COD10K-CAM-2-Terrestrial-46-StickInsect-2847.png
Imgs/COD10K-CAM-2-Terrestrial-46-StickInsect-2848.jpg,GT/COD10K-CAM-2-Terrestrial-46-StickInsect-2848.png,Edge/COD10K-CAM-2-Terrestrial-46-StickInsect-2848.png
Imgs/COD10K-CAM-2-Terrestrial-46-StickInsect-2849.jpg,GT/COD10K-CAM-2-Terrestrial-46-StickInsect-2849.png,Edge/COD10K-CAM-2-Terrestrial-46-StickInsect-2849.png
Imgs/COD10K-CAM-2-Terrestrial-46-StickInsect-2851.jpg,GT/COD10K-CAM-2-Terrestrial-46-StickInsect-2851.png,Edge/COD10K-CAM-2-Terrestrial-46-StickInsect-2851.png
Imgs/COD10K-CAM-2-Terrestrial-46-StickInsect-2852.jpg,GT/COD10K-CAM-2-Terrestrial-46-StickInsect-2852.png,Edge/COD10K-CAM-2-Terrestrial-46-StickInsect-2852.png
Imgs/COD10K-CAM-2-Terrestrial-46-StickInsect-2853.jpg,GT/COD10K-CAM-2-Terrestrial-46-StickInsect-2853.png,Edge/COD10K-CAM-2-Terrestrial-46-StickInsect-2853.png
Imgs/COD10K-CAM-2-Terrestrial-46-StickInsect-2854.jpg,GT/COD10K-CAM-2-Terrestrial-46-StickInsect-2854.png,Edge/COD10K-CAM-2-Terrestrial-46-StickInsect-2854.png
Imgs/COD10K-CAM-2-Terrestrial-46-StickInsect-2855.jpg,GT/COD10K-CAM-2-Terrestrial-46-StickInsect-2855.png,Edge/COD10K-CAM-2-Terrestrial-46-StickInsect-2855.png
Imgs/COD10K-CAM-2-Terrestrial-46-StickInsect-2857.jpg,GT/COD10K-CAM-2-Terrestrial-46-StickInsect-2857.png,Edge/COD10K-CAM-2-Terrestrial-46-StickInsect-2857.png
Imgs/COD10K-CAM-2-Terrestrial-46-StickInsect-2860.jpg,GT/COD10K-CAM-2-Terrestrial-46-StickInsect-2860.png,Edge/COD10K-CAM-2-Terrestrial-46-StickInsect-2860.png
Imgs/COD10K-CAM-2-Terrestrial-46-StickInsect-2861.jpg,GT/COD10K-CAM-2-Terrestrial-46-StickInsect-2861.png,Edge/COD10K-CAM-2-Terrestrial-46-StickInsect-2861.png
Imgs/COD10K-CAM-2-Terrestrial-46-StickInsect-2862.jpg,GT/COD10K-CAM-2-Terrestrial-46-StickInsect-2862.png,Edge/COD10K-CAM-2-Terrestrial-46-StickInsect-2862.png
Imgs/COD10K-CAM-2-Terrestrial-46-StickInsect-2863.jpg,GT/COD10K-CAM-2-Terrestrial-46-StickInsect-2863.png,Edge/COD10K-CAM-2-Terrestrial-46-StickInsect-2863.png
Imgs/COD10K-CAM-2-Terrestrial-46-StickInsect-2866.jpg,GT/COD10K-CAM-2-Terrestrial-46-StickInsect-2866.png,Edge/COD10K-CAM-2-Terrestrial-46-StickInsect-2866.png
Imgs/COD10K-CAM-2-Terrestrial-46-StickInsect-2868.jpg,GT/COD10K-CAM-2-Terrestrial-46-StickInsect-2868.png,Edge/COD10K-CAM-2-Terrestrial-46-StickInsect-2868.png
Imgs/COD10K-CAM-2-Terrestrial-46-StickInsect-2871.jpg,GT/COD10K-CAM-2-Terrestrial-46-StickInsect-2871.png,Edge/COD10K-CAM-2-Terrestrial-46-StickInsect-2871.png
Imgs/COD10K-CAM-2-Terrestrial-46-StickInsect-2872.jpg,GT/COD10K-CAM-2-Terrestrial-46-StickInsect-2872.png,Edge/COD10K-CAM-2-Terrestrial-46-StickInsect-2872.png
Imgs/COD10K-CAM-2-Terrestrial-46-StickInsect-2874.jpg,GT/COD10K-CAM-2-Terrestrial-46-StickInsect-2874.png,Edge/COD10K-CAM-2-Terrestrial-46-StickInsect-2874.png
Imgs/COD10K-CAM-2-Terrestrial-47-Tiger-2875.jpg,GT/COD10K-CAM-2-Terrestrial-47-Tiger-2875.png,Edge/COD10K-CAM-2-Terrestrial-47-Tiger-2875.png
Imgs/COD10K-CAM-2-Terrestrial-47-Tiger-2878.jpg,GT/COD10K-CAM-2-Terrestrial-47-Tiger-2878.png,Edge/COD10K-CAM-2-Terrestrial-47-Tiger-2878.png
Imgs/COD10K-CAM-2-Terrestrial-47-Tiger-2879.jpg,GT/COD10K-CAM-2-Terrestrial-47-Tiger-2879.png,Edge/COD10K-CAM-2-Terrestrial-47-Tiger-2879.png
Imgs/COD10K-CAM-2-Terrestrial-47-Tiger-2880.jpg,GT/COD10K-CAM-2-Terrestrial-47-Tiger-2880.png,Edge/COD10K-CAM-2-Terrestrial-47-Tiger-2880.png
Imgs/COD10K-CAM-2-Terrestrial-47-Tiger-2881.jpg,GT/COD10K-CAM-2-Terrestrial-47-Tiger-2881.png,Edge/COD10K-CAM-2-Terrestrial-47-Tiger-2881.png
Imgs/COD10K-CAM-2-Terrestrial-47-Tiger-2882.jpg,GT/COD10K-CAM-2-Terrestrial-47-Tiger-2882.png,Edge/COD10K-CAM-2-Terrestrial-47-Tiger-2882.png
Imgs/COD10K-CAM-2-Terrestrial-47-Tiger-2885.jpg,GT/COD10K-CAM-2-Terrestrial-47-Tiger-2885.png,Edge/COD10K-CAM-2-Terrestrial-47-Tiger-2885.png
Imgs/COD10K-CAM-2-Terrestrial-47-Tiger-2888.jpg,GT/COD10K-CAM-2-Terrestrial-47-Tiger-2888.png,Edge/COD10K-CAM-2-Terrestrial-47-Tiger-2888.png
Imgs/COD10K-CAM-2-Terrestrial-47-Tiger-2891.jpg,GT/COD10K-CAM-2-Terrestrial-47-Tiger-2891.png,Edge/COD10K-CAM-2-Terrestrial-47-Tiger-2891.png
Imgs/COD10K-CAM-2-Terrestrial-47-Tiger-2892.jpg,GT/COD10K-CAM-2-Terrestrial-47-Tiger-2892.png,Edge/COD10K-CAM-2-Terrestrial-47-Tiger-2892.png
Imgs/COD10K-CAM-2-Terrestrial-47-Tiger-2894.jpg,GT/COD10K-CAM-2-Terrestrial-47-Tiger-2894.png,Edge/COD10K-CAM-2-Terrestrial-47-Tiger-2894.png
Imgs/COD10K-CAM-2-Terrestrial-47-Tiger-2895.jpg,GT/COD10K-CAM-2-Terrestrial-47-Tiger-2895.png,Edge/COD10K-CAM-2-Terrestrial-47-Tiger-2895.png
Imgs/COD10K-CAM-2-Terrestrial-47-Tiger-2896.jpg,GT/COD10K-CAM-2-Terrestrial-47-Tiger-2896.png,Edge/COD10K-CAM-2-Terrestrial-47-Tiger-2896.png
Imgs/COD10K-CAM-2-Terrestrial-47-Tiger-2897.jpg,GT/COD10K-CAM-2-Terrestrial-47-Tiger-2897.png,Edge/COD10K-CAM-2-Terrestrial-47-Tiger-2897.png
Imgs/COD10K-CAM-2-Terrestrial-47-Tiger-2898.jpg,GT/COD10K-CAM-2-Terrestrial-47-Tiger-2898.png,Edge/COD10K-CAM-2-Terrestrial-47-Tiger-2898.png
Imgs/COD10K-CAM-2-Terrestrial-47-Tiger-2900.jpg,GT/COD10K-CAM-2-Terrestrial-47-Tiger-2900.png,Edge/COD10K-CAM-2-Terrestrial-47-Tiger-2900.png
Imgs/COD10K-CAM-2-Terrestrial-47-Tiger-2904.jpg,GT/COD10K-CAM-2-Terrestrial-47-Tiger-2904.png,Edge/COD10K-CAM-2-Terrestrial-47-Tiger-2904.png
Imgs/COD10K-CAM-2-Terrestrial-47-Tiger-2905.jpg,GT/COD10K-CAM-2-Terrestrial-47-Tiger-2905.png,Edge/COD10K-CAM-2-Terrestrial-47-Tiger-2905.png
Imgs/COD10K-CAM-2-Terrestrial-47-Tiger-2908.jpg,GT/COD10K-CAM-2-Terrestrial-47-Tiger-2908.png,Edge/COD10K-CAM-2-Terrestrial-47-Tiger-2908.png
Imgs/COD10K-CAM-2-Terrestrial-47-Tiger-2909.jpg,GT/COD10K-CAM-2-Terrestrial-47-Tiger-2909.png,Edge/COD10K-CAM-2-Terrestrial-47-Tiger-2909.png
Imgs/COD10K-CAM-2-Terrestrial-47-Tiger-2911.jpg,GT/COD10K-CAM-2-Terrestrial-47-Tiger-2911.png,Edge/COD10K-CAM-2-Terrestrial-47-Tiger-2911.png
Imgs/COD10K-CAM-2-Terrestrial-47-Tiger-2912.jpg,GT/COD10K-CAM-2-Terrestrial-47-Tiger-2912.png,Edge/COD10K-CAM-2-Terrestrial-47-Tiger-2912.png
Imgs/COD10K-CAM-2-Terrestrial-48-Wolf-2913.jpg,GT/COD10K-CAM-2-Terrestrial-48-Wolf-2913.png,Edge/COD10K-CAM-2-Terrestrial-48-Wolf-2913.png
Imgs/COD10K-CAM-2-Terrestrial-48-Wolf-2915.jpg,GT/COD10K-CAM-2-Terrestrial-48-Wolf-2915.png,Edge/COD10K-CAM-2-Terrestrial-48-Wolf-2915.png
Imgs/COD10K-CAM-2-Terrestrial-48-Wolf-2919.jpg,GT/COD10K-CAM-2-Terrestrial-48-Wolf-2919.png,Edge/COD10K-CAM-2-Terrestrial-48-Wolf-2919.png
Imgs/COD10K-CAM-2-Terrestrial-48-Wolf-2920.jpg,GT/COD10K-CAM-2-Terrestrial-48-Wolf-2920.png,Edge/COD10K-CAM-2-Terrestrial-48-Wolf-2920.png
Imgs/COD10K-CAM-2-Terrestrial-48-Wolf-2923.jpg,GT/COD10K-CAM-2-Terrestrial-48-Wolf-2923.png,Edge/COD10K-CAM-2-Terrestrial-48-Wolf-2923.png
Imgs/COD10K-CAM-2-Terrestrial-49-Worm-2924.jpg,GT/COD10K-CAM-2-Terrestrial-49-Worm-2924.png,Edge/COD10K-CAM-2-Terrestrial-49-Worm-2924.png
Imgs/COD10K-CAM-2-Terrestrial-49-Worm-2925.jpg,GT/COD10K-CAM-2-Terrestrial-49-Worm-2925.png,Edge/COD10K-CAM-2-Terrestrial-49-Worm-2925.png
Imgs/COD10K-CAM-2-Terrestrial-49-Worm-2926.jpg,GT/COD10K-CAM-2-Terrestrial-49-Worm-2926.png,Edge/COD10K-CAM-2-Terrestrial-49-Worm-2926.png
Imgs/COD10K-CAM-2-Terrestrial-49-Worm-2927.jpg,GT/COD10K-CAM-2-Terrestrial-49-Worm-2927.png,Edge/COD10K-CAM-2-Terrestrial-49-Worm-2927.png
Imgs/COD10K-CAM-2-Terrestrial-49-Worm-2928.jpg,GT/COD10K-CAM-2-Terrestrial-49-Worm-2928.png,Edge/COD10K-CAM-2-Terrestrial-49-Worm-2928.png
Imgs/COD10K-CAM-2-Terrestrial-49-Worm-2931.jpg,GT/COD10K-CAM-2-Terrestrial-49-Worm-2931.png,Edge/COD10K-CAM-2-Terrestrial-49-Worm-2931.png
Imgs/COD10K-CAM-2-Terrestrial-49-Worm-2932.jpg,GT/COD10K-CAM-2-Terrestrial-49-Worm-2932.png,Edge/COD10K-CAM-2-Terrestrial-49-Worm-2932.png
Imgs/COD10K-CAM-2-Terrestrial-49-Worm-2933.jpg,GT/COD10K-CAM-2-Terrestrial-49-Worm-2933.png,Edge/COD10K-CAM-2-Terrestrial-49-Worm-2933.png
Imgs/COD10K-CAM-2-Terrestrial-49-Worm-2935.jpg,GT/COD10K-CAM-2-Terrestrial-49-Worm-2935.png,Edge/COD10K-CAM-2-Terrestrial-49-Worm-2935.png
Imgs/COD10K-CAM-2-Terrestrial-49-Worm-2936.jpg,GT/COD10K-CAM-2-Terrestrial-49-Worm-2936.png,Edge/COD10K-CAM-2-Terrestrial-49-Worm-2936.png
Imgs/COD10K-CAM-2-Terrestrial-49-Worm-2937.jpg,GT/COD10K-CAM-2-Terrestrial-49-Worm-2937.png,Edge/COD10K-CAM-2-Terrestrial-49-Worm-2937.png
Imgs/COD10K-CAM-2-Terrestrial-49-Worm-2938.jpg,GT/COD10K-CAM-2-Terrestrial-49-Worm-2938.png,Edge/COD10K-CAM-2-Terrestrial-49-Worm-2938.png
Imgs/COD10K-CAM-2-Terrestrial-49-Worm-2940.jpg,GT/COD10K-CAM-2-Terrestrial-49-Worm-2940.png,Edge/COD10K-CAM-2-Terrestrial-49-Worm-2940.png
Imgs/COD10K-CAM-2-Terrestrial-49-Worm-2942.jpg,GT/COD10K-CAM-2-Terrestrial-49-Worm-2942.png,Edge/COD10K-CAM-2-Terrestrial-49-Worm-2942.png
Imgs/COD10K-CAM-2-Terrestrial-49-Worm-2943.jpg,GT/COD10K-CAM-2-Terrestrial-49-Worm-2943.png,Edge/COD10K-CAM-2-Terrestrial-49-Worm-2943.png
Imgs/COD10K-CAM-2-Terrestrial-49-Worm-2945.jpg,GT/COD10K-CAM-2-Terrestrial-49-Worm-2945.png,Edge/COD10K-CAM-2-Terrestrial-49-Worm-2945.png
Imgs/COD10K-CAM-2-Terrestrial-49-Worm-2946.jpg,GT/COD10K-CAM-2-Terrestrial-49-Worm-2946.png,Edge/COD10K-CAM-2-Terrestrial-49-Worm-2946.png
Imgs/COD10K-CAM-2-Terrestrial-49-Worm-2947.jpg,GT/COD10K-CAM-2-Terrestrial-49-Worm-2947.png,Edge/COD10K-CAM-2-Terrestrial-49-Worm-2947.png
Imgs/COD10K-CAM-2-Terrestrial-49-Worm-2951.jpg,GT/COD10K-CAM-2-Terrestrial-49-Worm-2951.png,Edge/COD10K-CAM-2-Terrestrial-49-Worm-2951.png
Imgs/COD10K-CAM-3-Flying-50-Bat-2957.jpg,GT/COD10K-CAM-3-Flying-50-Bat-2957.png,Edge/COD10K-CAM-3-Flying-50-Bat-2957.png
Imgs/COD10K-CAM-3-Flying-50-Bat-2958.jpg,GT/COD10K-CAM-3-Flying-50-Bat-2958.png,Edge/COD10K-CAM-3-Flying-50-Bat-2958.png
Imgs/COD10K-CAM-3-Flying-50-Bat-2961.jpg,GT/COD10K-CAM-3-Flying-50-Bat-2961.png,Edge/COD10K-CAM-3-Flying-50-Bat-2961.png
Imgs/COD10K-CAM-3-Flying-50-Bat-2964.jpg,GT/COD10K-CAM-3-Flying-50-Bat-2964.png,Edge/COD10K-CAM-3-Flying-50-Bat-2964.png
Imgs/COD10K-CAM-3-Flying-50-Bat-2965.jpg,GT/COD10K-CAM-3-Flying-50-Bat-2965.png,Edge/COD10K-CAM-3-Flying-50-Bat-2965.png
Imgs/COD10K-CAM-3-Flying-50-Bat-2966.jpg,GT/COD10K-CAM-3-Flying-50-Bat-2966.png,Edge/COD10K-CAM-3-Flying-50-Bat-2966.png
Imgs/COD10K-CAM-3-Flying-50-Bat-2969.jpg,GT/COD10K-CAM-3-Flying-50-Bat-2969.png,Edge/COD10K-CAM-3-Flying-50-Bat-2969.png
Imgs/COD10K-CAM-3-Flying-50-Bat-2971.jpg,GT/COD10K-CAM-3-Flying-50-Bat-2971.png,Edge/COD10K-CAM-3-Flying-50-Bat-2971.png
Imgs/COD10K-CAM-3-Flying-50-Bat-2973.jpg,GT/COD10K-CAM-3-Flying-50-Bat-2973.png,Edge/COD10K-CAM-3-Flying-50-Bat-2973.png
Imgs/COD10K-CAM-3-Flying-50-Bat-2974.jpg,GT/COD10K-CAM-3-Flying-50-Bat-2974.png,Edge/COD10K-CAM-3-Flying-50-Bat-2974.png
Imgs/COD10K-CAM-3-Flying-51-Bee-2978.jpg,GT/COD10K-CAM-3-Flying-51-Bee-2978.png,Edge/COD10K-CAM-3-Flying-51-Bee-2978.png
Imgs/COD10K-CAM-3-Flying-51-Bee-2979.jpg,GT/COD10K-CAM-3-Flying-51-Bee-2979.png,Edge/COD10K-CAM-3-Flying-51-Bee-2979.png
Imgs/COD10K-CAM-3-Flying-51-Bee-2980.jpg,GT/COD10K-CAM-3-Flying-51-Bee-2980.png,Edge/COD10K-CAM-3-Flying-51-Bee-2980.png
Imgs/COD10K-CAM-3-Flying-51-Bee-2984.jpg,GT/COD10K-CAM-3-Flying-51-Bee-2984.png,Edge/COD10K-CAM-3-Flying-51-Bee-2984.png
Imgs/COD10K-CAM-3-Flying-51-Bee-2987.jpg,GT/COD10K-CAM-3-Flying-51-Bee-2987.png,Edge/COD10K-CAM-3-Flying-51-Bee-2987.png
Imgs/COD10K-CAM-3-Flying-51-Bee-2988.jpg,GT/COD10K-CAM-3-Flying-51-Bee-2988.png,Edge/COD10K-CAM-3-Flying-51-Bee-2988.png
Imgs/COD10K-CAM-3-Flying-51-Bee-2989.jpg,GT/COD10K-CAM-3-Flying-51-Bee-2989.png,Edge/COD10K-CAM-3-Flying-51-Bee-2989.png
Imgs/COD10K-CAM-3-Flying-51-Bee-2990.jpg,GT/COD10K-CAM-3-Flying-51-Bee-2990.png,Edge/COD10K-CAM-3-Flying-51-Bee-2990.png
Imgs/COD10K-CAM-3-Flying-51-Bee-2991.jpg,GT/COD10K-CAM-3-Flying-51-Bee-2991.png,Edge/COD10K-CAM-3-Flying-51-Bee-2991.png
Imgs/COD10K-CAM-3-Flying-51-Bee-2992.jpg,GT/COD10K-CAM-3-Flying-51-Bee-2992.png,Edge/COD10K-CAM-3-Flying-51-Bee-2992.png
Imgs/COD10K-CAM-3-Flying-51-Bee-2994.jpg,GT/COD10K-CAM-3-Flying-51-Bee-2994.png,Edge/COD10K-CAM-3-Flying-51-Bee-2994.png
Imgs/COD10K-CAM-3-Flying-51-Bee-2996.jpg,GT/COD10K-CAM-3-Flying-51-Bee-2996.png,Edge/COD10K-CAM-3-Flying-51-Bee-2996.png
Imgs/COD10K-CAM-3-Flying-51-Bee-2998.jpg,GT/COD10K-CAM-3-Flying-51-Bee-2998.png,Edge/COD10K-CAM-3-Flying-51-Bee-2998.png
Imgs/COD10K-CAM-3-Flying-51-Bee-3000.jpg,GT/COD10K-CAM-3-Flying-51-Bee-3000.png,Edge/COD10K-CAM-3-Flying-51-Bee-3000.png
Imgs/COD10K-CAM-3-Flying-51-Bee-3001.jpg,GT/COD10K-CAM-3-Flying-51-Bee-3001.png,Edge/COD10K-CAM-3-Flying-51-Bee-3001.png
Imgs/COD10K-CAM-3-Flying-51-Bee-3003.jpg,GT/COD10K-CAM-3-Flying-51-Bee-3003.png,Edge/COD10K-CAM-3-Flying-51-Bee-3003.png
Imgs/COD10K-CAM-3-Flying-51-Bee-3004.jpg,GT/COD10K-CAM-3-Flying-51-Bee-3004.png,Edge/COD10K-CAM-3-Flying-51-Bee-3004.png
Imgs/COD10K-CAM-3-Flying-51-Bee-3005.jpg,GT/COD10K-CAM-3-Flying-51-Bee-3005.png,Edge/COD10K-CAM-3-Flying-51-Bee-3005.png
Imgs/COD10K-CAM-3-Flying-52-Beetle-3006.jpg,GT/COD10K-CAM-3-Flying-52-Beetle-3006.png,Edge/COD10K-CAM-3-Flying-52-Beetle-3006.png
Imgs/COD10K-CAM-3-Flying-52-Beetle-3008.jpg,GT/COD10K-CAM-3-Flying-52-Beetle-3008.png,Edge/COD10K-CAM-3-Flying-52-Beetle-3008.png
Imgs/COD10K-CAM-3-Flying-52-Beetle-3010.jpg,GT/COD10K-CAM-3-Flying-52-Beetle-3010.png,Edge/COD10K-CAM-3-Flying-52-Beetle-3010.png
Imgs/COD10K-CAM-3-Flying-52-Beetle-3012.jpg,GT/COD10K-CAM-3-Flying-52-Beetle-3012.png,Edge/COD10K-CAM-3-Flying-52-Beetle-3012.png
Imgs/COD10K-CAM-3-Flying-52-Beetle-3013.jpg,GT/COD10K-CAM-3-Flying-52-Beetle-3013.png,Edge/COD10K-CAM-3-Flying-52-Beetle-3013.png
Imgs/COD10K-CAM-3-Flying-53-Bird-3014.jpg,GT/COD10K-CAM-3-Flying-53-Bird-3014.png,Edge/COD10K-CAM-3-Flying-53-Bird-3014.png
Imgs/COD10K-CAM-3-Flying-53-Bird-3016.jpg,GT/COD10K-CAM-3-Flying-53-Bird-3016.png,Edge/COD10K-CAM-3-Flying-53-Bird-3016.png
Imgs/COD10K-CAM-3-Flying-53-Bird-3017.jpg,GT/COD10K-CAM-3-Flying-53-Bird-3017.png,Edge/COD10K-CAM-3-Flying-53-Bird-3017.png
Imgs/COD10K-CAM-3-Flying-53-Bird-3018.jpg,GT/COD10K-CAM-3-Flying-53-Bird-3018.png,Edge/COD10K-CAM-3-Flying-53-Bird-3018.png
Imgs/COD10K-CAM-3-Flying-53-Bird-3019.jpg,GT/COD10K-CAM-3-Flying-53-Bird-3019.png,Edge/COD10K-CAM-3-Flying-53-Bird-3019.png
Imgs/COD10K-CAM-3-Flying-53-Bird-3020.jpg,GT/COD10K-CAM-3-Flying-53-Bird-3020.png,Edge/COD10K-CAM-3-Flying-53-Bird-3020.png
Imgs/COD10K-CAM-3-Flying-53-Bird-3025.jpg,GT/COD10K-CAM-3-Flying-53-Bird-3025.png,Edge/COD10K-CAM-3-Flying-53-Bird-3025.png
Imgs/COD10K-CAM-3-Flying-53-Bird-3027.jpg,GT/COD10K-CAM-3-Flying-53-Bird-3027.png,Edge/COD10K-CAM-3-Flying-53-Bird-3027.png
Imgs/COD10K-CAM-3-Flying-53-Bird-3029.jpg,GT/COD10K-CAM-3-Flying-53-Bird-3029.png,Edge/COD10K-CAM-3-Flying-53-Bird-3029.png
Imgs/COD10K-CAM-3-Flying-53-Bird-3033.jpg,GT/COD10K-CAM-3-Flying-53-Bird-3033.png,Edge/COD10K-CAM-3-Flying-53-Bird-3033.png
Imgs/COD10K-CAM-3-Flying-53-Bird-3034.jpg,GT/COD10K-CAM-3-Flying-53-Bird-3034.png,Edge/COD10K-CAM-3-Flying-53-Bird-3034.png
Imgs/COD10K-CAM-3-Flying-53-Bird-3035.jpg,GT/COD10K-CAM-3-Flying-53-Bird-3035.png,Edge/COD10K-CAM-3-Flying-53-Bird-3035.png
Imgs/COD10K-CAM-3-Flying-53-Bird-3039.jpg,GT/COD10K-CAM-3-Flying-53-Bird-3039.png,Edge/COD10K-CAM-3-Flying-53-Bird-3039.png
Imgs/COD10K-CAM-3-Flying-53-Bird-3042.jpg,GT/COD10K-CAM-3-Flying-53-Bird-3042.png,Edge/COD10K-CAM-3-Flying-53-Bird-3042.png
Imgs/COD10K-CAM-3-Flying-53-Bird-3043.jpg,GT/COD10K-CAM-3-Flying-53-Bird-3043.png,Edge/COD10K-CAM-3-Flying-53-Bird-3043.png
Imgs/COD10K-CAM-3-Flying-53-Bird-3044.jpg,GT/COD10K-CAM-3-Flying-53-Bird-3044.png,Edge/COD10K-CAM-3-Flying-53-Bird-3044.png
Imgs/COD10K-CAM-3-Flying-53-Bird-3045.jpg,GT/COD10K-CAM-3-Flying-53-Bird-3045.png,Edge/COD10K-CAM-3-Flying-53-Bird-3045.png
Imgs/COD10K-CAM-3-Flying-53-Bird-3047.jpg,GT/COD10K-CAM-3-Flying-53-Bird-3047.png,Edge/COD10K-CAM-3-Flying-53-Bird-3047.png
Imgs/COD10K-CAM-3-Flying-53-Bird-3048.jpg,GT/COD10K-CAM-3-Flying-53-Bird-3048.png,Edge/COD10K-CAM-3-Flying-53-Bird-3048.png
Imgs/COD10K-CAM-3-Flying-53-Bird-3050.jpg,GT/COD10K-CAM-3-Flying-53-Bird-3050.png,Edge/COD10K-CAM-3-Flying-53-Bird-3050.png
Imgs/COD10K-CAM-3-Flying-53-Bird-3055.jpg,GT/COD10K-CAM-3-Flying-53-Bird-3055.png,Edge/COD10K-CAM-3-Flying-53-Bird-3055.png
Imgs/COD10K-CAM-3-Flying-53-Bird-3058.jpg,GT/COD10K-CAM-3-Flying-53-Bird-3058.png,Edge/COD10K-CAM-3-Flying-53-Bird-3058.png
Imgs/COD10K-CAM-3-Flying-53-Bird-3060.jpg,GT/COD10K-CAM-3-Flying-53-Bird-3060.png,Edge/COD10K-CAM-3-Flying-53-Bird-3060.png
Imgs/COD10K-CAM-3-Flying-53-Bird-3061.jpg,GT/COD10K-CAM-3-Flying-53-Bird-3061.png,Edge/COD10K-CAM-3-Flying-53-Bird-3061.png
Imgs/COD10K-CAM-3-Flying-53-Bird-3063.jpg,GT/COD10K-CAM-3-Flying-53-Bird-3063.png,Edge/COD10K-CAM-3-Flying-53-Bird-3063.png
Imgs/COD10K-CAM-3-Flying-53-Bird-3065.jpg,GT/COD10K-CAM-3-Flying-53-Bird-3065.png,Edge/COD10K-CAM-3-Flying-53-Bird-3065.png
Imgs/COD10K-CAM-3-Flying-53-Bird-3066.jpg,GT/COD10K-CAM-3-Flying-53-Bird-3066.png,Edge/COD10K-CAM-3-Flying-53-Bird-3066.png
Imgs/COD10K-CAM-3-Flying-53-Bird-3067.jpg,GT/COD10K-CAM-3-Flying-53-Bird-3067.png,Edge/COD10K-CAM-3-Flying-53-Bird-3067.png
Imgs/COD10K-CAM-3-Flying-53-Bird-3070.jpg,GT/COD10K-CAM-3-Flying-53-Bird-3070.png,Edge/COD10K-CAM-3-Flying-53-Bird-3070.png
Imgs/COD10K-CAM-3-Flying-53-Bird-3071.jpg,GT/COD10K-CAM-3-Flying-53-Bird-3071.png,Edge/COD10K-CAM-3-Flying-53-Bird-3071.png
Imgs/COD10K-CAM-3-Flying-53-Bird-3072.jpg,GT/COD10K-CAM-3-Flying-53-Bird-3072.png,Edge/COD10K-CAM-3-Flying-53-Bird-3072.png
Imgs/COD10K-CAM-3-Flying-53-Bird-3073.jpg,GT/COD10K-CAM-3-Flying-53-Bird-3073.png,Edge/COD10K-CAM-3-Flying-53-Bird-3073.png
Imgs/COD10K-CAM-3-Flying-53-Bird-3074.jpg,GT/COD10K-CAM-3-Flying-53-Bird-3074.png,Edge/COD10K-CAM-3-Flying-53-Bird-3074.png
Imgs/COD10K-CAM-3-Flying-53-Bird-3076.jpg,GT/COD10K-CAM-3-Flying-53-Bird-3076.png,Edge/COD10K-CAM-3-Flying-53-Bird-3076.png
Imgs/COD10K-CAM-3-Flying-53-Bird-3079.jpg,GT/COD10K-CAM-3-Flying-53-Bird-3079.png,Edge/COD10K-CAM-3-Flying-53-Bird-3079.png
Imgs/COD10K-CAM-3-Flying-53-Bird-3081.jpg,GT/COD10K-CAM-3-Flying-53-Bird-3081.png,Edge/COD10K-CAM-3-Flying-53-Bird-3081.png
Imgs/COD10K-CAM-3-Flying-53-Bird-3085.jpg,GT/COD10K-CAM-3-Flying-53-Bird-3085.png,Edge/COD10K-CAM-3-Flying-53-Bird-3085.png
Imgs/COD10K-CAM-3-Flying-53-Bird-3086.jpg,GT/COD10K-CAM-3-Flying-53-Bird-3086.png,Edge/COD10K-CAM-3-Flying-53-Bird-3086.png
Imgs/COD10K-CAM-3-Flying-53-Bird-3088.jpg,GT/COD10K-CAM-3-Flying-53-Bird-3088.png,Edge/COD10K-CAM-3-Flying-53-Bird-3088.png
Imgs/COD10K-CAM-3-Flying-53-Bird-3090.jpg,GT/COD10K-CAM-3-Flying-53-Bird-3090.png,Edge/COD10K-CAM-3-Flying-53-Bird-3090.png
Imgs/COD10K-CAM-3-Flying-53-Bird-3091.jpg,GT/COD10K-CAM-3-Flying-53-Bird-3091.png,Edge/COD10K-CAM-3-Flying-53-Bird-3091.png
Imgs/COD10K-CAM-3-Flying-53-Bird-3092.jpg,GT/COD10K-CAM-3-Flying-53-Bird-3092.png,Edge/COD10K-CAM-3-Flying-53-Bird-3092.png
Imgs/COD10K-CAM-3-Flying-53-Bird-3094.jpg,GT/COD10K-CAM-3-Flying-53-Bird-3094.png,Edge/COD10K-CAM-3-Flying-53-Bird-3094.png
Imgs/COD10K-CAM-3-Flying-53-Bird-3095.jpg,GT/COD10K-CAM-3-Flying-53-Bird-3095.png,Edge/COD10K-CAM-3-Flying-53-Bird-3095.png
Imgs/COD10K-CAM-3-Flying-53-Bird-3097.jpg,GT/COD10K-CAM-3-Flying-53-Bird-3097.png,Edge/COD10K-CAM-3-Flying-53-Bird-3097.png
Imgs/COD10K-CAM-3-Flying-53-Bird-3098.jpg,GT/COD10K-CAM-3-Flying-53-Bird-3098.png,Edge/COD10K-CAM-3-Flying-53-Bird-3098.png
Imgs/COD10K-CAM-3-Flying-53-Bird-3099.jpg,GT/COD10K-CAM-3-Flying-53-Bird-3099.png,Edge/COD10K-CAM-3-Flying-53-Bird-3099.png
Imgs/COD10K-CAM-3-Flying-53-Bird-3100.jpg,GT/COD10K-CAM-3-Flying-53-Bird-3100.png,Edge/COD10K-CAM-3-Flying-53-Bird-3100.png
Imgs/COD10K-CAM-3-Flying-53-Bird-3101.jpg,GT/COD10K-CAM-3-Flying-53-Bird-3101.png,Edge/COD10K-CAM-3-Flying-53-Bird-3101.png
Imgs/COD10K-CAM-3-Flying-53-Bird-3102.jpg,GT/COD10K-CAM-3-Flying-53-Bird-3102.png,Edge/COD10K-CAM-3-Flying-53-Bird-3102.png
Imgs/COD10K-CAM-3-Flying-53-Bird-3103.jpg,GT/COD10K-CAM-3-Flying-53-Bird-3103.png,Edge/COD10K-CAM-3-Flying-53-Bird-3103.png
Imgs/COD10K-CAM-3-Flying-53-Bird-3106.jpg,GT/COD10K-CAM-3-Flying-53-Bird-3106.png,Edge/COD10K-CAM-3-Flying-53-Bird-3106.png
Imgs/COD10K-CAM-3-Flying-53-Bird-3107.jpg,GT/COD10K-CAM-3-Flying-53-Bird-3107.png,Edge/COD10K-CAM-3-Flying-53-Bird-3107.png
Imgs/COD10K-CAM-3-Flying-53-Bird-3108.jpg,GT/COD10K-CAM-3-Flying-53-Bird-3108.png,Edge/COD10K-CAM-3-Flying-53-Bird-3108.png
Imgs/COD10K-CAM-3-Flying-53-Bird-3109.jpg,GT/COD10K-CAM-3-Flying-53-Bird-3109.png,Edge/COD10K-CAM-3-Flying-53-Bird-3109.png
Imgs/COD10K-CAM-3-Flying-53-Bird-3110.jpg,GT/COD10K-CAM-3-Flying-53-Bird-3110.png,Edge/COD10K-CAM-3-Flying-53-Bird-3110.png
Imgs/COD10K-CAM-3-Flying-53-Bird-3111.jpg,GT/COD10K-CAM-3-Flying-53-Bird-3111.png,Edge/COD10K-CAM-3-Flying-53-Bird-3111.png
Imgs/COD10K-CAM-3-Flying-53-Bird-3113.jpg,GT/COD10K-CAM-3-Flying-53-Bird-3113.png,Edge/COD10K-CAM-3-Flying-53-Bird-3113.png
Imgs/COD10K-CAM-3-Flying-53-Bird-3114.jpg,GT/COD10K-CAM-3-Flying-53-Bird-3114.png,Edge/COD10K-CAM-3-Flying-53-Bird-3114.png
Imgs/COD10K-CAM-3-Flying-53-Bird-3115.jpg,GT/COD10K-CAM-3-Flying-53-Bird-3115.png,Edge/COD10K-CAM-3-Flying-53-Bird-3115.png
Imgs/COD10K-CAM-3-Flying-53-Bird-3116.jpg,GT/COD10K-CAM-3-Flying-53-Bird-3116.png,Edge/COD10K-CAM-3-Flying-53-Bird-3116.png
Imgs/COD10K-CAM-3-Flying-53-Bird-3117.jpg,GT/COD10K-CAM-3-Flying-53-Bird-3117.png,Edge/COD10K-CAM-3-Flying-53-Bird-3117.png
Imgs/COD10K-CAM-3-Flying-53-Bird-3118.jpg,GT/COD10K-CAM-3-Flying-53-Bird-3118.png,Edge/COD10K-CAM-3-Flying-53-Bird-3118.png
Imgs/COD10K-CAM-3-Flying-53-Bird-3120.jpg,GT/COD10K-CAM-3-Flying-53-Bird-3120.png,Edge/COD10K-CAM-3-Flying-53-Bird-3120.png
Imgs/COD10K-CAM-3-Flying-53-Bird-3122.jpg,GT/COD10K-CAM-3-Flying-53-Bird-3122.png,Edge/COD10K-CAM-3-Flying-53-Bird-3122.png
Imgs/COD10K-CAM-3-Flying-53-Bird-3124.jpg,GT/COD10K-CAM-3-Flying-53-Bird-3124.png,Edge/COD10K-CAM-3-Flying-53-Bird-3124.png
Imgs/COD10K-CAM-3-Flying-53-Bird-3126.jpg,GT/COD10K-CAM-3-Flying-53-Bird-3126.png,Edge/COD10K-CAM-3-Flying-53-Bird-3126.png
Imgs/COD10K-CAM-3-Flying-53-Bird-3127.jpg,GT/COD10K-CAM-3-Flying-53-Bird-3127.png,Edge/COD10K-CAM-3-Flying-53-Bird-3127.png
Imgs/COD10K-CAM-3-Flying-53-Bird-3129.jpg,GT/COD10K-CAM-3-Flying-53-Bird-3129.png,Edge/COD10K-CAM-3-Flying-53-Bird-3129.png
Imgs/COD10K-CAM-3-Flying-53-Bird-3130.jpg,GT/COD10K-CAM-3-Flying-53-Bird-3130.png,Edge/COD10K-CAM-3-Flying-53-Bird-3130.png
Imgs/COD10K-CAM-3-Flying-53-Bird-3131.jpg,GT/COD10K-CAM-3-Flying-53-Bird-3131.png,Edge/COD10K-CAM-3-Flying-53-Bird-3131.png
Imgs/COD10K-CAM-3-Flying-53-Bird-3134.jpg,GT/COD10K-CAM-3-Flying-53-Bird-3134.png,Edge/COD10K-CAM-3-Flying-53-Bird-3134.png
Imgs/COD10K-CAM-3-Flying-53-Bird-3135.jpg,GT/COD10K-CAM-3-Flying-53-Bird-3135.png,Edge/COD10K-CAM-3-Flying-53-Bird-3135.png
Imgs/COD10K-CAM-3-Flying-53-Bird-3136.jpg,GT/COD10K-CAM-3-Flying-53-Bird-3136.png,Edge/COD10K-CAM-3-Flying-53-Bird-3136.png
Imgs/COD10K-CAM-3-Flying-53-Bird-3137.jpg,GT/COD10K-CAM-3-Flying-53-Bird-3137.png,Edge/COD10K-CAM-3-Flying-53-Bird-3137.png
Imgs/COD10K-CAM-3-Flying-53-Bird-3138.jpg,GT/COD10K-CAM-3-Flying-53-Bird-3138.png,Edge/COD10K-CAM-3-Flying-53-Bird-3138.png
Imgs/COD10K-CAM-3-Flying-53-Bird-3139.jpg,GT/COD10K-CAM-3-Flying-53-Bird-3139.png,Edge/COD10K-CAM-3-Flying-53-Bird-3139.png
Imgs/COD10K-CAM-3-Flying-53-Bird-3140.jpg,GT/COD10K-CAM-3-Flying-53-Bird-3140.png,Edge/COD10K-CAM-3-Flying-53-Bird-3140.png
Imgs/COD10K-CAM-3-Flying-53-Bird-3143.jpg,GT/COD10K-CAM-3-Flying-53-Bird-3143.png,Edge/COD10K-CAM-3-Flying-53-Bird-3143.png
Imgs/COD10K-CAM-3-Flying-53-Bird-3144.jpg,GT/COD10K-CAM-3-Flying-53-Bird-3144.png,Edge/COD10K-CAM-3-Flying-53-Bird-3144.png
Imgs/COD10K-CAM-3-Flying-53-Bird-3146.jpg,GT/COD10K-CAM-3-Flying-53-Bird-3146.png,Edge/COD10K-CAM-3-Flying-53-Bird-3146.png
Imgs/COD10K-CAM-3-Flying-53-Bird-3147.jpg,GT/COD10K-CAM-3-Flying-53-Bird-3147.png,Edge/COD10K-CAM-3-Flying-53-Bird-3147.png
Imgs/COD10K-CAM-3-Flying-53-Bird-3148.jpg,GT/COD10K-CAM-3-Flying-53-Bird-3148.png,Edge/COD10K-CAM-3-Flying-53-Bird-3148.png
Imgs/COD10K-CAM-3-Flying-53-Bird-3149.jpg,GT/COD10K-CAM-3-Flying-53-Bird-3149.png,Edge/COD10K-CAM-3-Flying-53-Bird-3149.png
Imgs/COD10K-CAM-3-Flying-53-Bird-3152.jpg,GT/COD10K-CAM-3-Flying-53-Bird-3152.png,Edge/COD10K-CAM-3-Flying-53-Bird-3152.png
Imgs/COD10K-CAM-3-Flying-53-Bird-3153.jpg,GT/COD10K-CAM-3-Flying-53-Bird-3153.png,Edge/COD10K-CAM-3-Flying-53-Bird-3153.png
Imgs/COD10K-CAM-3-Flying-53-Bird-3154.jpg,GT/COD10K-CAM-3-Flying-53-Bird-3154.png,Edge/COD10K-CAM-3-Flying-53-Bird-3154.png
Imgs/COD10K-CAM-3-Flying-53-Bird-3156.jpg,GT/COD10K-CAM-3-Flying-53-Bird-3156.png,Edge/COD10K-CAM-3-Flying-53-Bird-3156.png
Imgs/COD10K-CAM-3-Flying-53-Bird-3160.jpg,GT/COD10K-CAM-3-Flying-53-Bird-3160.png,Edge/COD10K-CAM-3-Flying-53-Bird-3160.png
Imgs/COD10K-CAM-3-Flying-53-Bird-3161.jpg,GT/COD10K-CAM-3-Flying-53-Bird-3161.png,Edge/COD10K-CAM-3-Flying-53-Bird-3161.png
Imgs/COD10K-CAM-3-Flying-53-Bird-3163.jpg,GT/COD10K-CAM-3-Flying-53-Bird-3163.png,Edge/COD10K-CAM-3-Flying-53-Bird-3163.png
Imgs/COD10K-CAM-3-Flying-53-Bird-3164.jpg,GT/COD10K-CAM-3-Flying-53-Bird-3164.png,Edge/COD10K-CAM-3-Flying-53-Bird-3164.png
Imgs/COD10K-CAM-3-Flying-53-Bird-3165.jpg,GT/COD10K-CAM-3-Flying-53-Bird-3165.png,Edge/COD10K-CAM-3-Flying-53-Bird-3165.png
Imgs/COD10K-CAM-3-Flying-53-Bird-3166.jpg,GT/COD10K-CAM-3-Flying-53-Bird-3166.png,Edge/COD10K-CAM-3-Flying-53-Bird-3166.png
Imgs/COD10K-CAM-3-Flying-53-Bird-3168.jpg,GT/COD10K-CAM-3-Flying-53-Bird-3168.png,Edge/COD10K-CAM-3-Flying-53-Bird-3168.png
Imgs/COD10K-CAM-3-Flying-53-Bird-3169.jpg,GT/COD10K-CAM-3-Flying-53-Bird-3169.png,Edge/COD10K-CAM-3-Flying-53-Bird-3169.png
Imgs/COD10K-CAM-3-Flying-53-Bird-3172.jpg,GT/COD10K-CAM-3-Flying-53-Bird-3172.png,Edge/COD10K-CAM-3-Flying-53-Bird-3172.png
Imgs/COD10K-CAM-3-Flying-53-Bird-3173.jpg,GT/COD10K-CAM-3-Flying-53-Bird-3173.png,Edge/COD10K-CAM-3-Flying-53-Bird-3173.png
Imgs/COD10K-CAM-3-Flying-53-Bird-3174.jpg,GT/COD10K-CAM-3-Flying-53-Bird-3174.png,Edge/COD10K-CAM-3-Flying-53-Bird-3174.png
Imgs/COD10K-CAM-3-Flying-53-Bird-3177.jpg,GT/COD10K-CAM-3-Flying-53-Bird-3177.png,Edge/COD10K-CAM-3-Flying-53-Bird-3177.png
Imgs/COD10K-CAM-3-Flying-53-Bird-3178.jpg,GT/COD10K-CAM-3-Flying-53-Bird-3178.png,Edge/COD10K-CAM-3-Flying-53-Bird-3178.png
Imgs/COD10K-CAM-3-Flying-53-Bird-3179.jpg,GT/COD10K-CAM-3-Flying-53-Bird-3179.png,Edge/COD10K-CAM-3-Flying-53-Bird-3179.png
Imgs/COD10K-CAM-3-Flying-53-Bird-3181.jpg,GT/COD10K-CAM-3-Flying-53-Bird-3181.png,Edge/COD10K-CAM-3-Flying-53-Bird-3181.png
Imgs/COD10K-CAM-3-Flying-53-Bird-3182.jpg,GT/COD10K-CAM-3-Flying-53-Bird-3182.png,Edge/COD10K-CAM-3-Flying-53-Bird-3182.png
Imgs/COD10K-CAM-3-Flying-53-Bird-3183.jpg,GT/COD10K-CAM-3-Flying-53-Bird-3183.png,Edge/COD10K-CAM-3-Flying-53-Bird-3183.png
Imgs/COD10K-CAM-3-Flying-53-Bird-3186.jpg,GT/COD10K-CAM-3-Flying-53-Bird-3186.png,Edge/COD10K-CAM-3-Flying-53-Bird-3186.png
Imgs/COD10K-CAM-3-Flying-53-Bird-3187.jpg,GT/COD10K-CAM-3-Flying-53-Bird-3187.png,Edge/COD10K-CAM-3-Flying-53-Bird-3187.png
Imgs/COD10K-CAM-3-Flying-53-Bird-3188.jpg,GT/COD10K-CAM-3-Flying-53-Bird-3188.png,Edge/COD10K-CAM-3-Flying-53-Bird-3188.png
Imgs/COD10K-CAM-3-Flying-53-Bird-3190.jpg,GT/COD10K-CAM-3-Flying-53-Bird-3190.png,Edge/COD10K-CAM-3-Flying-53-Bird-3190.png
Imgs/COD10K-CAM-3-Flying-53-Bird-3191.jpg,GT/COD10K-CAM-3-Flying-53-Bird-3191.png,Edge/COD10K-CAM-3-Flying-53-Bird-3191.png
Imgs/COD10K-CAM-3-Flying-53-Bird-3192.jpg,GT/COD10K-CAM-3-Flying-53-Bird-3192.png,Edge/COD10K-CAM-3-Flying-53-Bird-3192.png
Imgs/COD10K-CAM-3-Flying-53-Bird-3193.jpg,GT/COD10K-CAM-3-Flying-53-Bird-3193.png,Edge/COD10K-CAM-3-Flying-53-Bird-3193.png
Imgs/COD10K-CAM-3-Flying-53-Bird-3194.jpg,GT/COD10K-CAM-3-Flying-53-Bird-3194.png,Edge/COD10K-CAM-3-Flying-53-Bird-3194.png
Imgs/COD10K-CAM-3-Flying-53-Bird-3195.jpg,GT/COD10K-CAM-3-Flying-53-Bird-3195.png,Edge/COD10K-CAM-3-Flying-53-Bird-3195.png
Imgs/COD10K-CAM-3-Flying-53-Bird-3199.jpg,GT/COD10K-CAM-3-Flying-53-Bird-3199.png,Edge/COD10K-CAM-3-Flying-53-Bird-3199.png
Imgs/COD10K-CAM-3-Flying-53-Bird-3202.jpg,GT/COD10K-CAM-3-Flying-53-Bird-3202.png,Edge/COD10K-CAM-3-Flying-53-Bird-3202.png
Imgs/COD10K-CAM-3-Flying-53-Bird-3204.jpg,GT/COD10K-CAM-3-Flying-53-Bird-3204.png,Edge/COD10K-CAM-3-Flying-53-Bird-3204.png
Imgs/COD10K-CAM-3-Flying-53-Bird-3205.jpg,GT/COD10K-CAM-3-Flying-53-Bird-3205.png,Edge/COD10K-CAM-3-Flying-53-Bird-3205.png
Imgs/COD10K-CAM-3-Flying-53-Bird-3206.jpg,GT/COD10K-CAM-3-Flying-53-Bird-3206.png,Edge/COD10K-CAM-3-Flying-53-Bird-3206.png
Imgs/COD10K-CAM-3-Flying-53-Bird-3208.jpg,GT/COD10K-CAM-3-Flying-53-Bird-3208.png,Edge/COD10K-CAM-3-Flying-53-Bird-3208.png
Imgs/COD10K-CAM-3-Flying-53-Bird-3209.jpg,GT/COD10K-CAM-3-Flying-53-Bird-3209.png,Edge/COD10K-CAM-3-Flying-53-Bird-3209.png
Imgs/COD10K-CAM-3-Flying-53-Bird-3210.jpg,GT/COD10K-CAM-3-Flying-53-Bird-3210.png,Edge/COD10K-CAM-3-Flying-53-Bird-3210.png
Imgs/COD10K-CAM-3-Flying-53-Bird-3212.jpg,GT/COD10K-CAM-3-Flying-53-Bird-3212.png,Edge/COD10K-CAM-3-Flying-53-Bird-3212.png
Imgs/COD10K-CAM-3-Flying-53-Bird-3216.jpg,GT/COD10K-CAM-3-Flying-53-Bird-3216.png,Edge/COD10K-CAM-3-Flying-53-Bird-3216.png
Imgs/COD10K-CAM-3-Flying-53-Bird-3217.jpg,GT/COD10K-CAM-3-Flying-53-Bird-3217.png,Edge/COD10K-CAM-3-Flying-53-Bird-3217.png
Imgs/COD10K-CAM-3-Flying-53-Bird-3219.jpg,GT/COD10K-CAM-3-Flying-53-Bird-3219.png,Edge/COD10K-CAM-3-Flying-53-Bird-3219.png
Imgs/COD10K-CAM-3-Flying-53-Bird-3220.jpg,GT/COD10K-CAM-3-Flying-53-Bird-3220.png,Edge/COD10K-CAM-3-Flying-53-Bird-3220.png
Imgs/COD10K-CAM-3-Flying-53-Bird-3222.jpg,GT/COD10K-CAM-3-Flying-53-Bird-3222.png,Edge/COD10K-CAM-3-Flying-53-Bird-3222.png
Imgs/COD10K-CAM-3-Flying-53-Bird-3224.jpg,GT/COD10K-CAM-3-Flying-53-Bird-3224.png,Edge/COD10K-CAM-3-Flying-53-Bird-3224.png
Imgs/COD10K-CAM-3-Flying-53-Bird-3225.jpg,GT/COD10K-CAM-3-Flying-53-Bird-3225.png,Edge/COD10K-CAM-3-Flying-53-Bird-3225.png
Imgs/COD10K-CAM-3-Flying-53-Bird-3228.jpg,GT/COD10K-CAM-3-Flying-53-Bird-3228.png,Edge/COD10K-CAM-3-Flying-53-Bird-3228.png
Imgs/COD10K-CAM-3-Flying-53-Bird-3229.jpg,GT/COD10K-CAM-3-Flying-53-Bird-3229.png,Edge/COD10K-CAM-3-Flying-53-Bird-3229.png
Imgs/COD10K-CAM-3-Flying-53-Bird-3230.jpg,GT/COD10K-CAM-3-Flying-53-Bird-3230.png,Edge/COD10K-CAM-3-Flying-53-Bird-3230.png
Imgs/COD10K-CAM-3-Flying-53-Bird-3233.jpg,GT/COD10K-CAM-3-Flying-53-Bird-3233.png,Edge/COD10K-CAM-3-Flying-53-Bird-3233.png
Imgs/COD10K-CAM-3-Flying-53-Bird-3238.jpg,GT/COD10K-CAM-3-Flying-53-Bird-3238.png,Edge/COD10K-CAM-3-Flying-53-Bird-3238.png
Imgs/COD10K-CAM-3-Flying-53-Bird-3242.jpg,GT/COD10K-CAM-3-Flying-53-Bird-3242.png,Edge/COD10K-CAM-3-Flying-53-Bird-3242.png
Imgs/COD10K-CAM-3-Flying-53-Bird-3243.jpg,GT/COD10K-CAM-3-Flying-53-Bird-3243.png,Edge/COD10K-CAM-3-Flying-53-Bird-3243.png
Imgs/COD10K-CAM-3-Flying-53-Bird-3244.jpg,GT/COD10K-CAM-3-Flying-53-Bird-3244.png,Edge/COD10K-CAM-3-Flying-53-Bird-3244.png
Imgs/COD10K-CAM-3-Flying-53-Bird-3247.jpg,GT/COD10K-CAM-3-Flying-53-Bird-3247.png,Edge/COD10K-CAM-3-Flying-53-Bird-3247.png
Imgs/COD10K-CAM-3-Flying-53-Bird-3248.jpg,GT/COD10K-CAM-3-Flying-53-Bird-3248.png,Edge/COD10K-CAM-3-Flying-53-Bird-3248.png
Imgs/COD10K-CAM-3-Flying-53-Bird-3249.jpg,GT/COD10K-CAM-3-Flying-53-Bird-3249.png,Edge/COD10K-CAM-3-Flying-53-Bird-3249.png
Imgs/COD10K-CAM-3-Flying-53-Bird-3250.jpg,GT/COD10K-CAM-3-Flying-53-Bird-3250.png,Edge/COD10K-CAM-3-Flying-53-Bird-3250.png
Imgs/COD10K-CAM-3-Flying-54-Bittern-3251.jpg,GT/COD10K-CAM-3-Flying-54-Bittern-3251.png,Edge/COD10K-CAM-3-Flying-54-Bittern-3251.png
Imgs/COD10K-CAM-3-Flying-54-Bittern-3253.jpg,GT/COD10K-CAM-3-Flying-54-Bittern-3253.png,Edge/COD10K-CAM-3-Flying-54-Bittern-3253.png
Imgs/COD10K-CAM-3-Flying-54-Bittern-3256.jpg,GT/COD10K-CAM-3-Flying-54-Bittern-3256.png,Edge/COD10K-CAM-3-Flying-54-Bittern-3256.png
Imgs/COD10K-CAM-3-Flying-54-Bittern-3257.jpg,GT/COD10K-CAM-3-Flying-54-Bittern-3257.png,Edge/COD10K-CAM-3-Flying-54-Bittern-3257.png
Imgs/COD10K-CAM-3-Flying-54-Bittern-3258.jpg,GT/COD10K-CAM-3-Flying-54-Bittern-3258.png,Edge/COD10K-CAM-3-Flying-54-Bittern-3258.png
Imgs/COD10K-CAM-3-Flying-54-Bittern-3259.jpg,GT/COD10K-CAM-3-Flying-54-Bittern-3259.png,Edge/COD10K-CAM-3-Flying-54-Bittern-3259.png
Imgs/COD10K-CAM-3-Flying-54-Bittern-3261.jpg,GT/COD10K-CAM-3-Flying-54-Bittern-3261.png,Edge/COD10K-CAM-3-Flying-54-Bittern-3261.png
Imgs/COD10K-CAM-3-Flying-54-Bittern-3262.jpg,GT/COD10K-CAM-3-Flying-54-Bittern-3262.png,Edge/COD10K-CAM-3-Flying-54-Bittern-3262.png
Imgs/COD10K-CAM-3-Flying-54-Bittern-3263.jpg,GT/COD10K-CAM-3-Flying-54-Bittern-3263.png,Edge/COD10K-CAM-3-Flying-54-Bittern-3263.png
Imgs/COD10K-CAM-3-Flying-54-Bittern-3264.jpg,GT/COD10K-CAM-3-Flying-54-Bittern-3264.png,Edge/COD10K-CAM-3-Flying-54-Bittern-3264.png
Imgs/COD10K-CAM-3-Flying-54-Bittern-3265.jpg,GT/COD10K-CAM-3-Flying-54-Bittern-3265.png,Edge/COD10K-CAM-3-Flying-54-Bittern-3265.png
Imgs/COD10K-CAM-3-Flying-54-Bittern-3267.jpg,GT/COD10K-CAM-3-Flying-54-Bittern-3267.png,Edge/COD10K-CAM-3-Flying-54-Bittern-3267.png
Imgs/COD10K-CAM-3-Flying-54-Bittern-3269.jpg,GT/COD10K-CAM-3-Flying-54-Bittern-3269.png,Edge/COD10K-CAM-3-Flying-54-Bittern-3269.png
Imgs/COD10K-CAM-3-Flying-54-Bittern-3270.jpg,GT/COD10K-CAM-3-Flying-54-Bittern-3270.png,Edge/COD10K-CAM-3-Flying-54-Bittern-3270.png
Imgs/COD10K-CAM-3-Flying-54-Bittern-3272.jpg,GT/COD10K-CAM-3-Flying-54-Bittern-3272.png,Edge/COD10K-CAM-3-Flying-54-Bittern-3272.png
Imgs/COD10K-CAM-3-Flying-54-Bittern-3273.jpg,GT/COD10K-CAM-3-Flying-54-Bittern-3273.png,Edge/COD10K-CAM-3-Flying-54-Bittern-3273.png
Imgs/COD10K-CAM-3-Flying-54-Bittern-3274.jpg,GT/COD10K-CAM-3-Flying-54-Bittern-3274.png,Edge/COD10K-CAM-3-Flying-54-Bittern-3274.png
Imgs/COD10K-CAM-3-Flying-54-Bittern-3275.jpg,GT/COD10K-CAM-3-Flying-54-Bittern-3275.png,Edge/COD10K-CAM-3-Flying-54-Bittern-3275.png
Imgs/COD10K-CAM-3-Flying-54-Bittern-3276.jpg,GT/COD10K-CAM-3-Flying-54-Bittern-3276.png,Edge/COD10K-CAM-3-Flying-54-Bittern-3276.png
Imgs/COD10K-CAM-3-Flying-54-Bittern-3278.jpg,GT/COD10K-CAM-3-Flying-54-Bittern-3278.png,Edge/COD10K-CAM-3-Flying-54-Bittern-3278.png
Imgs/COD10K-CAM-3-Flying-54-Bittern-3279.jpg,GT/COD10K-CAM-3-Flying-54-Bittern-3279.png,Edge/COD10K-CAM-3-Flying-54-Bittern-3279.png
Imgs/COD10K-CAM-3-Flying-54-Bittern-3280.jpg,GT/COD10K-CAM-3-Flying-54-Bittern-3280.png,Edge/COD10K-CAM-3-Flying-54-Bittern-3280.png
Imgs/COD10K-CAM-3-Flying-54-Bittern-3281.jpg,GT/COD10K-CAM-3-Flying-54-Bittern-3281.png,Edge/COD10K-CAM-3-Flying-54-Bittern-3281.png
Imgs/COD10K-CAM-3-Flying-54-Bittern-3282.jpg,GT/COD10K-CAM-3-Flying-54-Bittern-3282.png,Edge/COD10K-CAM-3-Flying-54-Bittern-3282.png
Imgs/COD10K-CAM-3-Flying-54-Bittern-3285.jpg,GT/COD10K-CAM-3-Flying-54-Bittern-3285.png,Edge/COD10K-CAM-3-Flying-54-Bittern-3285.png
Imgs/COD10K-CAM-3-Flying-54-Bittern-3286.jpg,GT/COD10K-CAM-3-Flying-54-Bittern-3286.png,Edge/COD10K-CAM-3-Flying-54-Bittern-3286.png
Imgs/COD10K-CAM-3-Flying-54-Bittern-3287.jpg,GT/COD10K-CAM-3-Flying-54-Bittern-3287.png,Edge/COD10K-CAM-3-Flying-54-Bittern-3287.png
Imgs/COD10K-CAM-3-Flying-54-Bittern-3290.jpg,GT/COD10K-CAM-3-Flying-54-Bittern-3290.png,Edge/COD10K-CAM-3-Flying-54-Bittern-3290.png
Imgs/COD10K-CAM-3-Flying-55-Butterfly-3291.jpg,GT/COD10K-CAM-3-Flying-55-Butterfly-3291.png,Edge/COD10K-CAM-3-Flying-55-Butterfly-3291.png
Imgs/COD10K-CAM-3-Flying-55-Butterfly-3292.jpg,GT/COD10K-CAM-3-Flying-55-Butterfly-3292.png,Edge/COD10K-CAM-3-Flying-55-Butterfly-3292.png
Imgs/COD10K-CAM-3-Flying-55-Butterfly-3293.jpg,GT/COD10K-CAM-3-Flying-55-Butterfly-3293.png,Edge/COD10K-CAM-3-Flying-55-Butterfly-3293.png
Imgs/COD10K-CAM-3-Flying-55-Butterfly-3294.jpg,GT/COD10K-CAM-3-Flying-55-Butterfly-3294.png,Edge/COD10K-CAM-3-Flying-55-Butterfly-3294.png
Imgs/COD10K-CAM-3-Flying-55-Butterfly-3296.jpg,GT/COD10K-CAM-3-Flying-55-Butterfly-3296.png,Edge/COD10K-CAM-3-Flying-55-Butterfly-3296.png
Imgs/COD10K-CAM-3-Flying-55-Butterfly-3297.jpg,GT/COD10K-CAM-3-Flying-55-Butterfly-3297.png,Edge/COD10K-CAM-3-Flying-55-Butterfly-3297.png
Imgs/COD10K-CAM-3-Flying-55-Butterfly-3298.jpg,GT/COD10K-CAM-3-Flying-55-Butterfly-3298.png,Edge/COD10K-CAM-3-Flying-55-Butterfly-3298.png
Imgs/COD10K-CAM-3-Flying-55-Butterfly-3299.jpg,GT/COD10K-CAM-3-Flying-55-Butterfly-3299.png,Edge/COD10K-CAM-3-Flying-55-Butterfly-3299.png
Imgs/COD10K-CAM-3-Flying-55-Butterfly-3300.jpg,GT/COD10K-CAM-3-Flying-55-Butterfly-3300.png,Edge/COD10K-CAM-3-Flying-55-Butterfly-3300.png
Imgs/COD10K-CAM-3-Flying-55-Butterfly-3301.jpg,GT/COD10K-CAM-3-Flying-55-Butterfly-3301.png,Edge/COD10K-CAM-3-Flying-55-Butterfly-3301.png
Imgs/COD10K-CAM-3-Flying-55-Butterfly-3302.jpg,GT/COD10K-CAM-3-Flying-55-Butterfly-3302.png,Edge/COD10K-CAM-3-Flying-55-Butterfly-3302.png
Imgs/COD10K-CAM-3-Flying-55-Butterfly-3305.jpg,GT/COD10K-CAM-3-Flying-55-Butterfly-3305.png,Edge/COD10K-CAM-3-Flying-55-Butterfly-3305.png
Imgs/COD10K-CAM-3-Flying-55-Butterfly-3307.jpg,GT/COD10K-CAM-3-Flying-55-Butterfly-3307.png,Edge/COD10K-CAM-3-Flying-55-Butterfly-3307.png
Imgs/COD10K-CAM-3-Flying-55-Butterfly-3308.jpg,GT/COD10K-CAM-3-Flying-55-Butterfly-3308.png,Edge/COD10K-CAM-3-Flying-55-Butterfly-3308.png
Imgs/COD10K-CAM-3-Flying-55-Butterfly-3309.jpg,GT/COD10K-CAM-3-Flying-55-Butterfly-3309.png,Edge/COD10K-CAM-3-Flying-55-Butterfly-3309.png
Imgs/COD10K-CAM-3-Flying-55-Butterfly-3310.jpg,GT/COD10K-CAM-3-Flying-55-Butterfly-3310.png,Edge/COD10K-CAM-3-Flying-55-Butterfly-3310.png
Imgs/COD10K-CAM-3-Flying-55-Butterfly-3311.jpg,GT/COD10K-CAM-3-Flying-55-Butterfly-3311.png,Edge/COD10K-CAM-3-Flying-55-Butterfly-3311.png
Imgs/COD10K-CAM-3-Flying-55-Butterfly-3313.jpg,GT/COD10K-CAM-3-Flying-55-Butterfly-3313.png,Edge/COD10K-CAM-3-Flying-55-Butterfly-3313.png
Imgs/COD10K-CAM-3-Flying-55-Butterfly-3314.jpg,GT/COD10K-CAM-3-Flying-55-Butterfly-3314.png,Edge/COD10K-CAM-3-Flying-55-Butterfly-3314.png
Imgs/COD10K-CAM-3-Flying-55-Butterfly-3316.jpg,GT/COD10K-CAM-3-Flying-55-Butterfly-3316.png,Edge/COD10K-CAM-3-Flying-55-Butterfly-3316.png
Imgs/COD10K-CAM-3-Flying-55-Butterfly-3317.jpg,GT/COD10K-CAM-3-Flying-55-Butterfly-3317.png,Edge/COD10K-CAM-3-Flying-55-Butterfly-3317.png
Imgs/COD10K-CAM-3-Flying-55-Butterfly-3321.jpg,GT/COD10K-CAM-3-Flying-55-Butterfly-3321.png,Edge/COD10K-CAM-3-Flying-55-Butterfly-3321.png
Imgs/COD10K-CAM-3-Flying-55-Butterfly-3323.jpg,GT/COD10K-CAM-3-Flying-55-Butterfly-3323.png,Edge/COD10K-CAM-3-Flying-55-Butterfly-3323.png
Imgs/COD10K-CAM-3-Flying-55-Butterfly-3326.jpg,GT/COD10K-CAM-3-Flying-55-Butterfly-3326.png,Edge/COD10K-CAM-3-Flying-55-Butterfly-3326.png
Imgs/COD10K-CAM-3-Flying-55-Butterfly-3327.jpg,GT/COD10K-CAM-3-Flying-55-Butterfly-3327.png,Edge/COD10K-CAM-3-Flying-55-Butterfly-3327.png
Imgs/COD10K-CAM-3-Flying-55-Butterfly-3329.jpg,GT/COD10K-CAM-3-Flying-55-Butterfly-3329.png,Edge/COD10K-CAM-3-Flying-55-Butterfly-3329.png
Imgs/COD10K-CAM-3-Flying-55-Butterfly-3330.jpg,GT/COD10K-CAM-3-Flying-55-Butterfly-3330.png,Edge/COD10K-CAM-3-Flying-55-Butterfly-3330.png
Imgs/COD10K-CAM-3-Flying-55-Butterfly-3331.jpg,GT/COD10K-CAM-3-Flying-55-Butterfly-3331.png,Edge/COD10K-CAM-3-Flying-55-Butterfly-3331.png
Imgs/COD10K-CAM-3-Flying-55-Butterfly-3332.jpg,GT/COD10K-CAM-3-Flying-55-Butterfly-3332.png,Edge/COD10K-CAM-3-Flying-55-Butterfly-3332.png
Imgs/COD10K-CAM-3-Flying-55-Butterfly-3333.jpg,GT/COD10K-CAM-3-Flying-55-Butterfly-3333.png,Edge/COD10K-CAM-3-Flying-55-Butterfly-3333.png
Imgs/COD10K-CAM-3-Flying-55-Butterfly-3334.jpg,GT/COD10K-CAM-3-Flying-55-Butterfly-3334.png,Edge/COD10K-CAM-3-Flying-55-Butterfly-3334.png
Imgs/COD10K-CAM-3-Flying-55-Butterfly-3336.jpg,GT/COD10K-CAM-3-Flying-55-Butterfly-3336.png,Edge/COD10K-CAM-3-Flying-55-Butterfly-3336.png
Imgs/COD10K-CAM-3-Flying-55-Butterfly-3337.jpg,GT/COD10K-CAM-3-Flying-55-Butterfly-3337.png,Edge/COD10K-CAM-3-Flying-55-Butterfly-3337.png
Imgs/COD10K-CAM-3-Flying-55-Butterfly-3338.jpg,GT/COD10K-CAM-3-Flying-55-Butterfly-3338.png,Edge/COD10K-CAM-3-Flying-55-Butterfly-3338.png
Imgs/COD10K-CAM-3-Flying-55-Butterfly-3340.jpg,GT/COD10K-CAM-3-Flying-55-Butterfly-3340.png,Edge/COD10K-CAM-3-Flying-55-Butterfly-3340.png
Imgs/COD10K-CAM-3-Flying-55-Butterfly-3343.jpg,GT/COD10K-CAM-3-Flying-55-Butterfly-3343.png,Edge/COD10K-CAM-3-Flying-55-Butterfly-3343.png
Imgs/COD10K-CAM-3-Flying-55-Butterfly-3344.jpg,GT/COD10K-CAM-3-Flying-55-Butterfly-3344.png,Edge/COD10K-CAM-3-Flying-55-Butterfly-3344.png
Imgs/COD10K-CAM-3-Flying-55-Butterfly-3345.jpg,GT/COD10K-CAM-3-Flying-55-Butterfly-3345.png,Edge/COD10K-CAM-3-Flying-55-Butterfly-3345.png
Imgs/COD10K-CAM-3-Flying-55-Butterfly-3346.jpg,GT/COD10K-CAM-3-Flying-55-Butterfly-3346.png,Edge/COD10K-CAM-3-Flying-55-Butterfly-3346.png
Imgs/COD10K-CAM-3-Flying-55-Butterfly-3347.jpg,GT/COD10K-CAM-3-Flying-55-Butterfly-3347.png,Edge/COD10K-CAM-3-Flying-55-Butterfly-3347.png
Imgs/COD10K-CAM-3-Flying-55-Butterfly-3348.jpg,GT/COD10K-CAM-3-Flying-55-Butterfly-3348.png,Edge/COD10K-CAM-3-Flying-55-Butterfly-3348.png
Imgs/COD10K-CAM-3-Flying-55-Butterfly-3349.jpg,GT/COD10K-CAM-3-Flying-55-Butterfly-3349.png,Edge/COD10K-CAM-3-Flying-55-Butterfly-3349.png
Imgs/COD10K-CAM-3-Flying-55-Butterfly-3352.jpg,GT/COD10K-CAM-3-Flying-55-Butterfly-3352.png,Edge/COD10K-CAM-3-Flying-55-Butterfly-3352.png
Imgs/COD10K-CAM-3-Flying-55-Butterfly-3353.jpg,GT/COD10K-CAM-3-Flying-55-Butterfly-3353.png,Edge/COD10K-CAM-3-Flying-55-Butterfly-3353.png
Imgs/COD10K-CAM-3-Flying-55-Butterfly-3355.jpg,GT/COD10K-CAM-3-Flying-55-Butterfly-3355.png,Edge/COD10K-CAM-3-Flying-55-Butterfly-3355.png
Imgs/COD10K-CAM-3-Flying-55-Butterfly-3357.jpg,GT/COD10K-CAM-3-Flying-55-Butterfly-3357.png,Edge/COD10K-CAM-3-Flying-55-Butterfly-3357.png
Imgs/COD10K-CAM-3-Flying-55-Butterfly-3358.jpg,GT/COD10K-CAM-3-Flying-55-Butterfly-3358.png,Edge/COD10K-CAM-3-Flying-55-Butterfly-3358.png
Imgs/COD10K-CAM-3-Flying-55-Butterfly-3362.jpg,GT/COD10K-CAM-3-Flying-55-Butterfly-3362.png,Edge/COD10K-CAM-3-Flying-55-Butterfly-3362.png
Imgs/COD10K-CAM-3-Flying-55-Butterfly-3363.jpg,GT/COD10K-CAM-3-Flying-55-Butterfly-3363.png,Edge/COD10K-CAM-3-Flying-55-Butterfly-3363.png
Imgs/COD10K-CAM-3-Flying-55-Butterfly-3364.jpg,GT/COD10K-CAM-3-Flying-55-Butterfly-3364.png,Edge/COD10K-CAM-3-Flying-55-Butterfly-3364.png
Imgs/COD10K-CAM-3-Flying-55-Butterfly-3365.jpg,GT/COD10K-CAM-3-Flying-55-Butterfly-3365.png,Edge/COD10K-CAM-3-Flying-55-Butterfly-3365.png
Imgs/COD10K-CAM-3-Flying-55-Butterfly-3366.jpg,GT/COD10K-CAM-3-Flying-55-Butterfly-3366.png,Edge/COD10K-CAM-3-Flying-55-Butterfly-3366.png
Imgs/COD10K-CAM-3-Flying-55-Butterfly-3367.jpg,GT/COD10K-CAM-3-Flying-55-Butterfly-3367.png,Edge/COD10K-CAM-3-Flying-55-Butterfly-3367.png
Imgs/COD10K-CAM-3-Flying-55-Butterfly-3368.jpg,GT/COD10K-CAM-3-Flying-55-Butterfly-3368.png,Edge/COD10K-CAM-3-Flying-55-Butterfly-3368.png
Imgs/COD10K-CAM-3-Flying-55-Butterfly-3371.jpg,GT/COD10K-CAM-3-Flying-55-Butterfly-3371.png,Edge/COD10K-CAM-3-Flying-55-Butterfly-3371.png
Imgs/COD10K-CAM-3-Flying-55-Butterfly-3372.jpg,GT/COD10K-CAM-3-Flying-55-Butterfly-3372.png,Edge/COD10K-CAM-3-Flying-55-Butterfly-3372.png
Imgs/COD10K-CAM-3-Flying-55-Butterfly-3373.jpg,GT/COD10K-CAM-3-Flying-55-Butterfly-3373.png,Edge/COD10K-CAM-3-Flying-55-Butterfly-3373.png
Imgs/COD10K-CAM-3-Flying-55-Butterfly-3380.jpg,GT/COD10K-CAM-3-Flying-55-Butterfly-3380.png,Edge/COD10K-CAM-3-Flying-55-Butterfly-3380.png
Imgs/COD10K-CAM-3-Flying-55-Butterfly-3381.jpg,GT/COD10K-CAM-3-Flying-55-Butterfly-3381.png,Edge/COD10K-CAM-3-Flying-55-Butterfly-3381.png
Imgs/COD10K-CAM-3-Flying-55-Butterfly-3384.jpg,GT/COD10K-CAM-3-Flying-55-Butterfly-3384.png,Edge/COD10K-CAM-3-Flying-55-Butterfly-3384.png
Imgs/COD10K-CAM-3-Flying-55-Butterfly-3385.jpg,GT/COD10K-CAM-3-Flying-55-Butterfly-3385.png,Edge/COD10K-CAM-3-Flying-55-Butterfly-3385.png
Imgs/COD10K-CAM-3-Flying-55-Butterfly-3387.jpg,GT/COD10K-CAM-3-Flying-55-Butterfly-3387.png,Edge/COD10K-CAM-3-Flying-55-Butterfly-3387.png
Imgs/COD10K-CAM-3-Flying-55-Butterfly-3388.jpg,GT/COD10K-CAM-3-Flying-55-Butterfly-3388.png,Edge/COD10K-CAM-3-Flying-55-Butterfly-3388.png
Imgs/COD10K-CAM-3-Flying-55-Butterfly-3391.jpg,GT/COD10K-CAM-3-Flying-55-Butterfly-3391.png,Edge/COD10K-CAM-3-Flying-55-Butterfly-3391.png
Imgs/COD10K-CAM-3-Flying-55-Butterfly-3392.jpg,GT/COD10K-CAM-3-Flying-55-Butterfly-3392.png,Edge/COD10K-CAM-3-Flying-55-Butterfly-3392.png
Imgs/COD10K-CAM-3-Flying-55-Butterfly-3394.jpg,GT/COD10K-CAM-3-Flying-55-Butterfly-3394.png,Edge/COD10K-CAM-3-Flying-55-Butterfly-3394.png
Imgs/COD10K-CAM-3-Flying-55-Butterfly-3395.jpg,GT/COD10K-CAM-3-Flying-55-Butterfly-3395.png,Edge/COD10K-CAM-3-Flying-55-Butterfly-3395.png
Imgs/COD10K-CAM-3-Flying-55-Butterfly-3396.jpg,GT/COD10K-CAM-3-Flying-55-Butterfly-3396.png,Edge/COD10K-CAM-3-Flying-55-Butterfly-3396.png
Imgs/COD10K-CAM-3-Flying-55-Butterfly-3397.jpg,GT/COD10K-CAM-3-Flying-55-Butterfly-3397.png,Edge/COD10K-CAM-3-Flying-55-Butterfly-3397.png
Imgs/COD10K-CAM-3-Flying-55-Butterfly-3399.jpg,GT/COD10K-CAM-3-Flying-55-Butterfly-3399.png,Edge/COD10K-CAM-3-Flying-55-Butterfly-3399.png
Imgs/COD10K-CAM-3-Flying-55-Butterfly-3400.jpg,GT/COD10K-CAM-3-Flying-55-Butterfly-3400.png,Edge/COD10K-CAM-3-Flying-55-Butterfly-3400.png
Imgs/COD10K-CAM-3-Flying-55-Butterfly-3402.jpg,GT/COD10K-CAM-3-Flying-55-Butterfly-3402.png,Edge/COD10K-CAM-3-Flying-55-Butterfly-3402.png
Imgs/COD10K-CAM-3-Flying-55-Butterfly-3404.jpg,GT/COD10K-CAM-3-Flying-55-Butterfly-3404.png,Edge/COD10K-CAM-3-Flying-55-Butterfly-3404.png
Imgs/COD10K-CAM-3-Flying-55-Butterfly-3405.jpg,GT/COD10K-CAM-3-Flying-55-Butterfly-3405.png,Edge/COD10K-CAM-3-Flying-55-Butterfly-3405.png
Imgs/COD10K-CAM-3-Flying-55-Butterfly-3407.jpg,GT/COD10K-CAM-3-Flying-55-Butterfly-3407.png,Edge/COD10K-CAM-3-Flying-55-Butterfly-3407.png
Imgs/COD10K-CAM-3-Flying-55-Butterfly-3410.jpg,GT/COD10K-CAM-3-Flying-55-Butterfly-3410.png,Edge/COD10K-CAM-3-Flying-55-Butterfly-3410.png
Imgs/COD10K-CAM-3-Flying-55-Butterfly-3411.jpg,GT/COD10K-CAM-3-Flying-55-Butterfly-3411.png,Edge/COD10K-CAM-3-Flying-55-Butterfly-3411.png
Imgs/COD10K-CAM-3-Flying-55-Butterfly-3413.jpg,GT/COD10K-CAM-3-Flying-55-Butterfly-3413.png,Edge/COD10K-CAM-3-Flying-55-Butterfly-3413.png
Imgs/COD10K-CAM-3-Flying-55-Butterfly-3414.jpg,GT/COD10K-CAM-3-Flying-55-Butterfly-3414.png,Edge/COD10K-CAM-3-Flying-55-Butterfly-3414.png
Imgs/COD10K-CAM-3-Flying-55-Butterfly-3415.jpg,GT/COD10K-CAM-3-Flying-55-Butterfly-3415.png,Edge/COD10K-CAM-3-Flying-55-Butterfly-3415.png
Imgs/COD10K-CAM-3-Flying-55-Butterfly-3416.jpg,GT/COD10K-CAM-3-Flying-55-Butterfly-3416.png,Edge/COD10K-CAM-3-Flying-55-Butterfly-3416.png
Imgs/COD10K-CAM-3-Flying-55-Butterfly-3417.jpg,GT/COD10K-CAM-3-Flying-55-Butterfly-3417.png,Edge/COD10K-CAM-3-Flying-55-Butterfly-3417.png
Imgs/COD10K-CAM-3-Flying-55-Butterfly-3419.jpg,GT/COD10K-CAM-3-Flying-55-Butterfly-3419.png,Edge/COD10K-CAM-3-Flying-55-Butterfly-3419.png
Imgs/COD10K-CAM-3-Flying-55-Butterfly-3420.jpg,GT/COD10K-CAM-3-Flying-55-Butterfly-3420.png,Edge/COD10K-CAM-3-Flying-55-Butterfly-3420.png
Imgs/COD10K-CAM-3-Flying-55-Butterfly-3421.jpg,GT/COD10K-CAM-3-Flying-55-Butterfly-3421.png,Edge/COD10K-CAM-3-Flying-55-Butterfly-3421.png
Imgs/COD10K-CAM-3-Flying-55-Butterfly-3422.jpg,GT/COD10K-CAM-3-Flying-55-Butterfly-3422.png,Edge/COD10K-CAM-3-Flying-55-Butterfly-3422.png
Imgs/COD10K-CAM-3-Flying-55-Butterfly-3424.jpg,GT/COD10K-CAM-3-Flying-55-Butterfly-3424.png,Edge/COD10K-CAM-3-Flying-55-Butterfly-3424.png
Imgs/COD10K-CAM-3-Flying-55-Butterfly-3425.jpg,GT/COD10K-CAM-3-Flying-55-Butterfly-3425.png,Edge/COD10K-CAM-3-Flying-55-Butterfly-3425.png
Imgs/COD10K-CAM-3-Flying-55-Butterfly-3427.jpg,GT/COD10K-CAM-3-Flying-55-Butterfly-3427.png,Edge/COD10K-CAM-3-Flying-55-Butterfly-3427.png
Imgs/COD10K-CAM-3-Flying-55-Butterfly-3430.jpg,GT/COD10K-CAM-3-Flying-55-Butterfly-3430.png,Edge/COD10K-CAM-3-Flying-55-Butterfly-3430.png
Imgs/COD10K-CAM-3-Flying-55-Butterfly-3431.jpg,GT/COD10K-CAM-3-Flying-55-Butterfly-3431.png,Edge/COD10K-CAM-3-Flying-55-Butterfly-3431.png
Imgs/COD10K-CAM-3-Flying-55-Butterfly-3432.jpg,GT/COD10K-CAM-3-Flying-55-Butterfly-3432.png,Edge/COD10K-CAM-3-Flying-55-Butterfly-3432.png
Imgs/COD10K-CAM-3-Flying-55-Butterfly-3433.jpg,GT/COD10K-CAM-3-Flying-55-Butterfly-3433.png,Edge/COD10K-CAM-3-Flying-55-Butterfly-3433.png
Imgs/COD10K-CAM-3-Flying-55-Butterfly-3437.jpg,GT/COD10K-CAM-3-Flying-55-Butterfly-3437.png,Edge/COD10K-CAM-3-Flying-55-Butterfly-3437.png
Imgs/COD10K-CAM-3-Flying-55-Butterfly-3438.jpg,GT/COD10K-CAM-3-Flying-55-Butterfly-3438.png,Edge/COD10K-CAM-3-Flying-55-Butterfly-3438.png
Imgs/COD10K-CAM-3-Flying-56-Cicada-3442.jpg,GT/COD10K-CAM-3-Flying-56-Cicada-3442.png,Edge/COD10K-CAM-3-Flying-56-Cicada-3442.png
Imgs/COD10K-CAM-3-Flying-56-Cicada-3445.jpg,GT/COD10K-CAM-3-Flying-56-Cicada-3445.png,Edge/COD10K-CAM-3-Flying-56-Cicada-3445.png
Imgs/COD10K-CAM-3-Flying-56-Cicada-3446.jpg,GT/COD10K-CAM-3-Flying-56-Cicada-3446.png,Edge/COD10K-CAM-3-Flying-56-Cicada-3446.png
Imgs/COD10K-CAM-3-Flying-56-Cicada-3448.jpg,GT/COD10K-CAM-3-Flying-56-Cicada-3448.png,Edge/COD10K-CAM-3-Flying-56-Cicada-3448.png
Imgs/COD10K-CAM-3-Flying-56-Cicada-3449.jpg,GT/COD10K-CAM-3-Flying-56-Cicada-3449.png,Edge/COD10K-CAM-3-Flying-56-Cicada-3449.png
Imgs/COD10K-CAM-3-Flying-56-Cicada-3450.jpg,GT/COD10K-CAM-3-Flying-56-Cicada-3450.png,Edge/COD10K-CAM-3-Flying-56-Cicada-3450.png
Imgs/COD10K-CAM-3-Flying-56-Cicada-3451.jpg,GT/COD10K-CAM-3-Flying-56-Cicada-3451.png,Edge/COD10K-CAM-3-Flying-56-Cicada-3451.png
Imgs/COD10K-CAM-3-Flying-56-Cicada-3452.jpg,GT/COD10K-CAM-3-Flying-56-Cicada-3452.png,Edge/COD10K-CAM-3-Flying-56-Cicada-3452.png
Imgs/COD10K-CAM-3-Flying-56-Cicada-3454.jpg,GT/COD10K-CAM-3-Flying-56-Cicada-3454.png,Edge/COD10K-CAM-3-Flying-56-Cicada-3454.png
Imgs/COD10K-CAM-3-Flying-56-Cicada-3455.jpg,GT/COD10K-CAM-3-Flying-56-Cicada-3455.png,Edge/COD10K-CAM-3-Flying-56-Cicada-3455.png
Imgs/COD10K-CAM-3-Flying-56-Cicada-3456.jpg,GT/COD10K-CAM-3-Flying-56-Cicada-3456.png,Edge/COD10K-CAM-3-Flying-56-Cicada-3456.png
Imgs/COD10K-CAM-3-Flying-56-Cicada-3457.jpg,GT/COD10K-CAM-3-Flying-56-Cicada-3457.png,Edge/COD10K-CAM-3-Flying-56-Cicada-3457.png
Imgs/COD10K-CAM-3-Flying-56-Cicada-3458.jpg,GT/COD10K-CAM-3-Flying-56-Cicada-3458.png,Edge/COD10K-CAM-3-Flying-56-Cicada-3458.png
Imgs/COD10K-CAM-3-Flying-56-Cicada-3459.jpg,GT/COD10K-CAM-3-Flying-56-Cicada-3459.png,Edge/COD10K-CAM-3-Flying-56-Cicada-3459.png
Imgs/COD10K-CAM-3-Flying-56-Cicada-3461.jpg,GT/COD10K-CAM-3-Flying-56-Cicada-3461.png,Edge/COD10K-CAM-3-Flying-56-Cicada-3461.png
Imgs/COD10K-CAM-3-Flying-56-Cicada-3464.jpg,GT/COD10K-CAM-3-Flying-56-Cicada-3464.png,Edge/COD10K-CAM-3-Flying-56-Cicada-3464.png
Imgs/COD10K-CAM-3-Flying-56-Cicada-3465.jpg,GT/COD10K-CAM-3-Flying-56-Cicada-3465.png,Edge/COD10K-CAM-3-Flying-56-Cicada-3465.png
Imgs/COD10K-CAM-3-Flying-56-Cicada-3466.jpg,GT/COD10K-CAM-3-Flying-56-Cicada-3466.png,Edge/COD10K-CAM-3-Flying-56-Cicada-3466.png
Imgs/COD10K-CAM-3-Flying-56-Cicada-3467.jpg,GT/COD10K-CAM-3-Flying-56-Cicada-3467.png,Edge/COD10K-CAM-3-Flying-56-Cicada-3467.png
Imgs/COD10K-CAM-3-Flying-56-Cicada-3468.jpg,GT/COD10K-CAM-3-Flying-56-Cicada-3468.png,Edge/COD10K-CAM-3-Flying-56-Cicada-3468.png
Imgs/COD10K-CAM-3-Flying-56-Cicada-3469.jpg,GT/COD10K-CAM-3-Flying-56-Cicada-3469.png,Edge/COD10K-CAM-3-Flying-56-Cicada-3469.png
Imgs/COD10K-CAM-3-Flying-56-Cicada-3471.jpg,GT/COD10K-CAM-3-Flying-56-Cicada-3471.png,Edge/COD10K-CAM-3-Flying-56-Cicada-3471.png
Imgs/COD10K-CAM-3-Flying-56-Cicada-3473.jpg,GT/COD10K-CAM-3-Flying-56-Cicada-3473.png,Edge/COD10K-CAM-3-Flying-56-Cicada-3473.png
Imgs/COD10K-CAM-3-Flying-56-Cicada-3474.jpg,GT/COD10K-CAM-3-Flying-56-Cicada-3474.png,Edge/COD10K-CAM-3-Flying-56-Cicada-3474.png
Imgs/COD10K-CAM-3-Flying-56-Cicada-3475.jpg,GT/COD10K-CAM-3-Flying-56-Cicada-3475.png,Edge/COD10K-CAM-3-Flying-56-Cicada-3475.png
Imgs/COD10K-CAM-3-Flying-56-Cicada-3476.jpg,GT/COD10K-CAM-3-Flying-56-Cicada-3476.png,Edge/COD10K-CAM-3-Flying-56-Cicada-3476.png
Imgs/COD10K-CAM-3-Flying-56-Cicada-3477.jpg,GT/COD10K-CAM-3-Flying-56-Cicada-3477.png,Edge/COD10K-CAM-3-Flying-56-Cicada-3477.png
Imgs/COD10K-CAM-3-Flying-56-Cicada-3479.jpg,GT/COD10K-CAM-3-Flying-56-Cicada-3479.png,Edge/COD10K-CAM-3-Flying-56-Cicada-3479.png
Imgs/COD10K-CAM-3-Flying-56-Cicada-3481.jpg,GT/COD10K-CAM-3-Flying-56-Cicada-3481.png,Edge/COD10K-CAM-3-Flying-56-Cicada-3481.png
Imgs/COD10K-CAM-3-Flying-56-Cicada-3484.jpg,GT/COD10K-CAM-3-Flying-56-Cicada-3484.png,Edge/COD10K-CAM-3-Flying-56-Cicada-3484.png
Imgs/COD10K-CAM-3-Flying-56-Cicada-3485.jpg,GT/COD10K-CAM-3-Flying-56-Cicada-3485.png,Edge/COD10K-CAM-3-Flying-56-Cicada-3485.png
Imgs/COD10K-CAM-3-Flying-56-Cicada-3487.jpg,GT/COD10K-CAM-3-Flying-56-Cicada-3487.png,Edge/COD10K-CAM-3-Flying-56-Cicada-3487.png
Imgs/COD10K-CAM-3-Flying-56-Cicada-3488.jpg,GT/COD10K-CAM-3-Flying-56-Cicada-3488.png,Edge/COD10K-CAM-3-Flying-56-Cicada-3488.png
Imgs/COD10K-CAM-3-Flying-56-Cicada-3489.jpg,GT/COD10K-CAM-3-Flying-56-Cicada-3489.png,Edge/COD10K-CAM-3-Flying-56-Cicada-3489.png
Imgs/COD10K-CAM-3-Flying-56-Cicada-3492.jpg,GT/COD10K-CAM-3-Flying-56-Cicada-3492.png,Edge/COD10K-CAM-3-Flying-56-Cicada-3492.png
Imgs/COD10K-CAM-3-Flying-56-Cicada-3493.jpg,GT/COD10K-CAM-3-Flying-56-Cicada-3493.png,Edge/COD10K-CAM-3-Flying-56-Cicada-3493.png
Imgs/COD10K-CAM-3-Flying-56-Cicada-3495.jpg,GT/COD10K-CAM-3-Flying-56-Cicada-3495.png,Edge/COD10K-CAM-3-Flying-56-Cicada-3495.png
Imgs/COD10K-CAM-3-Flying-56-Cicada-3497.jpg,GT/COD10K-CAM-3-Flying-56-Cicada-3497.png,Edge/COD10K-CAM-3-Flying-56-Cicada-3497.png
Imgs/COD10K-CAM-3-Flying-56-Cicada-3499.jpg,GT/COD10K-CAM-3-Flying-56-Cicada-3499.png,Edge/COD10K-CAM-3-Flying-56-Cicada-3499.png
Imgs/COD10K-CAM-3-Flying-56-Cicada-3500.jpg,GT/COD10K-CAM-3-Flying-56-Cicada-3500.png,Edge/COD10K-CAM-3-Flying-56-Cicada-3500.png
Imgs/COD10K-CAM-3-Flying-56-Cicada-3502.jpg,GT/COD10K-CAM-3-Flying-56-Cicada-3502.png,Edge/COD10K-CAM-3-Flying-56-Cicada-3502.png
Imgs/COD10K-CAM-3-Flying-56-Cicada-3503.jpg,GT/COD10K-CAM-3-Flying-56-Cicada-3503.png,Edge/COD10K-CAM-3-Flying-56-Cicada-3503.png
Imgs/COD10K-CAM-3-Flying-56-Cicada-3506.jpg,GT/COD10K-CAM-3-Flying-56-Cicada-3506.png,Edge/COD10K-CAM-3-Flying-56-Cicada-3506.png
Imgs/COD10K-CAM-3-Flying-56-Cicada-3507.jpg,GT/COD10K-CAM-3-Flying-56-Cicada-3507.png,Edge/COD10K-CAM-3-Flying-56-Cicada-3507.png
Imgs/COD10K-CAM-3-Flying-56-Cicada-3511.jpg,GT/COD10K-CAM-3-Flying-56-Cicada-3511.png,Edge/COD10K-CAM-3-Flying-56-Cicada-3511.png
Imgs/COD10K-CAM-3-Flying-56-Cicada-3512.jpg,GT/COD10K-CAM-3-Flying-56-Cicada-3512.png,Edge/COD10K-CAM-3-Flying-56-Cicada-3512.png
Imgs/COD10K-CAM-3-Flying-56-Cicada-3514.jpg,GT/COD10K-CAM-3-Flying-56-Cicada-3514.png,Edge/COD10K-CAM-3-Flying-56-Cicada-3514.png
Imgs/COD10K-CAM-3-Flying-56-Cicada-3516.jpg,GT/COD10K-CAM-3-Flying-56-Cicada-3516.png,Edge/COD10K-CAM-3-Flying-56-Cicada-3516.png
Imgs/COD10K-CAM-3-Flying-56-Cicada-3517.jpg,GT/COD10K-CAM-3-Flying-56-Cicada-3517.png,Edge/COD10K-CAM-3-Flying-56-Cicada-3517.png
Imgs/COD10K-CAM-3-Flying-56-Cicada-3518.jpg,GT/COD10K-CAM-3-Flying-56-Cicada-3518.png,Edge/COD10K-CAM-3-Flying-56-Cicada-3518.png
Imgs/COD10K-CAM-3-Flying-56-Cicada-3519.jpg,GT/COD10K-CAM-3-Flying-56-Cicada-3519.png,Edge/COD10K-CAM-3-Flying-56-Cicada-3519.png
Imgs/COD10K-CAM-3-Flying-56-Cicada-3520.jpg,GT/COD10K-CAM-3-Flying-56-Cicada-3520.png,Edge/COD10K-CAM-3-Flying-56-Cicada-3520.png
Imgs/COD10K-CAM-3-Flying-56-Cicada-3523.jpg,GT/COD10K-CAM-3-Flying-56-Cicada-3523.png,Edge/COD10K-CAM-3-Flying-56-Cicada-3523.png
Imgs/COD10K-CAM-3-Flying-56-Cicada-3524.jpg,GT/COD10K-CAM-3-Flying-56-Cicada-3524.png,Edge/COD10K-CAM-3-Flying-56-Cicada-3524.png
Imgs/COD10K-CAM-3-Flying-56-Cicada-3526.jpg,GT/COD10K-CAM-3-Flying-56-Cicada-3526.png,Edge/COD10K-CAM-3-Flying-56-Cicada-3526.png
Imgs/COD10K-CAM-3-Flying-56-Cicada-3528.jpg,GT/COD10K-CAM-3-Flying-56-Cicada-3528.png,Edge/COD10K-CAM-3-Flying-56-Cicada-3528.png
Imgs/COD10K-CAM-3-Flying-56-Cicada-3529.jpg,GT/COD10K-CAM-3-Flying-56-Cicada-3529.png,Edge/COD10K-CAM-3-Flying-56-Cicada-3529.png
Imgs/COD10K-CAM-3-Flying-56-Cicada-3531.jpg,GT/COD10K-CAM-3-Flying-56-Cicada-3531.png,Edge/COD10K-CAM-3-Flying-56-Cicada-3531.png
Imgs/COD10K-CAM-3-Flying-56-Cicada-3532.jpg,GT/COD10K-CAM-3-Flying-56-Cicada-3532.png,Edge/COD10K-CAM-3-Flying-56-Cicada-3532.png
Imgs/COD10K-CAM-3-Flying-56-Cicada-3534.jpg,GT/COD10K-CAM-3-Flying-56-Cicada-3534.png,Edge/COD10K-CAM-3-Flying-56-Cicada-3534.png
Imgs/COD10K-CAM-3-Flying-56-Cicada-3538.jpg,GT/COD10K-CAM-3-Flying-56-Cicada-3538.png,Edge/COD10K-CAM-3-Flying-56-Cicada-3538.png
Imgs/COD10K-CAM-3-Flying-56-Cicada-3540.jpg,GT/COD10K-CAM-3-Flying-56-Cicada-3540.png,Edge/COD10K-CAM-3-Flying-56-Cicada-3540.png
Imgs/COD10K-CAM-3-Flying-56-Cicada-3541.jpg,GT/COD10K-CAM-3-Flying-56-Cicada-3541.png,Edge/COD10K-CAM-3-Flying-56-Cicada-3541.png
Imgs/COD10K-CAM-3-Flying-56-Cicada-3544.jpg,GT/COD10K-CAM-3-Flying-56-Cicada-3544.png,Edge/COD10K-CAM-3-Flying-56-Cicada-3544.png
Imgs/COD10K-CAM-3-Flying-56-Cicada-3545.jpg,GT/COD10K-CAM-3-Flying-56-Cicada-3545.png,Edge/COD10K-CAM-3-Flying-56-Cicada-3545.png
Imgs/COD10K-CAM-3-Flying-56-Cicada-3546.jpg,GT/COD10K-CAM-3-Flying-56-Cicada-3546.png,Edge/COD10K-CAM-3-Flying-56-Cicada-3546.png
Imgs/COD10K-CAM-3-Flying-56-Cicada-3548.jpg,GT/COD10K-CAM-3-Flying-56-Cicada-3548.png,Edge/COD10K-CAM-3-Flying-56-Cicada-3548.png
Imgs/COD10K-CAM-3-Flying-56-Cicada-3550.jpg,GT/COD10K-CAM-3-Flying-56-Cicada-3550.png,Edge/COD10K-CAM-3-Flying-56-Cicada-3550.png
Imgs/COD10K-CAM-3-Flying-56-Cicada-3552.jpg,GT/COD10K-CAM-3-Flying-56-Cicada-3552.png,Edge/COD10K-CAM-3-Flying-56-Cicada-3552.png
Imgs/COD10K-CAM-3-Flying-57-Dragonfly-3554.jpg,GT/COD10K-CAM-3-Flying-57-Dragonfly-3554.png,Edge/COD10K-CAM-3-Flying-57-Dragonfly-3554.png
Imgs/COD10K-CAM-3-Flying-57-Dragonfly-3555.jpg,GT/COD10K-CAM-3-Flying-57-Dragonfly-3555.png,Edge/COD10K-CAM-3-Flying-57-Dragonfly-3555.png
Imgs/COD10K-CAM-3-Flying-57-Dragonfly-3556.jpg,GT/COD10K-CAM-3-Flying-57-Dragonfly-3556.png,Edge/COD10K-CAM-3-Flying-57-Dragonfly-3556.png
Imgs/COD10K-CAM-3-Flying-57-Dragonfly-3557.jpg,GT/COD10K-CAM-3-Flying-57-Dragonfly-3557.png,Edge/COD10K-CAM-3-Flying-57-Dragonfly-3557.png
Imgs/COD10K-CAM-3-Flying-57-Dragonfly-3558.jpg,GT/COD10K-CAM-3-Flying-57-Dragonfly-3558.png,Edge/COD10K-CAM-3-Flying-57-Dragonfly-3558.png
Imgs/COD10K-CAM-3-Flying-57-Dragonfly-3560.jpg,GT/COD10K-CAM-3-Flying-57-Dragonfly-3560.png,Edge/COD10K-CAM-3-Flying-57-Dragonfly-3560.png
Imgs/COD10K-CAM-3-Flying-57-Dragonfly-3561.jpg,GT/COD10K-CAM-3-Flying-57-Dragonfly-3561.png,Edge/COD10K-CAM-3-Flying-57-Dragonfly-3561.png
Imgs/COD10K-CAM-3-Flying-57-Dragonfly-3562.jpg,GT/COD10K-CAM-3-Flying-57-Dragonfly-3562.png,Edge/COD10K-CAM-3-Flying-57-Dragonfly-3562.png
Imgs/COD10K-CAM-3-Flying-57-Dragonfly-3563.jpg,GT/COD10K-CAM-3-Flying-57-Dragonfly-3563.png,Edge/COD10K-CAM-3-Flying-57-Dragonfly-3563.png
Imgs/COD10K-CAM-3-Flying-57-Dragonfly-3564.jpg,GT/COD10K-CAM-3-Flying-57-Dragonfly-3564.png,Edge/COD10K-CAM-3-Flying-57-Dragonfly-3564.png
Imgs/COD10K-CAM-3-Flying-57-Dragonfly-3565.jpg,GT/COD10K-CAM-3-Flying-57-Dragonfly-3565.png,Edge/COD10K-CAM-3-Flying-57-Dragonfly-3565.png
Imgs/COD10K-CAM-3-Flying-57-Dragonfly-3567.jpg,GT/COD10K-CAM-3-Flying-57-Dragonfly-3567.png,Edge/COD10K-CAM-3-Flying-57-Dragonfly-3567.png
Imgs/COD10K-CAM-3-Flying-57-Dragonfly-3568.jpg,GT/COD10K-CAM-3-Flying-57-Dragonfly-3568.png,Edge/COD10K-CAM-3-Flying-57-Dragonfly-3568.png
Imgs/COD10K-CAM-3-Flying-57-Dragonfly-3570.jpg,GT/COD10K-CAM-3-Flying-57-Dragonfly-3570.png,Edge/COD10K-CAM-3-Flying-57-Dragonfly-3570.png
Imgs/COD10K-CAM-3-Flying-57-Dragonfly-3572.jpg,GT/COD10K-CAM-3-Flying-57-Dragonfly-3572.png,Edge/COD10K-CAM-3-Flying-57-Dragonfly-3572.png
Imgs/COD10K-CAM-3-Flying-57-Dragonfly-3573.jpg,GT/COD10K-CAM-3-Flying-57-Dragonfly-3573.png,Edge/COD10K-CAM-3-Flying-57-Dragonfly-3573.png
Imgs/COD10K-CAM-3-Flying-57-Dragonfly-3574.jpg,GT/COD10K-CAM-3-Flying-57-Dragonfly-3574.png,Edge/COD10K-CAM-3-Flying-57-Dragonfly-3574.png
Imgs/COD10K-CAM-3-Flying-57-Dragonfly-3577.jpg,GT/COD10K-CAM-3-Flying-57-Dragonfly-3577.png,Edge/COD10K-CAM-3-Flying-57-Dragonfly-3577.png
Imgs/COD10K-CAM-3-Flying-57-Dragonfly-3578.jpg,GT/COD10K-CAM-3-Flying-57-Dragonfly-3578.png,Edge/COD10K-CAM-3-Flying-57-Dragonfly-3578.png
Imgs/COD10K-CAM-3-Flying-57-Dragonfly-3579.jpg,GT/COD10K-CAM-3-Flying-57-Dragonfly-3579.png,Edge/COD10K-CAM-3-Flying-57-Dragonfly-3579.png
Imgs/COD10K-CAM-3-Flying-57-Dragonfly-3583.jpg,GT/COD10K-CAM-3-Flying-57-Dragonfly-3583.png,Edge/COD10K-CAM-3-Flying-57-Dragonfly-3583.png
Imgs/COD10K-CAM-3-Flying-57-Dragonfly-3584.jpg,GT/COD10K-CAM-3-Flying-57-Dragonfly-3584.png,Edge/COD10K-CAM-3-Flying-57-Dragonfly-3584.png
Imgs/COD10K-CAM-3-Flying-57-Dragonfly-3587.jpg,GT/COD10K-CAM-3-Flying-57-Dragonfly-3587.png,Edge/COD10K-CAM-3-Flying-57-Dragonfly-3587.png
Imgs/COD10K-CAM-3-Flying-57-Dragonfly-3589.jpg,GT/COD10K-CAM-3-Flying-57-Dragonfly-3589.png,Edge/COD10K-CAM-3-Flying-57-Dragonfly-3589.png
Imgs/COD10K-CAM-3-Flying-57-Dragonfly-3591.jpg,GT/COD10K-CAM-3-Flying-57-Dragonfly-3591.png,Edge/COD10K-CAM-3-Flying-57-Dragonfly-3591.png
Imgs/COD10K-CAM-3-Flying-57-Dragonfly-3592.jpg,GT/COD10K-CAM-3-Flying-57-Dragonfly-3592.png,Edge/COD10K-CAM-3-Flying-57-Dragonfly-3592.png
Imgs/COD10K-CAM-3-Flying-58-Frogmouth-3594.jpg,GT/COD10K-CAM-3-Flying-58-Frogmouth-3594.png,Edge/COD10K-CAM-3-Flying-58-Frogmouth-3594.png
Imgs/COD10K-CAM-3-Flying-58-Frogmouth-3595.jpg,GT/COD10K-CAM-3-Flying-58-Frogmouth-3595.png,Edge/COD10K-CAM-3-Flying-58-Frogmouth-3595.png
Imgs/COD10K-CAM-3-Flying-58-Frogmouth-3597.jpg,GT/COD10K-CAM-3-Flying-58-Frogmouth-3597.png,Edge/COD10K-CAM-3-Flying-58-Frogmouth-3597.png
Imgs/COD10K-CAM-3-Flying-58-Frogmouth-3600.jpg,GT/COD10K-CAM-3-Flying-58-Frogmouth-3600.png,Edge/COD10K-CAM-3-Flying-58-Frogmouth-3600.png
Imgs/COD10K-CAM-3-Flying-58-Frogmouth-3601.jpg,GT/COD10K-CAM-3-Flying-58-Frogmouth-3601.png,Edge/COD10K-CAM-3-Flying-58-Frogmouth-3601.png
Imgs/COD10K-CAM-3-Flying-58-Frogmouth-3603.jpg,GT/COD10K-CAM-3-Flying-58-Frogmouth-3603.png,Edge/COD10K-CAM-3-Flying-58-Frogmouth-3603.png
Imgs/COD10K-CAM-3-Flying-58-Frogmouth-3605.jpg,GT/COD10K-CAM-3-Flying-58-Frogmouth-3605.png,Edge/COD10K-CAM-3-Flying-58-Frogmouth-3605.png
Imgs/COD10K-CAM-3-Flying-58-Frogmouth-3606.jpg,GT/COD10K-CAM-3-Flying-58-Frogmouth-3606.png,Edge/COD10K-CAM-3-Flying-58-Frogmouth-3606.png
Imgs/COD10K-CAM-3-Flying-58-Frogmouth-3607.jpg,GT/COD10K-CAM-3-Flying-58-Frogmouth-3607.png,Edge/COD10K-CAM-3-Flying-58-Frogmouth-3607.png
Imgs/COD10K-CAM-3-Flying-58-Frogmouth-3608.jpg,GT/COD10K-CAM-3-Flying-58-Frogmouth-3608.png,Edge/COD10K-CAM-3-Flying-58-Frogmouth-3608.png
Imgs/COD10K-CAM-3-Flying-58-Frogmouth-3609.jpg,GT/COD10K-CAM-3-Flying-58-Frogmouth-3609.png,Edge/COD10K-CAM-3-Flying-58-Frogmouth-3609.png
Imgs/COD10K-CAM-3-Flying-58-Frogmouth-3612.jpg,GT/COD10K-CAM-3-Flying-58-Frogmouth-3612.png,Edge/COD10K-CAM-3-Flying-58-Frogmouth-3612.png
Imgs/COD10K-CAM-3-Flying-58-Frogmouth-3613.jpg,GT/COD10K-CAM-3-Flying-58-Frogmouth-3613.png,Edge/COD10K-CAM-3-Flying-58-Frogmouth-3613.png
Imgs/COD10K-CAM-3-Flying-59-Grasshopper-3614.jpg,GT/COD10K-CAM-3-Flying-59-Grasshopper-3614.png,Edge/COD10K-CAM-3-Flying-59-Grasshopper-3614.png
Imgs/COD10K-CAM-3-Flying-59-Grasshopper-3616.jpg,GT/COD10K-CAM-3-Flying-59-Grasshopper-3616.png,Edge/COD10K-CAM-3-Flying-59-Grasshopper-3616.png
Imgs/COD10K-CAM-3-Flying-59-Grasshopper-3617.jpg,GT/COD10K-CAM-3-Flying-59-Grasshopper-3617.png,Edge/COD10K-CAM-3-Flying-59-Grasshopper-3617.png
Imgs/COD10K-CAM-3-Flying-59-Grasshopper-3620.jpg,GT/COD10K-CAM-3-Flying-59-Grasshopper-3620.png,Edge/COD10K-CAM-3-Flying-59-Grasshopper-3620.png
Imgs/COD10K-CAM-3-Flying-59-Grasshopper-3623.jpg,GT/COD10K-CAM-3-Flying-59-Grasshopper-3623.png,Edge/COD10K-CAM-3-Flying-59-Grasshopper-3623.png
Imgs/COD10K-CAM-3-Flying-59-Grasshopper-3624.jpg,GT/COD10K-CAM-3-Flying-59-Grasshopper-3624.png,Edge/COD10K-CAM-3-Flying-59-Grasshopper-3624.png
Imgs/COD10K-CAM-3-Flying-59-Grasshopper-3626.jpg,GT/COD10K-CAM-3-Flying-59-Grasshopper-3626.png,Edge/COD10K-CAM-3-Flying-59-Grasshopper-3626.png
Imgs/COD10K-CAM-3-Flying-59-Grasshopper-3628.jpg,GT/COD10K-CAM-3-Flying-59-Grasshopper-3628.png,Edge/COD10K-CAM-3-Flying-59-Grasshopper-3628.png
Imgs/COD10K-CAM-3-Flying-59-Grasshopper-3631.jpg,GT/COD10K-CAM-3-Flying-59-Grasshopper-3631.png,Edge/COD10K-CAM-3-Flying-59-Grasshopper-3631.png
Imgs/COD10K-CAM-3-Flying-59-Grasshopper-3633.jpg,GT/COD10K-CAM-3-Flying-59-Grasshopper-3633.png,Edge/COD10K-CAM-3-Flying-59-Grasshopper-3633.png
Imgs/COD10K-CAM-3-Flying-59-Grasshopper-3635.jpg,GT/COD10K-CAM-3-Flying-59-Grasshopper-3635.png,Edge/COD10K-CAM-3-Flying-59-Grasshopper-3635.png
Imgs/COD10K-CAM-3-Flying-59-Grasshopper-3639.jpg,GT/COD10K-CAM-3-Flying-59-Grasshopper-3639.png,Edge/COD10K-CAM-3-Flying-59-Grasshopper-3639.png
Imgs/COD10K-CAM-3-Flying-59-Grasshopper-3642.jpg,GT/COD10K-CAM-3-Flying-59-Grasshopper-3642.png,Edge/COD10K-CAM-3-Flying-59-Grasshopper-3642.png
Imgs/COD10K-CAM-3-Flying-59-Grasshopper-3643.jpg,GT/COD10K-CAM-3-Flying-59-Grasshopper-3643.png,Edge/COD10K-CAM-3-Flying-59-Grasshopper-3643.png
Imgs/COD10K-CAM-3-Flying-59-Grasshopper-3646.jpg,GT/COD10K-CAM-3-Flying-59-Grasshopper-3646.png,Edge/COD10K-CAM-3-Flying-59-Grasshopper-3646.png
Imgs/COD10K-CAM-3-Flying-59-Grasshopper-3647.jpg,GT/COD10K-CAM-3-Flying-59-Grasshopper-3647.png,Edge/COD10K-CAM-3-Flying-59-Grasshopper-3647.png
Imgs/COD10K-CAM-3-Flying-59-Grasshopper-3649.jpg,GT/COD10K-CAM-3-Flying-59-Grasshopper-3649.png,Edge/COD10K-CAM-3-Flying-59-Grasshopper-3649.png
Imgs/COD10K-CAM-3-Flying-59-Grasshopper-3651.jpg,GT/COD10K-CAM-3-Flying-59-Grasshopper-3651.png,Edge/COD10K-CAM-3-Flying-59-Grasshopper-3651.png
Imgs/COD10K-CAM-3-Flying-59-Grasshopper-3654.jpg,GT/COD10K-CAM-3-Flying-59-Grasshopper-3654.png,Edge/COD10K-CAM-3-Flying-59-Grasshopper-3654.png
Imgs/COD10K-CAM-3-Flying-59-Grasshopper-3656.jpg,GT/COD10K-CAM-3-Flying-59-Grasshopper-3656.png,Edge/COD10K-CAM-3-Flying-59-Grasshopper-3656.png
Imgs/COD10K-CAM-3-Flying-59-Grasshopper-3660.jpg,GT/COD10K-CAM-3-Flying-59-Grasshopper-3660.png,Edge/COD10K-CAM-3-Flying-59-Grasshopper-3660.png
Imgs/COD10K-CAM-3-Flying-59-Grasshopper-3662.jpg,GT/COD10K-CAM-3-Flying-59-Grasshopper-3662.png,Edge/COD10K-CAM-3-Flying-59-Grasshopper-3662.png
Imgs/COD10K-CAM-3-Flying-59-Grasshopper-3663.jpg,GT/COD10K-CAM-3-Flying-59-Grasshopper-3663.png,Edge/COD10K-CAM-3-Flying-59-Grasshopper-3663.png
Imgs/COD10K-CAM-3-Flying-59-Grasshopper-3664.jpg,GT/COD10K-CAM-3-Flying-59-Grasshopper-3664.png,Edge/COD10K-CAM-3-Flying-59-Grasshopper-3664.png
Imgs/COD10K-CAM-3-Flying-59-Grasshopper-3665.jpg,GT/COD10K-CAM-3-Flying-59-Grasshopper-3665.png,Edge/COD10K-CAM-3-Flying-59-Grasshopper-3665.png
Imgs/COD10K-CAM-3-Flying-59-Grasshopper-3666.jpg,GT/COD10K-CAM-3-Flying-59-Grasshopper-3666.png,Edge/COD10K-CAM-3-Flying-59-Grasshopper-3666.png
Imgs/COD10K-CAM-3-Flying-59-Grasshopper-3667.jpg,GT/COD10K-CAM-3-Flying-59-Grasshopper-3667.png,Edge/COD10K-CAM-3-Flying-59-Grasshopper-3667.png
Imgs/COD10K-CAM-3-Flying-59-Grasshopper-3668.jpg,GT/COD10K-CAM-3-Flying-59-Grasshopper-3668.png,Edge/COD10K-CAM-3-Flying-59-Grasshopper-3668.png
Imgs/COD10K-CAM-3-Flying-59-Grasshopper-3669.jpg,GT/COD10K-CAM-3-Flying-59-Grasshopper-3669.png,Edge/COD10K-CAM-3-Flying-59-Grasshopper-3669.png
Imgs/COD10K-CAM-3-Flying-59-Grasshopper-3670.jpg,GT/COD10K-CAM-3-Flying-59-Grasshopper-3670.png,Edge/COD10K-CAM-3-Flying-59-Grasshopper-3670.png
Imgs/COD10K-CAM-3-Flying-59-Grasshopper-3671.jpg,GT/COD10K-CAM-3-Flying-59-Grasshopper-3671.png,Edge/COD10K-CAM-3-Flying-59-Grasshopper-3671.png
Imgs/COD10K-CAM-3-Flying-59-Grasshopper-3674.jpg,GT/COD10K-CAM-3-Flying-59-Grasshopper-3674.png,Edge/COD10K-CAM-3-Flying-59-Grasshopper-3674.png
Imgs/COD10K-CAM-3-Flying-59-Grasshopper-3675.jpg,GT/COD10K-CAM-3-Flying-59-Grasshopper-3675.png,Edge/COD10K-CAM-3-Flying-59-Grasshopper-3675.png
Imgs/COD10K-CAM-3-Flying-59-Grasshopper-3677.jpg,GT/COD10K-CAM-3-Flying-59-Grasshopper-3677.png,Edge/COD10K-CAM-3-Flying-59-Grasshopper-3677.png
Imgs/COD10K-CAM-3-Flying-59-Grasshopper-3679.jpg,GT/COD10K-CAM-3-Flying-59-Grasshopper-3679.png,Edge/COD10K-CAM-3-Flying-59-Grasshopper-3679.png
Imgs/COD10K-CAM-3-Flying-59-Grasshopper-3682.jpg,GT/COD10K-CAM-3-Flying-59-Grasshopper-3682.png,Edge/COD10K-CAM-3-Flying-59-Grasshopper-3682.png
Imgs/COD10K-CAM-3-Flying-59-Grasshopper-3684.jpg,GT/COD10K-CAM-3-Flying-59-Grasshopper-3684.png,Edge/COD10K-CAM-3-Flying-59-Grasshopper-3684.png
Imgs/COD10K-CAM-3-Flying-59-Grasshopper-3685.jpg,GT/COD10K-CAM-3-Flying-59-Grasshopper-3685.png,Edge/COD10K-CAM-3-Flying-59-Grasshopper-3685.png
Imgs/COD10K-CAM-3-Flying-59-Grasshopper-3687.jpg,GT/COD10K-CAM-3-Flying-59-Grasshopper-3687.png,Edge/COD10K-CAM-3-Flying-59-Grasshopper-3687.png
Imgs/COD10K-CAM-3-Flying-59-Grasshopper-3690.jpg,GT/COD10K-CAM-3-Flying-59-Grasshopper-3690.png,Edge/COD10K-CAM-3-Flying-59-Grasshopper-3690.png
Imgs/COD10K-CAM-3-Flying-59-Grasshopper-3691.jpg,GT/COD10K-CAM-3-Flying-59-Grasshopper-3691.png,Edge/COD10K-CAM-3-Flying-59-Grasshopper-3691.png
Imgs/COD10K-CAM-3-Flying-59-Grasshopper-3693.jpg,GT/COD10K-CAM-3-Flying-59-Grasshopper-3693.png,Edge/COD10K-CAM-3-Flying-59-Grasshopper-3693.png
Imgs/COD10K-CAM-3-Flying-59-Grasshopper-3696.jpg,GT/COD10K-CAM-3-Flying-59-Grasshopper-3696.png,Edge/COD10K-CAM-3-Flying-59-Grasshopper-3696.png
Imgs/COD10K-CAM-3-Flying-59-Grasshopper-3698.jpg,GT/COD10K-CAM-3-Flying-59-Grasshopper-3698.png,Edge/COD10K-CAM-3-Flying-59-Grasshopper-3698.png
Imgs/COD10K-CAM-3-Flying-59-Grasshopper-3700.jpg,GT/COD10K-CAM-3-Flying-59-Grasshopper-3700.png,Edge/COD10K-CAM-3-Flying-59-Grasshopper-3700.png
Imgs/COD10K-CAM-3-Flying-59-Grasshopper-3703.jpg,GT/COD10K-CAM-3-Flying-59-Grasshopper-3703.png,Edge/COD10K-CAM-3-Flying-59-Grasshopper-3703.png
Imgs/COD10K-CAM-3-Flying-59-Grasshopper-3704.jpg,GT/COD10K-CAM-3-Flying-59-Grasshopper-3704.png,Edge/COD10K-CAM-3-Flying-59-Grasshopper-3704.png
Imgs/COD10K-CAM-3-Flying-59-Grasshopper-3705.jpg,GT/COD10K-CAM-3-Flying-59-Grasshopper-3705.png,Edge/COD10K-CAM-3-Flying-59-Grasshopper-3705.png
Imgs/COD10K-CAM-3-Flying-59-Grasshopper-3709.jpg,GT/COD10K-CAM-3-Flying-59-Grasshopper-3709.png,Edge/COD10K-CAM-3-Flying-59-Grasshopper-3709.png
Imgs/COD10K-CAM-3-Flying-59-Grasshopper-3713.jpg,GT/COD10K-CAM-3-Flying-59-Grasshopper-3713.png,Edge/COD10K-CAM-3-Flying-59-Grasshopper-3713.png
Imgs/COD10K-CAM-3-Flying-59-Grasshopper-3715.jpg,GT/COD10K-CAM-3-Flying-59-Grasshopper-3715.png,Edge/COD10K-CAM-3-Flying-59-Grasshopper-3715.png
Imgs/COD10K-CAM-3-Flying-59-Grasshopper-3716.jpg,GT/COD10K-CAM-3-Flying-59-Grasshopper-3716.png,Edge/COD10K-CAM-3-Flying-59-Grasshopper-3716.png
Imgs/COD10K-CAM-3-Flying-59-Grasshopper-3717.jpg,GT/COD10K-CAM-3-Flying-59-Grasshopper-3717.png,Edge/COD10K-CAM-3-Flying-59-Grasshopper-3717.png
Imgs/COD10K-CAM-3-Flying-59-Grasshopper-3718.jpg,GT/COD10K-CAM-3-Flying-59-Grasshopper-3718.png,Edge/COD10K-CAM-3-Flying-59-Grasshopper-3718.png
Imgs/COD10K-CAM-3-Flying-59-Grasshopper-3721.jpg,GT/COD10K-CAM-3-Flying-59-Grasshopper-3721.png,Edge/COD10K-CAM-3-Flying-59-Grasshopper-3721.png
Imgs/COD10K-CAM-3-Flying-59-Grasshopper-3722.jpg,GT/COD10K-CAM-3-Flying-59-Grasshopper-3722.png,Edge/COD10K-CAM-3-Flying-59-Grasshopper-3722.png
Imgs/COD10K-CAM-3-Flying-59-Grasshopper-3723.jpg,GT/COD10K-CAM-3-Flying-59-Grasshopper-3723.png,Edge/COD10K-CAM-3-Flying-59-Grasshopper-3723.png
Imgs/COD10K-CAM-3-Flying-59-Grasshopper-3724.jpg,GT/COD10K-CAM-3-Flying-59-Grasshopper-3724.png,Edge/COD10K-CAM-3-Flying-59-Grasshopper-3724.png
Imgs/COD10K-CAM-3-Flying-59-Grasshopper-3725.jpg,GT/COD10K-CAM-3-Flying-59-Grasshopper-3725.png,Edge/COD10K-CAM-3-Flying-59-Grasshopper-3725.png
Imgs/COD10K-CAM-3-Flying-59-Grasshopper-3728.jpg,GT/COD10K-CAM-3-Flying-59-Grasshopper-3728.png,Edge/COD10K-CAM-3-Flying-59-Grasshopper-3728.png
Imgs/COD10K-CAM-3-Flying-59-Grasshopper-3730.jpg,GT/COD10K-CAM-3-Flying-59-Grasshopper-3730.png,Edge/COD10K-CAM-3-Flying-59-Grasshopper-3730.png
Imgs/COD10K-CAM-3-Flying-59-Grasshopper-3731.jpg,GT/COD10K-CAM-3-Flying-59-Grasshopper-3731.png,Edge/COD10K-CAM-3-Flying-59-Grasshopper-3731.png
Imgs/COD10K-CAM-3-Flying-59-Grasshopper-3735.jpg,GT/COD10K-CAM-3-Flying-59-Grasshopper-3735.png,Edge/COD10K-CAM-3-Flying-59-Grasshopper-3735.png
Imgs/COD10K-CAM-3-Flying-59-Grasshopper-3738.jpg,GT/COD10K-CAM-3-Flying-59-Grasshopper-3738.png,Edge/COD10K-CAM-3-Flying-59-Grasshopper-3738.png
Imgs/COD10K-CAM-3-Flying-59-Grasshopper-3739.jpg,GT/COD10K-CAM-3-Flying-59-Grasshopper-3739.png,Edge/COD10K-CAM-3-Flying-59-Grasshopper-3739.png
Imgs/COD10K-CAM-3-Flying-59-Grasshopper-3742.jpg,GT/COD10K-CAM-3-Flying-59-Grasshopper-3742.png,Edge/COD10K-CAM-3-Flying-59-Grasshopper-3742.png
Imgs/COD10K-CAM-3-Flying-59-Grasshopper-3743.jpg,GT/COD10K-CAM-3-Flying-59-Grasshopper-3743.png,Edge/COD10K-CAM-3-Flying-59-Grasshopper-3743.png
Imgs/COD10K-CAM-3-Flying-59-Grasshopper-3746.jpg,GT/COD10K-CAM-3-Flying-59-Grasshopper-3746.png,Edge/COD10K-CAM-3-Flying-59-Grasshopper-3746.png
Imgs/COD10K-CAM-3-Flying-59-Grasshopper-3748.jpg,GT/COD10K-CAM-3-Flying-59-Grasshopper-3748.png,Edge/COD10K-CAM-3-Flying-59-Grasshopper-3748.png
Imgs/COD10K-CAM-3-Flying-59-Grasshopper-3749.jpg,GT/COD10K-CAM-3-Flying-59-Grasshopper-3749.png,Edge/COD10K-CAM-3-Flying-59-Grasshopper-3749.png
Imgs/COD10K-CAM-3-Flying-59-Grasshopper-3750.jpg,GT/COD10K-CAM-3-Flying-59-Grasshopper-3750.png,Edge/COD10K-CAM-3-Flying-59-Grasshopper-3750.png
Imgs/COD10K-CAM-3-Flying-59-Grasshopper-3751.jpg,GT/COD10K-CAM-3-Flying-59-Grasshopper-3751.png,Edge/COD10K-CAM-3-Flying-59-Grasshopper-3751.png
Imgs/COD10K-CAM-3-Flying-59-Grasshopper-3752.jpg,GT/COD10K-CAM-3-Flying-59-Grasshopper-3752.png,Edge/COD10K-CAM-3-Flying-59-Grasshopper-3752.png
Imgs/COD10K-CAM-3-Flying-59-Grasshopper-3753.jpg,GT/COD10K-CAM-3-Flying-59-Grasshopper-3753.png,Edge/COD10K-CAM-3-Flying-59-Grasshopper-3753.png
Imgs/COD10K-CAM-3-Flying-59-Grasshopper-3754.jpg,GT/COD10K-CAM-3-Flying-59-Grasshopper-3754.png,Edge/COD10K-CAM-3-Flying-59-Grasshopper-3754.png
Imgs/COD10K-CAM-3-Flying-59-Grasshopper-3755.jpg,GT/COD10K-CAM-3-Flying-59-Grasshopper-3755.png,Edge/COD10K-CAM-3-Flying-59-Grasshopper-3755.png
Imgs/COD10K-CAM-3-Flying-59-Grasshopper-3757.jpg,GT/COD10K-CAM-3-Flying-59-Grasshopper-3757.png,Edge/COD10K-CAM-3-Flying-59-Grasshopper-3757.png
Imgs/COD10K-CAM-3-Flying-59-Grasshopper-3763.jpg,GT/COD10K-CAM-3-Flying-59-Grasshopper-3763.png,Edge/COD10K-CAM-3-Flying-59-Grasshopper-3763.png
Imgs/COD10K-CAM-3-Flying-59-Grasshopper-3765.jpg,GT/COD10K-CAM-3-Flying-59-Grasshopper-3765.png,Edge/COD10K-CAM-3-Flying-59-Grasshopper-3765.png
Imgs/COD10K-CAM-3-Flying-59-Grasshopper-3766.jpg,GT/COD10K-CAM-3-Flying-59-Grasshopper-3766.png,Edge/COD10K-CAM-3-Flying-59-Grasshopper-3766.png
Imgs/COD10K-CAM-3-Flying-59-Grasshopper-3767.jpg,GT/COD10K-CAM-3-Flying-59-Grasshopper-3767.png,Edge/COD10K-CAM-3-Flying-59-Grasshopper-3767.png
Imgs/COD10K-CAM-3-Flying-59-Grasshopper-3770.jpg,GT/COD10K-CAM-3-Flying-59-Grasshopper-3770.png,Edge/COD10K-CAM-3-Flying-59-Grasshopper-3770.png
Imgs/COD10K-CAM-3-Flying-59-Grasshopper-3774.jpg,GT/COD10K-CAM-3-Flying-59-Grasshopper-3774.png,Edge/COD10K-CAM-3-Flying-59-Grasshopper-3774.png
Imgs/COD10K-CAM-3-Flying-59-Grasshopper-3779.jpg,GT/COD10K-CAM-3-Flying-59-Grasshopper-3779.png,Edge/COD10K-CAM-3-Flying-59-Grasshopper-3779.png
Imgs/COD10K-CAM-3-Flying-59-Grasshopper-3781.jpg,GT/COD10K-CAM-3-Flying-59-Grasshopper-3781.png,Edge/COD10K-CAM-3-Flying-59-Grasshopper-3781.png
Imgs/COD10K-CAM-3-Flying-59-Grasshopper-3782.jpg,GT/COD10K-CAM-3-Flying-59-Grasshopper-3782.png,Edge/COD10K-CAM-3-Flying-59-Grasshopper-3782.png
Imgs/COD10K-CAM-3-Flying-59-Grasshopper-3783.jpg,GT/COD10K-CAM-3-Flying-59-Grasshopper-3783.png,Edge/COD10K-CAM-3-Flying-59-Grasshopper-3783.png
Imgs/COD10K-CAM-3-Flying-59-Grasshopper-3785.jpg,GT/COD10K-CAM-3-Flying-59-Grasshopper-3785.png,Edge/COD10K-CAM-3-Flying-59-Grasshopper-3785.png
Imgs/COD10K-CAM-3-Flying-59-Grasshopper-3787.jpg,GT/COD10K-CAM-3-Flying-59-Grasshopper-3787.png,Edge/COD10K-CAM-3-Flying-59-Grasshopper-3787.png
Imgs/COD10K-CAM-3-Flying-59-Grasshopper-3789.jpg,GT/COD10K-CAM-3-Flying-59-Grasshopper-3789.png,Edge/COD10K-CAM-3-Flying-59-Grasshopper-3789.png
Imgs/COD10K-CAM-3-Flying-59-Grasshopper-3791.jpg,GT/COD10K-CAM-3-Flying-59-Grasshopper-3791.png,Edge/COD10K-CAM-3-Flying-59-Grasshopper-3791.png
Imgs/COD10K-CAM-3-Flying-59-Grasshopper-3793.jpg,GT/COD10K-CAM-3-Flying-59-Grasshopper-3793.png,Edge/COD10K-CAM-3-Flying-59-Grasshopper-3793.png
Imgs/COD10K-CAM-3-Flying-59-Grasshopper-3794.jpg,GT/COD10K-CAM-3-Flying-59-Grasshopper-3794.png,Edge/COD10K-CAM-3-Flying-59-Grasshopper-3794.png
Imgs/COD10K-CAM-3-Flying-59-Grasshopper-3797.jpg,GT/COD10K-CAM-3-Flying-59-Grasshopper-3797.png,Edge/COD10K-CAM-3-Flying-59-Grasshopper-3797.png
Imgs/COD10K-CAM-3-Flying-59-Grasshopper-3798.jpg,GT/COD10K-CAM-3-Flying-59-Grasshopper-3798.png,Edge/COD10K-CAM-3-Flying-59-Grasshopper-3798.png
Imgs/COD10K-CAM-3-Flying-59-Grasshopper-3800.jpg,GT/COD10K-CAM-3-Flying-59-Grasshopper-3800.png,Edge/COD10K-CAM-3-Flying-59-Grasshopper-3800.png
Imgs/COD10K-CAM-3-Flying-59-Grasshopper-3801.jpg,GT/COD10K-CAM-3-Flying-59-Grasshopper-3801.png,Edge/COD10K-CAM-3-Flying-59-Grasshopper-3801.png
Imgs/COD10K-CAM-3-Flying-59-Grasshopper-3803.jpg,GT/COD10K-CAM-3-Flying-59-Grasshopper-3803.png,Edge/COD10K-CAM-3-Flying-59-Grasshopper-3803.png
Imgs/COD10K-CAM-3-Flying-59-Grasshopper-3805.jpg,GT/COD10K-CAM-3-Flying-59-Grasshopper-3805.png,Edge/COD10K-CAM-3-Flying-59-Grasshopper-3805.png
Imgs/COD10K-CAM-3-Flying-59-Grasshopper-3806.jpg,GT/COD10K-CAM-3-Flying-59-Grasshopper-3806.png,Edge/COD10K-CAM-3-Flying-59-Grasshopper-3806.png
Imgs/COD10K-CAM-3-Flying-59-Grasshopper-3807.jpg,GT/COD10K-CAM-3-Flying-59-Grasshopper-3807.png,Edge/COD10K-CAM-3-Flying-59-Grasshopper-3807.png
Imgs/COD10K-CAM-3-Flying-59-Grasshopper-3809.jpg,GT/COD10K-CAM-3-Flying-59-Grasshopper-3809.png,Edge/COD10K-CAM-3-Flying-59-Grasshopper-3809.png
Imgs/COD10K-CAM-3-Flying-59-Grasshopper-3812.jpg,GT/COD10K-CAM-3-Flying-59-Grasshopper-3812.png,Edge/COD10K-CAM-3-Flying-59-Grasshopper-3812.png
Imgs/COD10K-CAM-3-Flying-59-Grasshopper-3816.jpg,GT/COD10K-CAM-3-Flying-59-Grasshopper-3816.png,Edge/COD10K-CAM-3-Flying-59-Grasshopper-3816.png
Imgs/COD10K-CAM-3-Flying-59-Grasshopper-3817.jpg,GT/COD10K-CAM-3-Flying-59-Grasshopper-3817.png,Edge/COD10K-CAM-3-Flying-59-Grasshopper-3817.png
Imgs/COD10K-CAM-3-Flying-59-Grasshopper-3819.jpg,GT/COD10K-CAM-3-Flying-59-Grasshopper-3819.png,Edge/COD10K-CAM-3-Flying-59-Grasshopper-3819.png
Imgs/COD10K-CAM-3-Flying-59-Grasshopper-3821.jpg,GT/COD10K-CAM-3-Flying-59-Grasshopper-3821.png,Edge/COD10K-CAM-3-Flying-59-Grasshopper-3821.png
Imgs/COD10K-CAM-3-Flying-59-Grasshopper-3822.jpg,GT/COD10K-CAM-3-Flying-59-Grasshopper-3822.png,Edge/COD10K-CAM-3-Flying-59-Grasshopper-3822.png
Imgs/COD10K-CAM-3-Flying-59-Grasshopper-3823.jpg,GT/COD10K-CAM-3-Flying-59-Grasshopper-3823.png,Edge/COD10K-CAM-3-Flying-59-Grasshopper-3823.png
Imgs/COD10K-CAM-3-Flying-59-Grasshopper-3826.jpg,GT/COD10K-CAM-3-Flying-59-Grasshopper-3826.png,Edge/COD10K-CAM-3-Flying-59-Grasshopper-3826.png
Imgs/COD10K-CAM-3-Flying-59-Grasshopper-3827.jpg,GT/COD10K-CAM-3-Flying-59-Grasshopper-3827.png,Edge/COD10K-CAM-3-Flying-59-Grasshopper-3827.png
Imgs/COD10K-CAM-3-Flying-59-Grasshopper-3829.jpg,GT/COD10K-CAM-3-Flying-59-Grasshopper-3829.png,Edge/COD10K-CAM-3-Flying-59-Grasshopper-3829.png
Imgs/COD10K-CAM-3-Flying-59-Grasshopper-3830.jpg,GT/COD10K-CAM-3-Flying-59-Grasshopper-3830.png,Edge/COD10K-CAM-3-Flying-59-Grasshopper-3830.png
Imgs/COD10K-CAM-3-Flying-59-Grasshopper-3832.jpg,GT/COD10K-CAM-3-Flying-59-Grasshopper-3832.png,Edge/COD10K-CAM-3-Flying-59-Grasshopper-3832.png
Imgs/COD10K-CAM-3-Flying-59-Grasshopper-3833.jpg,GT/COD10K-CAM-3-Flying-59-Grasshopper-3833.png,Edge/COD10K-CAM-3-Flying-59-Grasshopper-3833.png
Imgs/COD10K-CAM-3-Flying-59-Grasshopper-3835.jpg,GT/COD10K-CAM-3-Flying-59-Grasshopper-3835.png,Edge/COD10K-CAM-3-Flying-59-Grasshopper-3835.png
Imgs/COD10K-CAM-3-Flying-59-Grasshopper-3836.jpg,GT/COD10K-CAM-3-Flying-59-Grasshopper-3836.png,Edge/COD10K-CAM-3-Flying-59-Grasshopper-3836.png
Imgs/COD10K-CAM-3-Flying-59-Grasshopper-3837.jpg,GT/COD10K-CAM-3-Flying-59-Grasshopper-3837.png,Edge/COD10K-CAM-3-Flying-59-Grasshopper-3837.png
Imgs/COD10K-CAM-3-Flying-59-Grasshopper-3838.jpg,GT/COD10K-CAM-3-Flying-59-Grasshopper-3838.png,Edge/COD10K-CAM-3-Flying-59-Grasshopper-3838.png
Imgs/COD10K-CAM-3-Flying-59-Grasshopper-3839.jpg,GT/COD10K-CAM-3-Flying-59-Grasshopper-3839.png,Edge/COD10K-CAM-3-Flying-59-Grasshopper-3839.png
Imgs/COD10K-CAM-3-Flying-59-Grasshopper-3841.jpg,GT/COD10K-CAM-3-Flying-59-Grasshopper-3841.png,Edge/COD10K-CAM-3-Flying-59-Grasshopper-3841.png
Imgs/COD10K-CAM-3-Flying-59-Grasshopper-3842.jpg,GT/COD10K-CAM-3-Flying-59-Grasshopper-3842.png,Edge/COD10K-CAM-3-Flying-59-Grasshopper-3842.png
Imgs/COD10K-CAM-3-Flying-59-Grasshopper-3843.jpg,GT/COD10K-CAM-3-Flying-59-Grasshopper-3843.png,Edge/COD10K-CAM-3-Flying-59-Grasshopper-3843.png
Imgs/COD10K-CAM-3-Flying-59-Grasshopper-3844.jpg,GT/COD10K-CAM-3-Flying-59-Grasshopper-3844.png,Edge/COD10K-CAM-3-Flying-59-Grasshopper-3844.png
Imgs/COD10K-CAM-3-Flying-59-Grasshopper-3846.jpg,GT/COD10K-CAM-3-Flying-59-Grasshopper-3846.png,Edge/COD10K-CAM-3-Flying-59-Grasshopper-3846.png
Imgs/COD10K-CAM-3-Flying-59-Grasshopper-3848.jpg,GT/COD10K-CAM-3-Flying-59-Grasshopper-3848.png,Edge/COD10K-CAM-3-Flying-59-Grasshopper-3848.png
Imgs/COD10K-CAM-3-Flying-59-Grasshopper-3851.jpg,GT/COD10K-CAM-3-Flying-59-Grasshopper-3851.png,Edge/COD10K-CAM-3-Flying-59-Grasshopper-3851.png
Imgs/COD10K-CAM-3-Flying-59-Grasshopper-3852.jpg,GT/COD10K-CAM-3-Flying-59-Grasshopper-3852.png,Edge/COD10K-CAM-3-Flying-59-Grasshopper-3852.png
Imgs/COD10K-CAM-3-Flying-59-Grasshopper-3854.jpg,GT/COD10K-CAM-3-Flying-59-Grasshopper-3854.png,Edge/COD10K-CAM-3-Flying-59-Grasshopper-3854.png
Imgs/COD10K-CAM-3-Flying-59-Grasshopper-3855.jpg,GT/COD10K-CAM-3-Flying-59-Grasshopper-3855.png,Edge/COD10K-CAM-3-Flying-59-Grasshopper-3855.png
Imgs/COD10K-CAM-3-Flying-59-Grasshopper-3858.jpg,GT/COD10K-CAM-3-Flying-59-Grasshopper-3858.png,Edge/COD10K-CAM-3-Flying-59-Grasshopper-3858.png
Imgs/COD10K-CAM-3-Flying-59-Grasshopper-3860.jpg,GT/COD10K-CAM-3-Flying-59-Grasshopper-3860.png,Edge/COD10K-CAM-3-Flying-59-Grasshopper-3860.png
Imgs/COD10K-CAM-3-Flying-59-Grasshopper-3861.jpg,GT/COD10K-CAM-3-Flying-59-Grasshopper-3861.png,Edge/COD10K-CAM-3-Flying-59-Grasshopper-3861.png
Imgs/COD10K-CAM-3-Flying-59-Grasshopper-3862.jpg,GT/COD10K-CAM-3-Flying-59-Grasshopper-3862.png,Edge/COD10K-CAM-3-Flying-59-Grasshopper-3862.png
Imgs/COD10K-CAM-3-Flying-59-Grasshopper-3864.jpg,GT/COD10K-CAM-3-Flying-59-Grasshopper-3864.png,Edge/COD10K-CAM-3-Flying-59-Grasshopper-3864.png
Imgs/COD10K-CAM-3-Flying-59-Grasshopper-3865.jpg,GT/COD10K-CAM-3-Flying-59-Grasshopper-3865.png,Edge/COD10K-CAM-3-Flying-59-Grasshopper-3865.png
Imgs/COD10K-CAM-3-Flying-59-Grasshopper-3867.jpg,GT/COD10K-CAM-3-Flying-59-Grasshopper-3867.png,Edge/COD10K-CAM-3-Flying-59-Grasshopper-3867.png
Imgs/COD10K-CAM-3-Flying-59-Grasshopper-3868.jpg,GT/COD10K-CAM-3-Flying-59-Grasshopper-3868.png,Edge/COD10K-CAM-3-Flying-59-Grasshopper-3868.png
Imgs/COD10K-CAM-3-Flying-59-Grasshopper-3869.jpg,GT/COD10K-CAM-3-Flying-59-Grasshopper-3869.png,Edge/COD10K-CAM-3-Flying-59-Grasshopper-3869.png
Imgs/COD10K-CAM-3-Flying-59-Grasshopper-3871.jpg,GT/COD10K-CAM-3-Flying-59-Grasshopper-3871.png,Edge/COD10K-CAM-3-Flying-59-Grasshopper-3871.png
Imgs/COD10K-CAM-3-Flying-59-Grasshopper-3878.jpg,GT/COD10K-CAM-3-Flying-59-Grasshopper-3878.png,Edge/COD10K-CAM-3-Flying-59-Grasshopper-3878.png
Imgs/COD10K-CAM-3-Flying-59-Grasshopper-3879.jpg,GT/COD10K-CAM-3-Flying-59-Grasshopper-3879.png,Edge/COD10K-CAM-3-Flying-59-Grasshopper-3879.png
Imgs/COD10K-CAM-3-Flying-60-Heron-3882.jpg,GT/COD10K-CAM-3-Flying-60-Heron-3882.png,Edge/COD10K-CAM-3-Flying-60-Heron-3882.png
Imgs/COD10K-CAM-3-Flying-60-Heron-3883.jpg,GT/COD10K-CAM-3-Flying-60-Heron-3883.png,Edge/COD10K-CAM-3-Flying-60-Heron-3883.png
Imgs/COD10K-CAM-3-Flying-60-Heron-3887.jpg,GT/COD10K-CAM-3-Flying-60-Heron-3887.png,Edge/COD10K-CAM-3-Flying-60-Heron-3887.png
Imgs/COD10K-CAM-3-Flying-60-Heron-3890.jpg,GT/COD10K-CAM-3-Flying-60-Heron-3890.png,Edge/COD10K-CAM-3-Flying-60-Heron-3890.png
Imgs/COD10K-CAM-3-Flying-60-Heron-3894.jpg,GT/COD10K-CAM-3-Flying-60-Heron-3894.png,Edge/COD10K-CAM-3-Flying-60-Heron-3894.png
Imgs/COD10K-CAM-3-Flying-60-Heron-3896.jpg,GT/COD10K-CAM-3-Flying-60-Heron-3896.png,Edge/COD10K-CAM-3-Flying-60-Heron-3896.png
Imgs/COD10K-CAM-3-Flying-60-Heron-3897.jpg,GT/COD10K-CAM-3-Flying-60-Heron-3897.png,Edge/COD10K-CAM-3-Flying-60-Heron-3897.png
Imgs/COD10K-CAM-3-Flying-60-Heron-3899.jpg,GT/COD10K-CAM-3-Flying-60-Heron-3899.png,Edge/COD10K-CAM-3-Flying-60-Heron-3899.png
Imgs/COD10K-CAM-3-Flying-60-Heron-3902.jpg,GT/COD10K-CAM-3-Flying-60-Heron-3902.png,Edge/COD10K-CAM-3-Flying-60-Heron-3902.png
Imgs/COD10K-CAM-3-Flying-60-Heron-3903.jpg,GT/COD10K-CAM-3-Flying-60-Heron-3903.png,Edge/COD10K-CAM-3-Flying-60-Heron-3903.png
Imgs/COD10K-CAM-3-Flying-60-Heron-3904.jpg,GT/COD10K-CAM-3-Flying-60-Heron-3904.png,Edge/COD10K-CAM-3-Flying-60-Heron-3904.png
Imgs/COD10K-CAM-3-Flying-60-Heron-3905.jpg,GT/COD10K-CAM-3-Flying-60-Heron-3905.png,Edge/COD10K-CAM-3-Flying-60-Heron-3905.png
Imgs/COD10K-CAM-3-Flying-60-Heron-3907.jpg,GT/COD10K-CAM-3-Flying-60-Heron-3907.png,Edge/COD10K-CAM-3-Flying-60-Heron-3907.png
Imgs/COD10K-CAM-3-Flying-60-Heron-3908.jpg,GT/COD10K-CAM-3-Flying-60-Heron-3908.png,Edge/COD10K-CAM-3-Flying-60-Heron-3908.png
Imgs/COD10K-CAM-3-Flying-60-Heron-3910.jpg,GT/COD10K-CAM-3-Flying-60-Heron-3910.png,Edge/COD10K-CAM-3-Flying-60-Heron-3910.png
Imgs/COD10K-CAM-3-Flying-60-Heron-3913.jpg,GT/COD10K-CAM-3-Flying-60-Heron-3913.png,Edge/COD10K-CAM-3-Flying-60-Heron-3913.png
Imgs/COD10K-CAM-3-Flying-60-Heron-3914.jpg,GT/COD10K-CAM-3-Flying-60-Heron-3914.png,Edge/COD10K-CAM-3-Flying-60-Heron-3914.png
Imgs/COD10K-CAM-3-Flying-60-Heron-3915.jpg,GT/COD10K-CAM-3-Flying-60-Heron-3915.png,Edge/COD10K-CAM-3-Flying-60-Heron-3915.png
Imgs/COD10K-CAM-3-Flying-60-Heron-3916.jpg,GT/COD10K-CAM-3-Flying-60-Heron-3916.png,Edge/COD10K-CAM-3-Flying-60-Heron-3916.png
Imgs/COD10K-CAM-3-Flying-60-Heron-3917.jpg,GT/COD10K-CAM-3-Flying-60-Heron-3917.png,Edge/COD10K-CAM-3-Flying-60-Heron-3917.png
Imgs/COD10K-CAM-3-Flying-60-Heron-3919.jpg,GT/COD10K-CAM-3-Flying-60-Heron-3919.png,Edge/COD10K-CAM-3-Flying-60-Heron-3919.png
Imgs/COD10K-CAM-3-Flying-60-Heron-3920.jpg,GT/COD10K-CAM-3-Flying-60-Heron-3920.png,Edge/COD10K-CAM-3-Flying-60-Heron-3920.png
Imgs/COD10K-CAM-3-Flying-60-Heron-3923.jpg,GT/COD10K-CAM-3-Flying-60-Heron-3923.png,Edge/COD10K-CAM-3-Flying-60-Heron-3923.png
Imgs/COD10K-CAM-3-Flying-60-Heron-3924.jpg,GT/COD10K-CAM-3-Flying-60-Heron-3924.png,Edge/COD10K-CAM-3-Flying-60-Heron-3924.png
Imgs/COD10K-CAM-3-Flying-60-Heron-3926.jpg,GT/COD10K-CAM-3-Flying-60-Heron-3926.png,Edge/COD10K-CAM-3-Flying-60-Heron-3926.png
Imgs/COD10K-CAM-3-Flying-60-Heron-3929.jpg,GT/COD10K-CAM-3-Flying-60-Heron-3929.png,Edge/COD10K-CAM-3-Flying-60-Heron-3929.png
Imgs/COD10K-CAM-3-Flying-60-Heron-3930.jpg,GT/COD10K-CAM-3-Flying-60-Heron-3930.png,Edge/COD10K-CAM-3-Flying-60-Heron-3930.png
Imgs/COD10K-CAM-3-Flying-60-Heron-3931.jpg,GT/COD10K-CAM-3-Flying-60-Heron-3931.png,Edge/COD10K-CAM-3-Flying-60-Heron-3931.png
Imgs/COD10K-CAM-3-Flying-60-Heron-3932.jpg,GT/COD10K-CAM-3-Flying-60-Heron-3932.png,Edge/COD10K-CAM-3-Flying-60-Heron-3932.png
Imgs/COD10K-CAM-3-Flying-60-Heron-3933.jpg,GT/COD10K-CAM-3-Flying-60-Heron-3933.png,Edge/COD10K-CAM-3-Flying-60-Heron-3933.png
Imgs/COD10K-CAM-3-Flying-61-Katydid-3934.jpg,GT/COD10K-CAM-3-Flying-61-Katydid-3934.png,Edge/COD10K-CAM-3-Flying-61-Katydid-3934.png
Imgs/COD10K-CAM-3-Flying-61-Katydid-3935.jpg,GT/COD10K-CAM-3-Flying-61-Katydid-3935.png,Edge/COD10K-CAM-3-Flying-61-Katydid-3935.png
Imgs/COD10K-CAM-3-Flying-61-Katydid-3936.jpg,GT/COD10K-CAM-3-Flying-61-Katydid-3936.png,Edge/COD10K-CAM-3-Flying-61-Katydid-3936.png
Imgs/COD10K-CAM-3-Flying-61-Katydid-3937.jpg,GT/COD10K-CAM-3-Flying-61-Katydid-3937.png,Edge/COD10K-CAM-3-Flying-61-Katydid-3937.png
Imgs/COD10K-CAM-3-Flying-61-Katydid-3938.jpg,GT/COD10K-CAM-3-Flying-61-Katydid-3938.png,Edge/COD10K-CAM-3-Flying-61-Katydid-3938.png
Imgs/COD10K-CAM-3-Flying-61-Katydid-3940.jpg,GT/COD10K-CAM-3-Flying-61-Katydid-3940.png,Edge/COD10K-CAM-3-Flying-61-Katydid-3940.png
Imgs/COD10K-CAM-3-Flying-61-Katydid-3941.jpg,GT/COD10K-CAM-3-Flying-61-Katydid-3941.png,Edge/COD10K-CAM-3-Flying-61-Katydid-3941.png
Imgs/COD10K-CAM-3-Flying-61-Katydid-3943.jpg,GT/COD10K-CAM-3-Flying-61-Katydid-3943.png,Edge/COD10K-CAM-3-Flying-61-Katydid-3943.png
Imgs/COD10K-CAM-3-Flying-61-Katydid-3944.jpg,GT/COD10K-CAM-3-Flying-61-Katydid-3944.png,Edge/COD10K-CAM-3-Flying-61-Katydid-3944.png
Imgs/COD10K-CAM-3-Flying-61-Katydid-3945.jpg,GT/COD10K-CAM-3-Flying-61-Katydid-3945.png,Edge/COD10K-CAM-3-Flying-61-Katydid-3945.png
Imgs/COD10K-CAM-3-Flying-61-Katydid-3946.jpg,GT/COD10K-CAM-3-Flying-61-Katydid-3946.png,Edge/COD10K-CAM-3-Flying-61-Katydid-3946.png
Imgs/COD10K-CAM-3-Flying-61-Katydid-3947.jpg,GT/COD10K-CAM-3-Flying-61-Katydid-3947.png,Edge/COD10K-CAM-3-Flying-61-Katydid-3947.png
Imgs/COD10K-CAM-3-Flying-61-Katydid-3948.jpg,GT/COD10K-CAM-3-Flying-61-Katydid-3948.png,Edge/COD10K-CAM-3-Flying-61-Katydid-3948.png
Imgs/COD10K-CAM-3-Flying-61-Katydid-3953.jpg,GT/COD10K-CAM-3-Flying-61-Katydid-3953.png,Edge/COD10K-CAM-3-Flying-61-Katydid-3953.png
Imgs/COD10K-CAM-3-Flying-61-Katydid-3954.jpg,GT/COD10K-CAM-3-Flying-61-Katydid-3954.png,Edge/COD10K-CAM-3-Flying-61-Katydid-3954.png
Imgs/COD10K-CAM-3-Flying-61-Katydid-3955.jpg,GT/COD10K-CAM-3-Flying-61-Katydid-3955.png,Edge/COD10K-CAM-3-Flying-61-Katydid-3955.png
Imgs/COD10K-CAM-3-Flying-61-Katydid-3957.jpg,GT/COD10K-CAM-3-Flying-61-Katydid-3957.png,Edge/COD10K-CAM-3-Flying-61-Katydid-3957.png
Imgs/COD10K-CAM-3-Flying-61-Katydid-3959.jpg,GT/COD10K-CAM-3-Flying-61-Katydid-3959.png,Edge/COD10K-CAM-3-Flying-61-Katydid-3959.png
Imgs/COD10K-CAM-3-Flying-61-Katydid-3960.jpg,GT/COD10K-CAM-3-Flying-61-Katydid-3960.png,Edge/COD10K-CAM-3-Flying-61-Katydid-3960.png
Imgs/COD10K-CAM-3-Flying-61-Katydid-3961.jpg,GT/COD10K-CAM-3-Flying-61-Katydid-3961.png,Edge/COD10K-CAM-3-Flying-61-Katydid-3961.png
Imgs/COD10K-CAM-3-Flying-61-Katydid-3963.jpg,GT/COD10K-CAM-3-Flying-61-Katydid-3963.png,Edge/COD10K-CAM-3-Flying-61-Katydid-3963.png
Imgs/COD10K-CAM-3-Flying-61-Katydid-3966.jpg,GT/COD10K-CAM-3-Flying-61-Katydid-3966.png,Edge/COD10K-CAM-3-Flying-61-Katydid-3966.png
Imgs/COD10K-CAM-3-Flying-61-Katydid-3967.jpg,GT/COD10K-CAM-3-Flying-61-Katydid-3967.png,Edge/COD10K-CAM-3-Flying-61-Katydid-3967.png
Imgs/COD10K-CAM-3-Flying-61-Katydid-3969.jpg,GT/COD10K-CAM-3-Flying-61-Katydid-3969.png,Edge/COD10K-CAM-3-Flying-61-Katydid-3969.png
Imgs/COD10K-CAM-3-Flying-61-Katydid-3970.jpg,GT/COD10K-CAM-3-Flying-61-Katydid-3970.png,Edge/COD10K-CAM-3-Flying-61-Katydid-3970.png
Imgs/COD10K-CAM-3-Flying-61-Katydid-3972.jpg,GT/COD10K-CAM-3-Flying-61-Katydid-3972.png,Edge/COD10K-CAM-3-Flying-61-Katydid-3972.png
Imgs/COD10K-CAM-3-Flying-61-Katydid-3973.jpg,GT/COD10K-CAM-3-Flying-61-Katydid-3973.png,Edge/COD10K-CAM-3-Flying-61-Katydid-3973.png
Imgs/COD10K-CAM-3-Flying-61-Katydid-3974.jpg,GT/COD10K-CAM-3-Flying-61-Katydid-3974.png,Edge/COD10K-CAM-3-Flying-61-Katydid-3974.png
Imgs/COD10K-CAM-3-Flying-61-Katydid-3975.jpg,GT/COD10K-CAM-3-Flying-61-Katydid-3975.png,Edge/COD10K-CAM-3-Flying-61-Katydid-3975.png
Imgs/COD10K-CAM-3-Flying-61-Katydid-3977.jpg,GT/COD10K-CAM-3-Flying-61-Katydid-3977.png,Edge/COD10K-CAM-3-Flying-61-Katydid-3977.png
Imgs/COD10K-CAM-3-Flying-61-Katydid-3978.jpg,GT/COD10K-CAM-3-Flying-61-Katydid-3978.png,Edge/COD10K-CAM-3-Flying-61-Katydid-3978.png
Imgs/COD10K-CAM-3-Flying-61-Katydid-3981.jpg,GT/COD10K-CAM-3-Flying-61-Katydid-3981.png,Edge/COD10K-CAM-3-Flying-61-Katydid-3981.png
Imgs/COD10K-CAM-3-Flying-61-Katydid-3984.jpg,GT/COD10K-CAM-3-Flying-61-Katydid-3984.png,Edge/COD10K-CAM-3-Flying-61-Katydid-3984.png
Imgs/COD10K-CAM-3-Flying-61-Katydid-3985.jpg,GT/COD10K-CAM-3-Flying-61-Katydid-3985.png,Edge/COD10K-CAM-3-Flying-61-Katydid-3985.png
Imgs/COD10K-CAM-3-Flying-61-Katydid-3986.jpg,GT/COD10K-CAM-3-Flying-61-Katydid-3986.png,Edge/COD10K-CAM-3-Flying-61-Katydid-3986.png
Imgs/COD10K-CAM-3-Flying-61-Katydid-3989.jpg,GT/COD10K-CAM-3-Flying-61-Katydid-3989.png,Edge/COD10K-CAM-3-Flying-61-Katydid-3989.png
Imgs/COD10K-CAM-3-Flying-61-Katydid-3991.jpg,GT/COD10K-CAM-3-Flying-61-Katydid-3991.png,Edge/COD10K-CAM-3-Flying-61-Katydid-3991.png
Imgs/COD10K-CAM-3-Flying-61-Katydid-3992.jpg,GT/COD10K-CAM-3-Flying-61-Katydid-3992.png,Edge/COD10K-CAM-3-Flying-61-Katydid-3992.png
Imgs/COD10K-CAM-3-Flying-61-Katydid-3995.jpg,GT/COD10K-CAM-3-Flying-61-Katydid-3995.png,Edge/COD10K-CAM-3-Flying-61-Katydid-3995.png
Imgs/COD10K-CAM-3-Flying-61-Katydid-3996.jpg,GT/COD10K-CAM-3-Flying-61-Katydid-3996.png,Edge/COD10K-CAM-3-Flying-61-Katydid-3996.png
Imgs/COD10K-CAM-3-Flying-61-Katydid-3997.jpg,GT/COD10K-CAM-3-Flying-61-Katydid-3997.png,Edge/COD10K-CAM-3-Flying-61-Katydid-3997.png
Imgs/COD10K-CAM-3-Flying-61-Katydid-3998.jpg,GT/COD10K-CAM-3-Flying-61-Katydid-3998.png,Edge/COD10K-CAM-3-Flying-61-Katydid-3998.png
Imgs/COD10K-CAM-3-Flying-61-Katydid-3999.jpg,GT/COD10K-CAM-3-Flying-61-Katydid-3999.png,Edge/COD10K-CAM-3-Flying-61-Katydid-3999.png
Imgs/COD10K-CAM-3-Flying-61-Katydid-4000.jpg,GT/COD10K-CAM-3-Flying-61-Katydid-4000.png,Edge/COD10K-CAM-3-Flying-61-Katydid-4000.png
Imgs/COD10K-CAM-3-Flying-61-Katydid-4001.jpg,GT/COD10K-CAM-3-Flying-61-Katydid-4001.png,Edge/COD10K-CAM-3-Flying-61-Katydid-4001.png
Imgs/COD10K-CAM-3-Flying-61-Katydid-4002.jpg,GT/COD10K-CAM-3-Flying-61-Katydid-4002.png,Edge/COD10K-CAM-3-Flying-61-Katydid-4002.png
Imgs/COD10K-CAM-3-Flying-61-Katydid-4005.jpg,GT/COD10K-CAM-3-Flying-61-Katydid-4005.png,Edge/COD10K-CAM-3-Flying-61-Katydid-4005.png
Imgs/COD10K-CAM-3-Flying-61-Katydid-4007.jpg,GT/COD10K-CAM-3-Flying-61-Katydid-4007.png,Edge/COD10K-CAM-3-Flying-61-Katydid-4007.png
Imgs/COD10K-CAM-3-Flying-61-Katydid-4009.jpg,GT/COD10K-CAM-3-Flying-61-Katydid-4009.png,Edge/COD10K-CAM-3-Flying-61-Katydid-4009.png
Imgs/COD10K-CAM-3-Flying-61-Katydid-4010.jpg,GT/COD10K-CAM-3-Flying-61-Katydid-4010.png,Edge/COD10K-CAM-3-Flying-61-Katydid-4010.png
Imgs/COD10K-CAM-3-Flying-61-Katydid-4011.jpg,GT/COD10K-CAM-3-Flying-61-Katydid-4011.png,Edge/COD10K-CAM-3-Flying-61-Katydid-4011.png
Imgs/COD10K-CAM-3-Flying-61-Katydid-4012.jpg,GT/COD10K-CAM-3-Flying-61-Katydid-4012.png,Edge/COD10K-CAM-3-Flying-61-Katydid-4012.png
Imgs/COD10K-CAM-3-Flying-61-Katydid-4013.jpg,GT/COD10K-CAM-3-Flying-61-Katydid-4013.png,Edge/COD10K-CAM-3-Flying-61-Katydid-4013.png
Imgs/COD10K-CAM-3-Flying-61-Katydid-4015.jpg,GT/COD10K-CAM-3-Flying-61-Katydid-4015.png,Edge/COD10K-CAM-3-Flying-61-Katydid-4015.png
Imgs/COD10K-CAM-3-Flying-61-Katydid-4017.jpg,GT/COD10K-CAM-3-Flying-61-Katydid-4017.png,Edge/COD10K-CAM-3-Flying-61-Katydid-4017.png
Imgs/COD10K-CAM-3-Flying-61-Katydid-4018.jpg,GT/COD10K-CAM-3-Flying-61-Katydid-4018.png,Edge/COD10K-CAM-3-Flying-61-Katydid-4018.png
Imgs/COD10K-CAM-3-Flying-61-Katydid-4019.jpg,GT/COD10K-CAM-3-Flying-61-Katydid-4019.png,Edge/COD10K-CAM-3-Flying-61-Katydid-4019.png
Imgs/COD10K-CAM-3-Flying-61-Katydid-4024.jpg,GT/COD10K-CAM-3-Flying-61-Katydid-4024.png,Edge/COD10K-CAM-3-Flying-61-Katydid-4024.png
Imgs/COD10K-CAM-3-Flying-61-Katydid-4026.jpg,GT/COD10K-CAM-3-Flying-61-Katydid-4026.png,Edge/COD10K-CAM-3-Flying-61-Katydid-4026.png
Imgs/COD10K-CAM-3-Flying-61-Katydid-4028.jpg,GT/COD10K-CAM-3-Flying-61-Katydid-4028.png,Edge/COD10K-CAM-3-Flying-61-Katydid-4028.png
Imgs/COD10K-CAM-3-Flying-61-Katydid-4029.jpg,GT/COD10K-CAM-3-Flying-61-Katydid-4029.png,Edge/COD10K-CAM-3-Flying-61-Katydid-4029.png
Imgs/COD10K-CAM-3-Flying-61-Katydid-4030.jpg,GT/COD10K-CAM-3-Flying-61-Katydid-4030.png,Edge/COD10K-CAM-3-Flying-61-Katydid-4030.png
Imgs/COD10K-CAM-3-Flying-61-Katydid-4031.jpg,GT/COD10K-CAM-3-Flying-61-Katydid-4031.png,Edge/COD10K-CAM-3-Flying-61-Katydid-4031.png
Imgs/COD10K-CAM-3-Flying-61-Katydid-4032.jpg,GT/COD10K-CAM-3-Flying-61-Katydid-4032.png,Edge/COD10K-CAM-3-Flying-61-Katydid-4032.png
Imgs/COD10K-CAM-3-Flying-61-Katydid-4033.jpg,GT/COD10K-CAM-3-Flying-61-Katydid-4033.png,Edge/COD10K-CAM-3-Flying-61-Katydid-4033.png
Imgs/COD10K-CAM-3-Flying-61-Katydid-4034.jpg,GT/COD10K-CAM-3-Flying-61-Katydid-4034.png,Edge/COD10K-CAM-3-Flying-61-Katydid-4034.png
Imgs/COD10K-CAM-3-Flying-61-Katydid-4036.jpg,GT/COD10K-CAM-3-Flying-61-Katydid-4036.png,Edge/COD10K-CAM-3-Flying-61-Katydid-4036.png
Imgs/COD10K-CAM-3-Flying-61-Katydid-4038.jpg,GT/COD10K-CAM-3-Flying-61-Katydid-4038.png,Edge/COD10K-CAM-3-Flying-61-Katydid-4038.png
Imgs/COD10K-CAM-3-Flying-61-Katydid-4039.jpg,GT/COD10K-CAM-3-Flying-61-Katydid-4039.png,Edge/COD10K-CAM-3-Flying-61-Katydid-4039.png
Imgs/COD10K-CAM-3-Flying-61-Katydid-4040.jpg,GT/COD10K-CAM-3-Flying-61-Katydid-4040.png,Edge/COD10K-CAM-3-Flying-61-Katydid-4040.png
Imgs/COD10K-CAM-3-Flying-61-Katydid-4041.jpg,GT/COD10K-CAM-3-Flying-61-Katydid-4041.png,Edge/COD10K-CAM-3-Flying-61-Katydid-4041.png
Imgs/COD10K-CAM-3-Flying-61-Katydid-4043.jpg,GT/COD10K-CAM-3-Flying-61-Katydid-4043.png,Edge/COD10K-CAM-3-Flying-61-Katydid-4043.png
Imgs/COD10K-CAM-3-Flying-61-Katydid-4044.jpg,GT/COD10K-CAM-3-Flying-61-Katydid-4044.png,Edge/COD10K-CAM-3-Flying-61-Katydid-4044.png
Imgs/COD10K-CAM-3-Flying-61-Katydid-4046.jpg,GT/COD10K-CAM-3-Flying-61-Katydid-4046.png,Edge/COD10K-CAM-3-Flying-61-Katydid-4046.png
Imgs/COD10K-CAM-3-Flying-61-Katydid-4048.jpg,GT/COD10K-CAM-3-Flying-61-Katydid-4048.png,Edge/COD10K-CAM-3-Flying-61-Katydid-4048.png
Imgs/COD10K-CAM-3-Flying-61-Katydid-4049.jpg,GT/COD10K-CAM-3-Flying-61-Katydid-4049.png,Edge/COD10K-CAM-3-Flying-61-Katydid-4049.png
Imgs/COD10K-CAM-3-Flying-61-Katydid-4050.jpg,GT/COD10K-CAM-3-Flying-61-Katydid-4050.png,Edge/COD10K-CAM-3-Flying-61-Katydid-4050.png
Imgs/COD10K-CAM-3-Flying-61-Katydid-4052.jpg,GT/COD10K-CAM-3-Flying-61-Katydid-4052.png,Edge/COD10K-CAM-3-Flying-61-Katydid-4052.png
Imgs/COD10K-CAM-3-Flying-61-Katydid-4053.jpg,GT/COD10K-CAM-3-Flying-61-Katydid-4053.png,Edge/COD10K-CAM-3-Flying-61-Katydid-4053.png
Imgs/COD10K-CAM-3-Flying-61-Katydid-4055.jpg,GT/COD10K-CAM-3-Flying-61-Katydid-4055.png,Edge/COD10K-CAM-3-Flying-61-Katydid-4055.png
Imgs/COD10K-CAM-3-Flying-61-Katydid-4056.jpg,GT/COD10K-CAM-3-Flying-61-Katydid-4056.png,Edge/COD10K-CAM-3-Flying-61-Katydid-4056.png
Imgs/COD10K-CAM-3-Flying-61-Katydid-4057.jpg,GT/COD10K-CAM-3-Flying-61-Katydid-4057.png,Edge/COD10K-CAM-3-Flying-61-Katydid-4057.png
Imgs/COD10K-CAM-3-Flying-61-Katydid-4058.jpg,GT/COD10K-CAM-3-Flying-61-Katydid-4058.png,Edge/COD10K-CAM-3-Flying-61-Katydid-4058.png
Imgs/COD10K-CAM-3-Flying-61-Katydid-4061.jpg,GT/COD10K-CAM-3-Flying-61-Katydid-4061.png,Edge/COD10K-CAM-3-Flying-61-Katydid-4061.png
Imgs/COD10K-CAM-3-Flying-61-Katydid-4065.jpg,GT/COD10K-CAM-3-Flying-61-Katydid-4065.png,Edge/COD10K-CAM-3-Flying-61-Katydid-4065.png
Imgs/COD10K-CAM-3-Flying-61-Katydid-4066.jpg,GT/COD10K-CAM-3-Flying-61-Katydid-4066.png,Edge/COD10K-CAM-3-Flying-61-Katydid-4066.png
Imgs/COD10K-CAM-3-Flying-61-Katydid-4067.jpg,GT/COD10K-CAM-3-Flying-61-Katydid-4067.png,Edge/COD10K-CAM-3-Flying-61-Katydid-4067.png
Imgs/COD10K-CAM-3-Flying-61-Katydid-4069.jpg,GT/COD10K-CAM-3-Flying-61-Katydid-4069.png,Edge/COD10K-CAM-3-Flying-61-Katydid-4069.png
Imgs/COD10K-CAM-3-Flying-61-Katydid-4070.jpg,GT/COD10K-CAM-3-Flying-61-Katydid-4070.png,Edge/COD10K-CAM-3-Flying-61-Katydid-4070.png
Imgs/COD10K-CAM-3-Flying-61-Katydid-4071.jpg,GT/COD10K-CAM-3-Flying-61-Katydid-4071.png,Edge/COD10K-CAM-3-Flying-61-Katydid-4071.png
Imgs/COD10K-CAM-3-Flying-61-Katydid-4072.jpg,GT/COD10K-CAM-3-Flying-61-Katydid-4072.png,Edge/COD10K-CAM-3-Flying-61-Katydid-4072.png
Imgs/COD10K-CAM-3-Flying-61-Katydid-4076.jpg,GT/COD10K-CAM-3-Flying-61-Katydid-4076.png,Edge/COD10K-CAM-3-Flying-61-Katydid-4076.png
Imgs/COD10K-CAM-3-Flying-61-Katydid-4078.jpg,GT/COD10K-CAM-3-Flying-61-Katydid-4078.png,Edge/COD10K-CAM-3-Flying-61-Katydid-4078.png
Imgs/COD10K-CAM-3-Flying-61-Katydid-4079.jpg,GT/COD10K-CAM-3-Flying-61-Katydid-4079.png,Edge/COD10K-CAM-3-Flying-61-Katydid-4079.png
Imgs/COD10K-CAM-3-Flying-61-Katydid-4081.jpg,GT/COD10K-CAM-3-Flying-61-Katydid-4081.png,Edge/COD10K-CAM-3-Flying-61-Katydid-4081.png
Imgs/COD10K-CAM-3-Flying-61-Katydid-4083.jpg,GT/COD10K-CAM-3-Flying-61-Katydid-4083.png,Edge/COD10K-CAM-3-Flying-61-Katydid-4083.png
Imgs/COD10K-CAM-3-Flying-61-Katydid-4084.jpg,GT/COD10K-CAM-3-Flying-61-Katydid-4084.png,Edge/COD10K-CAM-3-Flying-61-Katydid-4084.png
Imgs/COD10K-CAM-3-Flying-61-Katydid-4088.jpg,GT/COD10K-CAM-3-Flying-61-Katydid-4088.png,Edge/COD10K-CAM-3-Flying-61-Katydid-4088.png
Imgs/COD10K-CAM-3-Flying-61-Katydid-4089.jpg,GT/COD10K-CAM-3-Flying-61-Katydid-4089.png,Edge/COD10K-CAM-3-Flying-61-Katydid-4089.png
Imgs/COD10K-CAM-3-Flying-61-Katydid-4090.jpg,GT/COD10K-CAM-3-Flying-61-Katydid-4090.png,Edge/COD10K-CAM-3-Flying-61-Katydid-4090.png
Imgs/COD10K-CAM-3-Flying-61-Katydid-4092.jpg,GT/COD10K-CAM-3-Flying-61-Katydid-4092.png,Edge/COD10K-CAM-3-Flying-61-Katydid-4092.png
Imgs/COD10K-CAM-3-Flying-61-Katydid-4095.jpg,GT/COD10K-CAM-3-Flying-61-Katydid-4095.png,Edge/COD10K-CAM-3-Flying-61-Katydid-4095.png
Imgs/COD10K-CAM-3-Flying-61-Katydid-4096.jpg,GT/COD10K-CAM-3-Flying-61-Katydid-4096.png,Edge/COD10K-CAM-3-Flying-61-Katydid-4096.png
Imgs/COD10K-CAM-3-Flying-61-Katydid-4097.jpg,GT/COD10K-CAM-3-Flying-61-Katydid-4097.png,Edge/COD10K-CAM-3-Flying-61-Katydid-4097.png
Imgs/COD10K-CAM-3-Flying-61-Katydid-4098.jpg,GT/COD10K-CAM-3-Flying-61-Katydid-4098.png,Edge/COD10K-CAM-3-Flying-61-Katydid-4098.png
Imgs/COD10K-CAM-3-Flying-61-Katydid-4099.jpg,GT/COD10K-CAM-3-Flying-61-Katydid-4099.png,Edge/COD10K-CAM-3-Flying-61-Katydid-4099.png
Imgs/COD10K-CAM-3-Flying-61-Katydid-4100.jpg,GT/COD10K-CAM-3-Flying-61-Katydid-4100.png,Edge/COD10K-CAM-3-Flying-61-Katydid-4100.png
Imgs/COD10K-CAM-3-Flying-61-Katydid-4103.jpg,GT/COD10K-CAM-3-Flying-61-Katydid-4103.png,Edge/COD10K-CAM-3-Flying-61-Katydid-4103.png
Imgs/COD10K-CAM-3-Flying-61-Katydid-4104.jpg,GT/COD10K-CAM-3-Flying-61-Katydid-4104.png,Edge/COD10K-CAM-3-Flying-61-Katydid-4104.png
Imgs/COD10K-CAM-3-Flying-61-Katydid-4105.jpg,GT/COD10K-CAM-3-Flying-61-Katydid-4105.png,Edge/COD10K-CAM-3-Flying-61-Katydid-4105.png
Imgs/COD10K-CAM-3-Flying-61-Katydid-4106.jpg,GT/COD10K-CAM-3-Flying-61-Katydid-4106.png,Edge/COD10K-CAM-3-Flying-61-Katydid-4106.png
Imgs/COD10K-CAM-3-Flying-61-Katydid-4109.jpg,GT/COD10K-CAM-3-Flying-61-Katydid-4109.png,Edge/COD10K-CAM-3-Flying-61-Katydid-4109.png
Imgs/COD10K-CAM-3-Flying-61-Katydid-4113.jpg,GT/COD10K-CAM-3-Flying-61-Katydid-4113.png,Edge/COD10K-CAM-3-Flying-61-Katydid-4113.png
Imgs/COD10K-CAM-3-Flying-61-Katydid-4114.jpg,GT/COD10K-CAM-3-Flying-61-Katydid-4114.png,Edge/COD10K-CAM-3-Flying-61-Katydid-4114.png
Imgs/COD10K-CAM-3-Flying-61-Katydid-4116.jpg,GT/COD10K-CAM-3-Flying-61-Katydid-4116.png,Edge/COD10K-CAM-3-Flying-61-Katydid-4116.png
Imgs/COD10K-CAM-3-Flying-61-Katydid-4119.jpg,GT/COD10K-CAM-3-Flying-61-Katydid-4119.png,Edge/COD10K-CAM-3-Flying-61-Katydid-4119.png
Imgs/COD10K-CAM-3-Flying-61-Katydid-4120.jpg,GT/COD10K-CAM-3-Flying-61-Katydid-4120.png,Edge/COD10K-CAM-3-Flying-61-Katydid-4120.png
Imgs/COD10K-CAM-3-Flying-61-Katydid-4123.jpg,GT/COD10K-CAM-3-Flying-61-Katydid-4123.png,Edge/COD10K-CAM-3-Flying-61-Katydid-4123.png
Imgs/COD10K-CAM-3-Flying-61-Katydid-4124.jpg,GT/COD10K-CAM-3-Flying-61-Katydid-4124.png,Edge/COD10K-CAM-3-Flying-61-Katydid-4124.png
Imgs/COD10K-CAM-3-Flying-61-Katydid-4127.jpg,GT/COD10K-CAM-3-Flying-61-Katydid-4127.png,Edge/COD10K-CAM-3-Flying-61-Katydid-4127.png
Imgs/COD10K-CAM-3-Flying-61-Katydid-4128.jpg,GT/COD10K-CAM-3-Flying-61-Katydid-4128.png,Edge/COD10K-CAM-3-Flying-61-Katydid-4128.png
Imgs/COD10K-CAM-3-Flying-61-Katydid-4129.jpg,GT/COD10K-CAM-3-Flying-61-Katydid-4129.png,Edge/COD10K-CAM-3-Flying-61-Katydid-4129.png
Imgs/COD10K-CAM-3-Flying-61-Katydid-4132.jpg,GT/COD10K-CAM-3-Flying-61-Katydid-4132.png,Edge/COD10K-CAM-3-Flying-61-Katydid-4132.png
Imgs/COD10K-CAM-3-Flying-61-Katydid-4134.jpg,GT/COD10K-CAM-3-Flying-61-Katydid-4134.png,Edge/COD10K-CAM-3-Flying-61-Katydid-4134.png
Imgs/COD10K-CAM-3-Flying-61-Katydid-4135.jpg,GT/COD10K-CAM-3-Flying-61-Katydid-4135.png,Edge/COD10K-CAM-3-Flying-61-Katydid-4135.png
Imgs/COD10K-CAM-3-Flying-61-Katydid-4136.jpg,GT/COD10K-CAM-3-Flying-61-Katydid-4136.png,Edge/COD10K-CAM-3-Flying-61-Katydid-4136.png
Imgs/COD10K-CAM-3-Flying-61-Katydid-4137.jpg,GT/COD10K-CAM-3-Flying-61-Katydid-4137.png,Edge/COD10K-CAM-3-Flying-61-Katydid-4137.png
Imgs/COD10K-CAM-3-Flying-61-Katydid-4138.jpg,GT/COD10K-CAM-3-Flying-61-Katydid-4138.png,Edge/COD10K-CAM-3-Flying-61-Katydid-4138.png
Imgs/COD10K-CAM-3-Flying-61-Katydid-4139.jpg,GT/COD10K-CAM-3-Flying-61-Katydid-4139.png,Edge/COD10K-CAM-3-Flying-61-Katydid-4139.png
Imgs/COD10K-CAM-3-Flying-61-Katydid-4140.jpg,GT/COD10K-CAM-3-Flying-61-Katydid-4140.png,Edge/COD10K-CAM-3-Flying-61-Katydid-4140.png
Imgs/COD10K-CAM-3-Flying-61-Katydid-4143.jpg,GT/COD10K-CAM-3-Flying-61-Katydid-4143.png,Edge/COD10K-CAM-3-Flying-61-Katydid-4143.png
Imgs/COD10K-CAM-3-Flying-61-Katydid-4146.jpg,GT/COD10K-CAM-3-Flying-61-Katydid-4146.png,Edge/COD10K-CAM-3-Flying-61-Katydid-4146.png
Imgs/COD10K-CAM-3-Flying-61-Katydid-4148.jpg,GT/COD10K-CAM-3-Flying-61-Katydid-4148.png,Edge/COD10K-CAM-3-Flying-61-Katydid-4148.png
Imgs/COD10K-CAM-3-Flying-61-Katydid-4149.jpg,GT/COD10K-CAM-3-Flying-61-Katydid-4149.png,Edge/COD10K-CAM-3-Flying-61-Katydid-4149.png
Imgs/COD10K-CAM-3-Flying-61-Katydid-4150.jpg,GT/COD10K-CAM-3-Flying-61-Katydid-4150.png,Edge/COD10K-CAM-3-Flying-61-Katydid-4150.png
Imgs/COD10K-CAM-3-Flying-61-Katydid-4151.jpg,GT/COD10K-CAM-3-Flying-61-Katydid-4151.png,Edge/COD10K-CAM-3-Flying-61-Katydid-4151.png
Imgs/COD10K-CAM-3-Flying-61-Katydid-4152.jpg,GT/COD10K-CAM-3-Flying-61-Katydid-4152.png,Edge/COD10K-CAM-3-Flying-61-Katydid-4152.png
Imgs/COD10K-CAM-3-Flying-61-Katydid-4157.jpg,GT/COD10K-CAM-3-Flying-61-Katydid-4157.png,Edge/COD10K-CAM-3-Flying-61-Katydid-4157.png
Imgs/COD10K-CAM-3-Flying-61-Katydid-4158.jpg,GT/COD10K-CAM-3-Flying-61-Katydid-4158.png,Edge/COD10K-CAM-3-Flying-61-Katydid-4158.png
Imgs/COD10K-CAM-3-Flying-61-Katydid-4163.jpg,GT/COD10K-CAM-3-Flying-61-Katydid-4163.png,Edge/COD10K-CAM-3-Flying-61-Katydid-4163.png
Imgs/COD10K-CAM-3-Flying-61-Katydid-4164.jpg,GT/COD10K-CAM-3-Flying-61-Katydid-4164.png,Edge/COD10K-CAM-3-Flying-61-Katydid-4164.png
Imgs/COD10K-CAM-3-Flying-61-Katydid-4165.jpg,GT/COD10K-CAM-3-Flying-61-Katydid-4165.png,Edge/COD10K-CAM-3-Flying-61-Katydid-4165.png
Imgs/COD10K-CAM-3-Flying-61-Katydid-4168.jpg,GT/COD10K-CAM-3-Flying-61-Katydid-4168.png,Edge/COD10K-CAM-3-Flying-61-Katydid-4168.png
Imgs/COD10K-CAM-3-Flying-61-Katydid-4169.jpg,GT/COD10K-CAM-3-Flying-61-Katydid-4169.png,Edge/COD10K-CAM-3-Flying-61-Katydid-4169.png
Imgs/COD10K-CAM-3-Flying-61-Katydid-4170.jpg,GT/COD10K-CAM-3-Flying-61-Katydid-4170.png,Edge/COD10K-CAM-3-Flying-61-Katydid-4170.png
Imgs/COD10K-CAM-3-Flying-61-Katydid-4171.jpg,GT/COD10K-CAM-3-Flying-61-Katydid-4171.png,Edge/COD10K-CAM-3-Flying-61-Katydid-4171.png
Imgs/COD10K-CAM-3-Flying-61-Katydid-4172.jpg,GT/COD10K-CAM-3-Flying-61-Katydid-4172.png,Edge/COD10K-CAM-3-Flying-61-Katydid-4172.png
Imgs/COD10K-CAM-3-Flying-61-Katydid-4175.jpg,GT/COD10K-CAM-3-Flying-61-Katydid-4175.png,Edge/COD10K-CAM-3-Flying-61-Katydid-4175.png
Imgs/COD10K-CAM-3-Flying-61-Katydid-4178.jpg,GT/COD10K-CAM-3-Flying-61-Katydid-4178.png,Edge/COD10K-CAM-3-Flying-61-Katydid-4178.png
Imgs/COD10K-CAM-3-Flying-61-Katydid-4179.jpg,GT/COD10K-CAM-3-Flying-61-Katydid-4179.png,Edge/COD10K-CAM-3-Flying-61-Katydid-4179.png
Imgs/COD10K-CAM-3-Flying-61-Katydid-4181.jpg,GT/COD10K-CAM-3-Flying-61-Katydid-4181.png,Edge/COD10K-CAM-3-Flying-61-Katydid-4181.png
Imgs/COD10K-CAM-3-Flying-61-Katydid-4182.jpg,GT/COD10K-CAM-3-Flying-61-Katydid-4182.png,Edge/COD10K-CAM-3-Flying-61-Katydid-4182.png
Imgs/COD10K-CAM-3-Flying-61-Katydid-4183.jpg,GT/COD10K-CAM-3-Flying-61-Katydid-4183.png,Edge/COD10K-CAM-3-Flying-61-Katydid-4183.png
Imgs/COD10K-CAM-3-Flying-61-Katydid-4184.jpg,GT/COD10K-CAM-3-Flying-61-Katydid-4184.png,Edge/COD10K-CAM-3-Flying-61-Katydid-4184.png
Imgs/COD10K-CAM-3-Flying-61-Katydid-4185.jpg,GT/COD10K-CAM-3-Flying-61-Katydid-4185.png,Edge/COD10K-CAM-3-Flying-61-Katydid-4185.png
Imgs/COD10K-CAM-3-Flying-61-Katydid-4186.jpg,GT/COD10K-CAM-3-Flying-61-Katydid-4186.png,Edge/COD10K-CAM-3-Flying-61-Katydid-4186.png
Imgs/COD10K-CAM-3-Flying-61-Katydid-4187.jpg,GT/COD10K-CAM-3-Flying-61-Katydid-4187.png,Edge/COD10K-CAM-3-Flying-61-Katydid-4187.png
Imgs/COD10K-CAM-3-Flying-61-Katydid-4188.jpg,GT/COD10K-CAM-3-Flying-61-Katydid-4188.png,Edge/COD10K-CAM-3-Flying-61-Katydid-4188.png
Imgs/COD10K-CAM-3-Flying-61-Katydid-4190.jpg,GT/COD10K-CAM-3-Flying-61-Katydid-4190.png,Edge/COD10K-CAM-3-Flying-61-Katydid-4190.png
Imgs/COD10K-CAM-3-Flying-61-Katydid-4192.jpg,GT/COD10K-CAM-3-Flying-61-Katydid-4192.png,Edge/COD10K-CAM-3-Flying-61-Katydid-4192.png
Imgs/COD10K-CAM-3-Flying-61-Katydid-4194.jpg,GT/COD10K-CAM-3-Flying-61-Katydid-4194.png,Edge/COD10K-CAM-3-Flying-61-Katydid-4194.png
Imgs/COD10K-CAM-3-Flying-61-Katydid-4195.jpg,GT/COD10K-CAM-3-Flying-61-Katydid-4195.png,Edge/COD10K-CAM-3-Flying-61-Katydid-4195.png
Imgs/COD10K-CAM-3-Flying-61-Katydid-4197.jpg,GT/COD10K-CAM-3-Flying-61-Katydid-4197.png,Edge/COD10K-CAM-3-Flying-61-Katydid-4197.png
Imgs/COD10K-CAM-3-Flying-61-Katydid-4199.jpg,GT/COD10K-CAM-3-Flying-61-Katydid-4199.png,Edge/COD10K-CAM-3-Flying-61-Katydid-4199.png
Imgs/COD10K-CAM-3-Flying-61-Katydid-4200.jpg,GT/COD10K-CAM-3-Flying-61-Katydid-4200.png,Edge/COD10K-CAM-3-Flying-61-Katydid-4200.png
Imgs/COD10K-CAM-3-Flying-61-Katydid-4202.jpg,GT/COD10K-CAM-3-Flying-61-Katydid-4202.png,Edge/COD10K-CAM-3-Flying-61-Katydid-4202.png
Imgs/COD10K-CAM-3-Flying-61-Katydid-4207.jpg,GT/COD10K-CAM-3-Flying-61-Katydid-4207.png,Edge/COD10K-CAM-3-Flying-61-Katydid-4207.png
Imgs/COD10K-CAM-3-Flying-61-Katydid-4208.jpg,GT/COD10K-CAM-3-Flying-61-Katydid-4208.png,Edge/COD10K-CAM-3-Flying-61-Katydid-4208.png
Imgs/COD10K-CAM-3-Flying-61-Katydid-4210.jpg,GT/COD10K-CAM-3-Flying-61-Katydid-4210.png,Edge/COD10K-CAM-3-Flying-61-Katydid-4210.png
Imgs/COD10K-CAM-3-Flying-61-Katydid-4211.jpg,GT/COD10K-CAM-3-Flying-61-Katydid-4211.png,Edge/COD10K-CAM-3-Flying-61-Katydid-4211.png
Imgs/COD10K-CAM-3-Flying-61-Katydid-4212.jpg,GT/COD10K-CAM-3-Flying-61-Katydid-4212.png,Edge/COD10K-CAM-3-Flying-61-Katydid-4212.png
Imgs/COD10K-CAM-3-Flying-61-Katydid-4213.jpg,GT/COD10K-CAM-3-Flying-61-Katydid-4213.png,Edge/COD10K-CAM-3-Flying-61-Katydid-4213.png
Imgs/COD10K-CAM-3-Flying-61-Katydid-4214.jpg,GT/COD10K-CAM-3-Flying-61-Katydid-4214.png,Edge/COD10K-CAM-3-Flying-61-Katydid-4214.png
Imgs/COD10K-CAM-3-Flying-61-Katydid-4217.jpg,GT/COD10K-CAM-3-Flying-61-Katydid-4217.png,Edge/COD10K-CAM-3-Flying-61-Katydid-4217.png
Imgs/COD10K-CAM-3-Flying-61-Katydid-4223.jpg,GT/COD10K-CAM-3-Flying-61-Katydid-4223.png,Edge/COD10K-CAM-3-Flying-61-Katydid-4223.png
Imgs/COD10K-CAM-3-Flying-61-Katydid-4226.jpg,GT/COD10K-CAM-3-Flying-61-Katydid-4226.png,Edge/COD10K-CAM-3-Flying-61-Katydid-4226.png
Imgs/COD10K-CAM-3-Flying-61-Katydid-4227.jpg,GT/COD10K-CAM-3-Flying-61-Katydid-4227.png,Edge/COD10K-CAM-3-Flying-61-Katydid-4227.png
Imgs/COD10K-CAM-3-Flying-61-Katydid-4233.jpg,GT/COD10K-CAM-3-Flying-61-Katydid-4233.png,Edge/COD10K-CAM-3-Flying-61-Katydid-4233.png
Imgs/COD10K-CAM-3-Flying-61-Katydid-4235.jpg,GT/COD10K-CAM-3-Flying-61-Katydid-4235.png,Edge/COD10K-CAM-3-Flying-61-Katydid-4235.png
Imgs/COD10K-CAM-3-Flying-61-Katydid-4236.jpg,GT/COD10K-CAM-3-Flying-61-Katydid-4236.png,Edge/COD10K-CAM-3-Flying-61-Katydid-4236.png
Imgs/COD10K-CAM-3-Flying-61-Katydid-4239.jpg,GT/COD10K-CAM-3-Flying-61-Katydid-4239.png,Edge/COD10K-CAM-3-Flying-61-Katydid-4239.png
Imgs/COD10K-CAM-3-Flying-61-Katydid-4243.jpg,GT/COD10K-CAM-3-Flying-61-Katydid-4243.png,Edge/COD10K-CAM-3-Flying-61-Katydid-4243.png
Imgs/COD10K-CAM-3-Flying-62-Mantis-4246.jpg,GT/COD10K-CAM-3-Flying-62-Mantis-4246.png,Edge/COD10K-CAM-3-Flying-62-Mantis-4246.png
Imgs/COD10K-CAM-3-Flying-62-Mantis-4249.jpg,GT/COD10K-CAM-3-Flying-62-Mantis-4249.png,Edge/COD10K-CAM-3-Flying-62-Mantis-4249.png
Imgs/COD10K-CAM-3-Flying-62-Mantis-4250.jpg,GT/COD10K-CAM-3-Flying-62-Mantis-4250.png,Edge/COD10K-CAM-3-Flying-62-Mantis-4250.png
Imgs/COD10K-CAM-3-Flying-62-Mantis-4251.jpg,GT/COD10K-CAM-3-Flying-62-Mantis-4251.png,Edge/COD10K-CAM-3-Flying-62-Mantis-4251.png
Imgs/COD10K-CAM-3-Flying-62-Mantis-4252.jpg,GT/COD10K-CAM-3-Flying-62-Mantis-4252.png,Edge/COD10K-CAM-3-Flying-62-Mantis-4252.png
Imgs/COD10K-CAM-3-Flying-62-Mantis-4254.jpg,GT/COD10K-CAM-3-Flying-62-Mantis-4254.png,Edge/COD10K-CAM-3-Flying-62-Mantis-4254.png
Imgs/COD10K-CAM-3-Flying-62-Mantis-4257.jpg,GT/COD10K-CAM-3-Flying-62-Mantis-4257.png,Edge/COD10K-CAM-3-Flying-62-Mantis-4257.png
Imgs/COD10K-CAM-3-Flying-62-Mantis-4259.jpg,GT/COD10K-CAM-3-Flying-62-Mantis-4259.png,Edge/COD10K-CAM-3-Flying-62-Mantis-4259.png
Imgs/COD10K-CAM-3-Flying-62-Mantis-4260.jpg,GT/COD10K-CAM-3-Flying-62-Mantis-4260.png,Edge/COD10K-CAM-3-Flying-62-Mantis-4260.png
Imgs/COD10K-CAM-3-Flying-62-Mantis-4261.jpg,GT/COD10K-CAM-3-Flying-62-Mantis-4261.png,Edge/COD10K-CAM-3-Flying-62-Mantis-4261.png
Imgs/COD10K-CAM-3-Flying-62-Mantis-4263.jpg,GT/COD10K-CAM-3-Flying-62-Mantis-4263.png,Edge/COD10K-CAM-3-Flying-62-Mantis-4263.png
Imgs/COD10K-CAM-3-Flying-62-Mantis-4264.jpg,GT/COD10K-CAM-3-Flying-62-Mantis-4264.png,Edge/COD10K-CAM-3-Flying-62-Mantis-4264.png
Imgs/COD10K-CAM-3-Flying-62-Mantis-4266.jpg,GT/COD10K-CAM-3-Flying-62-Mantis-4266.png,Edge/COD10K-CAM-3-Flying-62-Mantis-4266.png
Imgs/COD10K-CAM-3-Flying-62-Mantis-4267.jpg,GT/COD10K-CAM-3-Flying-62-Mantis-4267.png,Edge/COD10K-CAM-3-Flying-62-Mantis-4267.png
Imgs/COD10K-CAM-3-Flying-62-Mantis-4269.jpg,GT/COD10K-CAM-3-Flying-62-Mantis-4269.png,Edge/COD10K-CAM-3-Flying-62-Mantis-4269.png
Imgs/COD10K-CAM-3-Flying-62-Mantis-4271.jpg,GT/COD10K-CAM-3-Flying-62-Mantis-4271.png,Edge/COD10K-CAM-3-Flying-62-Mantis-4271.png
Imgs/COD10K-CAM-3-Flying-62-Mantis-4273.jpg,GT/COD10K-CAM-3-Flying-62-Mantis-4273.png,Edge/COD10K-CAM-3-Flying-62-Mantis-4273.png
Imgs/COD10K-CAM-3-Flying-62-Mantis-4275.jpg,GT/COD10K-CAM-3-Flying-62-Mantis-4275.png,Edge/COD10K-CAM-3-Flying-62-Mantis-4275.png
Imgs/COD10K-CAM-3-Flying-62-Mantis-4277.jpg,GT/COD10K-CAM-3-Flying-62-Mantis-4277.png,Edge/COD10K-CAM-3-Flying-62-Mantis-4277.png
Imgs/COD10K-CAM-3-Flying-62-Mantis-4280.jpg,GT/COD10K-CAM-3-Flying-62-Mantis-4280.png,Edge/COD10K-CAM-3-Flying-62-Mantis-4280.png
Imgs/COD10K-CAM-3-Flying-62-Mantis-4282.jpg,GT/COD10K-CAM-3-Flying-62-Mantis-4282.png,Edge/COD10K-CAM-3-Flying-62-Mantis-4282.png
Imgs/COD10K-CAM-3-Flying-62-Mantis-4284.jpg,GT/COD10K-CAM-3-Flying-62-Mantis-4284.png,Edge/COD10K-CAM-3-Flying-62-Mantis-4284.png
Imgs/COD10K-CAM-3-Flying-62-Mantis-4286.jpg,GT/COD10K-CAM-3-Flying-62-Mantis-4286.png,Edge/COD10K-CAM-3-Flying-62-Mantis-4286.png
Imgs/COD10K-CAM-3-Flying-62-Mantis-4289.jpg,GT/COD10K-CAM-3-Flying-62-Mantis-4289.png,Edge/COD10K-CAM-3-Flying-62-Mantis-4289.png
Imgs/COD10K-CAM-3-Flying-62-Mantis-4290.jpg,GT/COD10K-CAM-3-Flying-62-Mantis-4290.png,Edge/COD10K-CAM-3-Flying-62-Mantis-4290.png
Imgs/COD10K-CAM-3-Flying-62-Mantis-4291.jpg,GT/COD10K-CAM-3-Flying-62-Mantis-4291.png,Edge/COD10K-CAM-3-Flying-62-Mantis-4291.png
Imgs/COD10K-CAM-3-Flying-62-Mantis-4292.jpg,GT/COD10K-CAM-3-Flying-62-Mantis-4292.png,Edge/COD10K-CAM-3-Flying-62-Mantis-4292.png
Imgs/COD10K-CAM-3-Flying-62-Mantis-4293.jpg,GT/COD10K-CAM-3-Flying-62-Mantis-4293.png,Edge/COD10K-CAM-3-Flying-62-Mantis-4293.png
Imgs/COD10K-CAM-3-Flying-62-Mantis-4294.jpg,GT/COD10K-CAM-3-Flying-62-Mantis-4294.png,Edge/COD10K-CAM-3-Flying-62-Mantis-4294.png
Imgs/COD10K-CAM-3-Flying-62-Mantis-4295.jpg,GT/COD10K-CAM-3-Flying-62-Mantis-4295.png,Edge/COD10K-CAM-3-Flying-62-Mantis-4295.png
Imgs/COD10K-CAM-3-Flying-62-Mantis-4298.jpg,GT/COD10K-CAM-3-Flying-62-Mantis-4298.png,Edge/COD10K-CAM-3-Flying-62-Mantis-4298.png
Imgs/COD10K-CAM-3-Flying-62-Mantis-4299.jpg,GT/COD10K-CAM-3-Flying-62-Mantis-4299.png,Edge/COD10K-CAM-3-Flying-62-Mantis-4299.png
Imgs/COD10K-CAM-3-Flying-62-Mantis-4300.jpg,GT/COD10K-CAM-3-Flying-62-Mantis-4300.png,Edge/COD10K-CAM-3-Flying-62-Mantis-4300.png
Imgs/COD10K-CAM-3-Flying-62-Mantis-4303.jpg,GT/COD10K-CAM-3-Flying-62-Mantis-4303.png,Edge/COD10K-CAM-3-Flying-62-Mantis-4303.png
Imgs/COD10K-CAM-3-Flying-62-Mantis-4304.jpg,GT/COD10K-CAM-3-Flying-62-Mantis-4304.png,Edge/COD10K-CAM-3-Flying-62-Mantis-4304.png
Imgs/COD10K-CAM-3-Flying-62-Mantis-4305.jpg,GT/COD10K-CAM-3-Flying-62-Mantis-4305.png,Edge/COD10K-CAM-3-Flying-62-Mantis-4305.png
Imgs/COD10K-CAM-3-Flying-62-Mantis-4306.jpg,GT/COD10K-CAM-3-Flying-62-Mantis-4306.png,Edge/COD10K-CAM-3-Flying-62-Mantis-4306.png
Imgs/COD10K-CAM-3-Flying-62-Mantis-4309.jpg,GT/COD10K-CAM-3-Flying-62-Mantis-4309.png,Edge/COD10K-CAM-3-Flying-62-Mantis-4309.png
Imgs/COD10K-CAM-3-Flying-62-Mantis-4311.jpg,GT/COD10K-CAM-3-Flying-62-Mantis-4311.png,Edge/COD10K-CAM-3-Flying-62-Mantis-4311.png
Imgs/COD10K-CAM-3-Flying-62-Mantis-4312.jpg,GT/COD10K-CAM-3-Flying-62-Mantis-4312.png,Edge/COD10K-CAM-3-Flying-62-Mantis-4312.png
Imgs/COD10K-CAM-3-Flying-62-Mantis-4317.jpg,GT/COD10K-CAM-3-Flying-62-Mantis-4317.png,Edge/COD10K-CAM-3-Flying-62-Mantis-4317.png
Imgs/COD10K-CAM-3-Flying-62-Mantis-4318.jpg,GT/COD10K-CAM-3-Flying-62-Mantis-4318.png,Edge/COD10K-CAM-3-Flying-62-Mantis-4318.png
Imgs/COD10K-CAM-3-Flying-62-Mantis-4320.jpg,GT/COD10K-CAM-3-Flying-62-Mantis-4320.png,Edge/COD10K-CAM-3-Flying-62-Mantis-4320.png
Imgs/COD10K-CAM-3-Flying-62-Mantis-4322.jpg,GT/COD10K-CAM-3-Flying-62-Mantis-4322.png,Edge/COD10K-CAM-3-Flying-62-Mantis-4322.png
Imgs/COD10K-CAM-3-Flying-62-Mantis-4323.jpg,GT/COD10K-CAM-3-Flying-62-Mantis-4323.png,Edge/COD10K-CAM-3-Flying-62-Mantis-4323.png
Imgs/COD10K-CAM-3-Flying-62-Mantis-4324.jpg,GT/COD10K-CAM-3-Flying-62-Mantis-4324.png,Edge/COD10K-CAM-3-Flying-62-Mantis-4324.png
Imgs/COD10K-CAM-3-Flying-62-Mantis-4326.jpg,GT/COD10K-CAM-3-Flying-62-Mantis-4326.png,Edge/COD10K-CAM-3-Flying-62-Mantis-4326.png
Imgs/COD10K-CAM-3-Flying-62-Mantis-4327.jpg,GT/COD10K-CAM-3-Flying-62-Mantis-4327.png,Edge/COD10K-CAM-3-Flying-62-Mantis-4327.png
Imgs/COD10K-CAM-3-Flying-62-Mantis-4329.jpg,GT/COD10K-CAM-3-Flying-62-Mantis-4329.png,Edge/COD10K-CAM-3-Flying-62-Mantis-4329.png
Imgs/COD10K-CAM-3-Flying-62-Mantis-4331.jpg,GT/COD10K-CAM-3-Flying-62-Mantis-4331.png,Edge/COD10K-CAM-3-Flying-62-Mantis-4331.png
Imgs/COD10K-CAM-3-Flying-62-Mantis-4332.jpg,GT/COD10K-CAM-3-Flying-62-Mantis-4332.png,Edge/COD10K-CAM-3-Flying-62-Mantis-4332.png
Imgs/COD10K-CAM-3-Flying-62-Mantis-4333.jpg,GT/COD10K-CAM-3-Flying-62-Mantis-4333.png,Edge/COD10K-CAM-3-Flying-62-Mantis-4333.png
Imgs/COD10K-CAM-3-Flying-62-Mantis-4334.jpg,GT/COD10K-CAM-3-Flying-62-Mantis-4334.png,Edge/COD10K-CAM-3-Flying-62-Mantis-4334.png
Imgs/COD10K-CAM-3-Flying-62-Mantis-4335.jpg,GT/COD10K-CAM-3-Flying-62-Mantis-4335.png,Edge/COD10K-CAM-3-Flying-62-Mantis-4335.png
Imgs/COD10K-CAM-3-Flying-62-Mantis-4336.jpg,GT/COD10K-CAM-3-Flying-62-Mantis-4336.png,Edge/COD10K-CAM-3-Flying-62-Mantis-4336.png
Imgs/COD10K-CAM-3-Flying-62-Mantis-4337.jpg,GT/COD10K-CAM-3-Flying-62-Mantis-4337.png,Edge/COD10K-CAM-3-Flying-62-Mantis-4337.png
Imgs/COD10K-CAM-3-Flying-62-Mantis-4338.jpg,GT/COD10K-CAM-3-Flying-62-Mantis-4338.png,Edge/COD10K-CAM-3-Flying-62-Mantis-4338.png
Imgs/COD10K-CAM-3-Flying-62-Mantis-4340.jpg,GT/COD10K-CAM-3-Flying-62-Mantis-4340.png,Edge/COD10K-CAM-3-Flying-62-Mantis-4340.png
Imgs/COD10K-CAM-3-Flying-62-Mantis-4343.jpg,GT/COD10K-CAM-3-Flying-62-Mantis-4343.png,Edge/COD10K-CAM-3-Flying-62-Mantis-4343.png
Imgs/COD10K-CAM-3-Flying-62-Mantis-4345.jpg,GT/COD10K-CAM-3-Flying-62-Mantis-4345.png,Edge/COD10K-CAM-3-Flying-62-Mantis-4345.png
Imgs/COD10K-CAM-3-Flying-62-Mantis-4348.jpg,GT/COD10K-CAM-3-Flying-62-Mantis-4348.png,Edge/COD10K-CAM-3-Flying-62-Mantis-4348.png
Imgs/COD10K-CAM-3-Flying-62-Mantis-4351.jpg,GT/COD10K-CAM-3-Flying-62-Mantis-4351.png,Edge/COD10K-CAM-3-Flying-62-Mantis-4351.png
Imgs/COD10K-CAM-3-Flying-62-Mantis-4352.jpg,GT/COD10K-CAM-3-Flying-62-Mantis-4352.png,Edge/COD10K-CAM-3-Flying-62-Mantis-4352.png
Imgs/COD10K-CAM-3-Flying-62-Mantis-4353.jpg,GT/COD10K-CAM-3-Flying-62-Mantis-4353.png,Edge/COD10K-CAM-3-Flying-62-Mantis-4353.png
Imgs/COD10K-CAM-3-Flying-62-Mantis-4354.jpg,GT/COD10K-CAM-3-Flying-62-Mantis-4354.png,Edge/COD10K-CAM-3-Flying-62-Mantis-4354.png
Imgs/COD10K-CAM-3-Flying-62-Mantis-4356.jpg,GT/COD10K-CAM-3-Flying-62-Mantis-4356.png,Edge/COD10K-CAM-3-Flying-62-Mantis-4356.png
Imgs/COD10K-CAM-3-Flying-62-Mantis-4357.jpg,GT/COD10K-CAM-3-Flying-62-Mantis-4357.png,Edge/COD10K-CAM-3-Flying-62-Mantis-4357.png
Imgs/COD10K-CAM-3-Flying-62-Mantis-4365.jpg,GT/COD10K-CAM-3-Flying-62-Mantis-4365.png,Edge/COD10K-CAM-3-Flying-62-Mantis-4365.png
Imgs/COD10K-CAM-3-Flying-62-Mantis-4366.jpg,GT/COD10K-CAM-3-Flying-62-Mantis-4366.png,Edge/COD10K-CAM-3-Flying-62-Mantis-4366.png
Imgs/COD10K-CAM-3-Flying-62-Mantis-4367.jpg,GT/COD10K-CAM-3-Flying-62-Mantis-4367.png,Edge/COD10K-CAM-3-Flying-62-Mantis-4367.png
Imgs/COD10K-CAM-3-Flying-62-Mantis-4368.jpg,GT/COD10K-CAM-3-Flying-62-Mantis-4368.png,Edge/COD10K-CAM-3-Flying-62-Mantis-4368.png
Imgs/COD10K-CAM-3-Flying-62-Mantis-4369.jpg,GT/COD10K-CAM-3-Flying-62-Mantis-4369.png,Edge/COD10K-CAM-3-Flying-62-Mantis-4369.png
Imgs/COD10K-CAM-3-Flying-62-Mantis-4370.jpg,GT/COD10K-CAM-3-Flying-62-Mantis-4370.png,Edge/COD10K-CAM-3-Flying-62-Mantis-4370.png
Imgs/COD10K-CAM-3-Flying-62-Mantis-4371.jpg,GT/COD10K-CAM-3-Flying-62-Mantis-4371.png,Edge/COD10K-CAM-3-Flying-62-Mantis-4371.png
Imgs/COD10K-CAM-3-Flying-62-Mantis-4374.jpg,GT/COD10K-CAM-3-Flying-62-Mantis-4374.png,Edge/COD10K-CAM-3-Flying-62-Mantis-4374.png
Imgs/COD10K-CAM-3-Flying-62-Mantis-4377.jpg,GT/COD10K-CAM-3-Flying-62-Mantis-4377.png,Edge/COD10K-CAM-3-Flying-62-Mantis-4377.png
Imgs/COD10K-CAM-3-Flying-62-Mantis-4379.jpg,GT/COD10K-CAM-3-Flying-62-Mantis-4379.png,Edge/COD10K-CAM-3-Flying-62-Mantis-4379.png
Imgs/COD10K-CAM-3-Flying-62-Mantis-4381.jpg,GT/COD10K-CAM-3-Flying-62-Mantis-4381.png,Edge/COD10K-CAM-3-Flying-62-Mantis-4381.png
Imgs/COD10K-CAM-3-Flying-62-Mantis-4383.jpg,GT/COD10K-CAM-3-Flying-62-Mantis-4383.png,Edge/COD10K-CAM-3-Flying-62-Mantis-4383.png
Imgs/COD10K-CAM-3-Flying-62-Mantis-4385.jpg,GT/COD10K-CAM-3-Flying-62-Mantis-4385.png,Edge/COD10K-CAM-3-Flying-62-Mantis-4385.png
Imgs/COD10K-CAM-3-Flying-63-Mockingbird-4388.jpg,GT/COD10K-CAM-3-Flying-63-Mockingbird-4388.png,Edge/COD10K-CAM-3-Flying-63-Mockingbird-4388.png
Imgs/COD10K-CAM-3-Flying-63-Mockingbird-4390.jpg,GT/COD10K-CAM-3-Flying-63-Mockingbird-4390.png,Edge/COD10K-CAM-3-Flying-63-Mockingbird-4390.png
Imgs/COD10K-CAM-3-Flying-63-Mockingbird-4391.jpg,GT/COD10K-CAM-3-Flying-63-Mockingbird-4391.png,Edge/COD10K-CAM-3-Flying-63-Mockingbird-4391.png
Imgs/COD10K-CAM-3-Flying-63-Mockingbird-4393.jpg,GT/COD10K-CAM-3-Flying-63-Mockingbird-4393.png,Edge/COD10K-CAM-3-Flying-63-Mockingbird-4393.png
Imgs/COD10K-CAM-3-Flying-63-Mockingbird-4394.jpg,GT/COD10K-CAM-3-Flying-63-Mockingbird-4394.png,Edge/COD10K-CAM-3-Flying-63-Mockingbird-4394.png
Imgs/COD10K-CAM-3-Flying-63-Mockingbird-4395.jpg,GT/COD10K-CAM-3-Flying-63-Mockingbird-4395.png,Edge/COD10K-CAM-3-Flying-63-Mockingbird-4395.png
Imgs/COD10K-CAM-3-Flying-63-Mockingbird-4396.jpg,GT/COD10K-CAM-3-Flying-63-Mockingbird-4396.png,Edge/COD10K-CAM-3-Flying-63-Mockingbird-4396.png
Imgs/COD10K-CAM-3-Flying-63-Mockingbird-4397.jpg,GT/COD10K-CAM-3-Flying-63-Mockingbird-4397.png,Edge/COD10K-CAM-3-Flying-63-Mockingbird-4397.png
Imgs/COD10K-CAM-3-Flying-63-Mockingbird-4398.jpg,GT/COD10K-CAM-3-Flying-63-Mockingbird-4398.png,Edge/COD10K-CAM-3-Flying-63-Mockingbird-4398.png
Imgs/COD10K-CAM-3-Flying-63-Mockingbird-4399.jpg,GT/COD10K-CAM-3-Flying-63-Mockingbird-4399.png,Edge/COD10K-CAM-3-Flying-63-Mockingbird-4399.png
Imgs/COD10K-CAM-3-Flying-63-Mockingbird-4400.jpg,GT/COD10K-CAM-3-Flying-63-Mockingbird-4400.png,Edge/COD10K-CAM-3-Flying-63-Mockingbird-4400.png
Imgs/COD10K-CAM-3-Flying-63-Mockingbird-4401.jpg,GT/COD10K-CAM-3-Flying-63-Mockingbird-4401.png,Edge/COD10K-CAM-3-Flying-63-Mockingbird-4401.png
Imgs/COD10K-CAM-3-Flying-63-Mockingbird-4402.jpg,GT/COD10K-CAM-3-Flying-63-Mockingbird-4402.png,Edge/COD10K-CAM-3-Flying-63-Mockingbird-4402.png
Imgs/COD10K-CAM-3-Flying-63-Mockingbird-4404.jpg,GT/COD10K-CAM-3-Flying-63-Mockingbird-4404.png,Edge/COD10K-CAM-3-Flying-63-Mockingbird-4404.png
Imgs/COD10K-CAM-3-Flying-63-Mockingbird-4411.jpg,GT/COD10K-CAM-3-Flying-63-Mockingbird-4411.png,Edge/COD10K-CAM-3-Flying-63-Mockingbird-4411.png
Imgs/COD10K-CAM-3-Flying-63-Mockingbird-4412.jpg,GT/COD10K-CAM-3-Flying-63-Mockingbird-4412.png,Edge/COD10K-CAM-3-Flying-63-Mockingbird-4412.png
Imgs/COD10K-CAM-3-Flying-63-Mockingbird-4413.jpg,GT/COD10K-CAM-3-Flying-63-Mockingbird-4413.png,Edge/COD10K-CAM-3-Flying-63-Mockingbird-4413.png
Imgs/COD10K-CAM-3-Flying-63-Mockingbird-4415.jpg,GT/COD10K-CAM-3-Flying-63-Mockingbird-4415.png,Edge/COD10K-CAM-3-Flying-63-Mockingbird-4415.png
Imgs/COD10K-CAM-3-Flying-63-Mockingbird-4416.jpg,GT/COD10K-CAM-3-Flying-63-Mockingbird-4416.png,Edge/COD10K-CAM-3-Flying-63-Mockingbird-4416.png
Imgs/COD10K-CAM-3-Flying-63-Mockingbird-4418.jpg,GT/COD10K-CAM-3-Flying-63-Mockingbird-4418.png,Edge/COD10K-CAM-3-Flying-63-Mockingbird-4418.png
Imgs/COD10K-CAM-3-Flying-63-Mockingbird-4419.jpg,GT/COD10K-CAM-3-Flying-63-Mockingbird-4419.png,Edge/COD10K-CAM-3-Flying-63-Mockingbird-4419.png
Imgs/COD10K-CAM-3-Flying-63-Mockingbird-4420.jpg,GT/COD10K-CAM-3-Flying-63-Mockingbird-4420.png,Edge/COD10K-CAM-3-Flying-63-Mockingbird-4420.png
Imgs/COD10K-CAM-3-Flying-63-Mockingbird-4421.jpg,GT/COD10K-CAM-3-Flying-63-Mockingbird-4421.png,Edge/COD10K-CAM-3-Flying-63-Mockingbird-4421.png
Imgs/COD10K-CAM-3-Flying-63-Mockingbird-4422.jpg,GT/COD10K-CAM-3-Flying-63-Mockingbird-4422.png,Edge/COD10K-CAM-3-Flying-63-Mockingbird-4422.png
Imgs/COD10K-CAM-3-Flying-63-Mockingbird-4423.jpg,GT/COD10K-CAM-3-Flying-63-Mockingbird-4423.png,Edge/COD10K-CAM-3-Flying-63-Mockingbird-4423.png
Imgs/COD10K-CAM-3-Flying-63-Mockingbird-4424.jpg,GT/COD10K-CAM-3-Flying-63-Mockingbird-4424.png,Edge/COD10K-CAM-3-Flying-63-Mockingbird-4424.png
Imgs/COD10K-CAM-3-Flying-63-Mockingbird-4425.jpg,GT/COD10K-CAM-3-Flying-63-Mockingbird-4425.png,Edge/COD10K-CAM-3-Flying-63-Mockingbird-4425.png
Imgs/COD10K-CAM-3-Flying-64-Moth-4428.jpg,GT/COD10K-CAM-3-Flying-64-Moth-4428.png,Edge/COD10K-CAM-3-Flying-64-Moth-4428.png
Imgs/COD10K-CAM-3-Flying-64-Moth-4429.jpg,GT/COD10K-CAM-3-Flying-64-Moth-4429.png,Edge/COD10K-CAM-3-Flying-64-Moth-4429.png
Imgs/COD10K-CAM-3-Flying-64-Moth-4434.jpg,GT/COD10K-CAM-3-Flying-64-Moth-4434.png,Edge/COD10K-CAM-3-Flying-64-Moth-4434.png
Imgs/COD10K-CAM-3-Flying-64-Moth-4435.jpg,GT/COD10K-CAM-3-Flying-64-Moth-4435.png,Edge/COD10K-CAM-3-Flying-64-Moth-4435.png
Imgs/COD10K-CAM-3-Flying-64-Moth-4436.jpg,GT/COD10K-CAM-3-Flying-64-Moth-4436.png,Edge/COD10K-CAM-3-Flying-64-Moth-4436.png
Imgs/COD10K-CAM-3-Flying-64-Moth-4437.jpg,GT/COD10K-CAM-3-Flying-64-Moth-4437.png,Edge/COD10K-CAM-3-Flying-64-Moth-4437.png
Imgs/COD10K-CAM-3-Flying-64-Moth-4438.jpg,GT/COD10K-CAM-3-Flying-64-Moth-4438.png,Edge/COD10K-CAM-3-Flying-64-Moth-4438.png
Imgs/COD10K-CAM-3-Flying-64-Moth-4439.jpg,GT/COD10K-CAM-3-Flying-64-Moth-4439.png,Edge/COD10K-CAM-3-Flying-64-Moth-4439.png
Imgs/COD10K-CAM-3-Flying-64-Moth-4440.jpg,GT/COD10K-CAM-3-Flying-64-Moth-4440.png,Edge/COD10K-CAM-3-Flying-64-Moth-4440.png
Imgs/COD10K-CAM-3-Flying-64-Moth-4441.jpg,GT/COD10K-CAM-3-Flying-64-Moth-4441.png,Edge/COD10K-CAM-3-Flying-64-Moth-4441.png
Imgs/COD10K-CAM-3-Flying-64-Moth-4442.jpg,GT/COD10K-CAM-3-Flying-64-Moth-4442.png,Edge/COD10K-CAM-3-Flying-64-Moth-4442.png
Imgs/COD10K-CAM-3-Flying-64-Moth-4445.jpg,GT/COD10K-CAM-3-Flying-64-Moth-4445.png,Edge/COD10K-CAM-3-Flying-64-Moth-4445.png
Imgs/COD10K-CAM-3-Flying-64-Moth-4449.jpg,GT/COD10K-CAM-3-Flying-64-Moth-4449.png,Edge/COD10K-CAM-3-Flying-64-Moth-4449.png
Imgs/COD10K-CAM-3-Flying-64-Moth-4451.jpg,GT/COD10K-CAM-3-Flying-64-Moth-4451.png,Edge/COD10K-CAM-3-Flying-64-Moth-4451.png
Imgs/COD10K-CAM-3-Flying-64-Moth-4456.jpg,GT/COD10K-CAM-3-Flying-64-Moth-4456.png,Edge/COD10K-CAM-3-Flying-64-Moth-4456.png
Imgs/COD10K-CAM-3-Flying-64-Moth-4458.jpg,GT/COD10K-CAM-3-Flying-64-Moth-4458.png,Edge/COD10K-CAM-3-Flying-64-Moth-4458.png
Imgs/COD10K-CAM-3-Flying-64-Moth-4459.jpg,GT/COD10K-CAM-3-Flying-64-Moth-4459.png,Edge/COD10K-CAM-3-Flying-64-Moth-4459.png
Imgs/COD10K-CAM-3-Flying-64-Moth-4462.jpg,GT/COD10K-CAM-3-Flying-64-Moth-4462.png,Edge/COD10K-CAM-3-Flying-64-Moth-4462.png
Imgs/COD10K-CAM-3-Flying-64-Moth-4463.jpg,GT/COD10K-CAM-3-Flying-64-Moth-4463.png,Edge/COD10K-CAM-3-Flying-64-Moth-4463.png
Imgs/COD10K-CAM-3-Flying-64-Moth-4464.jpg,GT/COD10K-CAM-3-Flying-64-Moth-4464.png,Edge/COD10K-CAM-3-Flying-64-Moth-4464.png
Imgs/COD10K-CAM-3-Flying-64-Moth-4465.jpg,GT/COD10K-CAM-3-Flying-64-Moth-4465.png,Edge/COD10K-CAM-3-Flying-64-Moth-4465.png
Imgs/COD10K-CAM-3-Flying-64-Moth-4466.jpg,GT/COD10K-CAM-3-Flying-64-Moth-4466.png,Edge/COD10K-CAM-3-Flying-64-Moth-4466.png
Imgs/COD10K-CAM-3-Flying-64-Moth-4468.jpg,GT/COD10K-CAM-3-Flying-64-Moth-4468.png,Edge/COD10K-CAM-3-Flying-64-Moth-4468.png
Imgs/COD10K-CAM-3-Flying-64-Moth-4470.jpg,GT/COD10K-CAM-3-Flying-64-Moth-4470.png,Edge/COD10K-CAM-3-Flying-64-Moth-4470.png
Imgs/COD10K-CAM-3-Flying-64-Moth-4472.jpg,GT/COD10K-CAM-3-Flying-64-Moth-4472.png,Edge/COD10K-CAM-3-Flying-64-Moth-4472.png
Imgs/COD10K-CAM-3-Flying-64-Moth-4474.jpg,GT/COD10K-CAM-3-Flying-64-Moth-4474.png,Edge/COD10K-CAM-3-Flying-64-Moth-4474.png
Imgs/COD10K-CAM-3-Flying-64-Moth-4475.jpg,GT/COD10K-CAM-3-Flying-64-Moth-4475.png,Edge/COD10K-CAM-3-Flying-64-Moth-4475.png
Imgs/COD10K-CAM-3-Flying-64-Moth-4477.jpg,GT/COD10K-CAM-3-Flying-64-Moth-4477.png,Edge/COD10K-CAM-3-Flying-64-Moth-4477.png
Imgs/COD10K-CAM-3-Flying-64-Moth-4478.jpg,GT/COD10K-CAM-3-Flying-64-Moth-4478.png,Edge/COD10K-CAM-3-Flying-64-Moth-4478.png
Imgs/COD10K-CAM-3-Flying-64-Moth-4484.jpg,GT/COD10K-CAM-3-Flying-64-Moth-4484.png,Edge/COD10K-CAM-3-Flying-64-Moth-4484.png
Imgs/COD10K-CAM-3-Flying-64-Moth-4485.jpg,GT/COD10K-CAM-3-Flying-64-Moth-4485.png,Edge/COD10K-CAM-3-Flying-64-Moth-4485.png
Imgs/COD10K-CAM-3-Flying-64-Moth-4486.jpg,GT/COD10K-CAM-3-Flying-64-Moth-4486.png,Edge/COD10K-CAM-3-Flying-64-Moth-4486.png
Imgs/COD10K-CAM-3-Flying-64-Moth-4487.jpg,GT/COD10K-CAM-3-Flying-64-Moth-4487.png,Edge/COD10K-CAM-3-Flying-64-Moth-4487.png
Imgs/COD10K-CAM-3-Flying-64-Moth-4488.jpg,GT/COD10K-CAM-3-Flying-64-Moth-4488.png,Edge/COD10K-CAM-3-Flying-64-Moth-4488.png
Imgs/COD10K-CAM-3-Flying-64-Moth-4490.jpg,GT/COD10K-CAM-3-Flying-64-Moth-4490.png,Edge/COD10K-CAM-3-Flying-64-Moth-4490.png
Imgs/COD10K-CAM-3-Flying-64-Moth-4492.jpg,GT/COD10K-CAM-3-Flying-64-Moth-4492.png,Edge/COD10K-CAM-3-Flying-64-Moth-4492.png
Imgs/COD10K-CAM-3-Flying-64-Moth-4493.jpg,GT/COD10K-CAM-3-Flying-64-Moth-4493.png,Edge/COD10K-CAM-3-Flying-64-Moth-4493.png
Imgs/COD10K-CAM-3-Flying-64-Moth-4494.jpg,GT/COD10K-CAM-3-Flying-64-Moth-4494.png,Edge/COD10K-CAM-3-Flying-64-Moth-4494.png
Imgs/COD10K-CAM-3-Flying-64-Moth-4495.jpg,GT/COD10K-CAM-3-Flying-64-Moth-4495.png,Edge/COD10K-CAM-3-Flying-64-Moth-4495.png
Imgs/COD10K-CAM-3-Flying-64-Moth-4496.jpg,GT/COD10K-CAM-3-Flying-64-Moth-4496.png,Edge/COD10K-CAM-3-Flying-64-Moth-4496.png
Imgs/COD10K-CAM-3-Flying-64-Moth-4497.jpg,GT/COD10K-CAM-3-Flying-64-Moth-4497.png,Edge/COD10K-CAM-3-Flying-64-Moth-4497.png
Imgs/COD10K-CAM-3-Flying-64-Moth-4498.jpg,GT/COD10K-CAM-3-Flying-64-Moth-4498.png,Edge/COD10K-CAM-3-Flying-64-Moth-4498.png
Imgs/COD10K-CAM-3-Flying-64-Moth-4500.jpg,GT/COD10K-CAM-3-Flying-64-Moth-4500.png,Edge/COD10K-CAM-3-Flying-64-Moth-4500.png
Imgs/COD10K-CAM-3-Flying-64-Moth-4501.jpg,GT/COD10K-CAM-3-Flying-64-Moth-4501.png,Edge/COD10K-CAM-3-Flying-64-Moth-4501.png
Imgs/COD10K-CAM-3-Flying-64-Moth-4502.jpg,GT/COD10K-CAM-3-Flying-64-Moth-4502.png,Edge/COD10K-CAM-3-Flying-64-Moth-4502.png
Imgs/COD10K-CAM-3-Flying-64-Moth-4504.jpg,GT/COD10K-CAM-3-Flying-64-Moth-4504.png,Edge/COD10K-CAM-3-Flying-64-Moth-4504.png
Imgs/COD10K-CAM-3-Flying-64-Moth-4505.jpg,GT/COD10K-CAM-3-Flying-64-Moth-4505.png,Edge/COD10K-CAM-3-Flying-64-Moth-4505.png
Imgs/COD10K-CAM-3-Flying-64-Moth-4506.jpg,GT/COD10K-CAM-3-Flying-64-Moth-4506.png,Edge/COD10K-CAM-3-Flying-64-Moth-4506.png
Imgs/COD10K-CAM-3-Flying-64-Moth-4507.jpg,GT/COD10K-CAM-3-Flying-64-Moth-4507.png,Edge/COD10K-CAM-3-Flying-64-Moth-4507.png
Imgs/COD10K-CAM-3-Flying-65-Owl-4508.jpg,GT/COD10K-CAM-3-Flying-65-Owl-4508.png,Edge/COD10K-CAM-3-Flying-65-Owl-4508.png
Imgs/COD10K-CAM-3-Flying-65-Owl-4509.jpg,GT/COD10K-CAM-3-Flying-65-Owl-4509.png,Edge/COD10K-CAM-3-Flying-65-Owl-4509.png
Imgs/COD10K-CAM-3-Flying-65-Owl-4512.jpg,GT/COD10K-CAM-3-Flying-65-Owl-4512.png,Edge/COD10K-CAM-3-Flying-65-Owl-4512.png
Imgs/COD10K-CAM-3-Flying-65-Owl-4513.jpg,GT/COD10K-CAM-3-Flying-65-Owl-4513.png,Edge/COD10K-CAM-3-Flying-65-Owl-4513.png
Imgs/COD10K-CAM-3-Flying-65-Owl-4516.jpg,GT/COD10K-CAM-3-Flying-65-Owl-4516.png,Edge/COD10K-CAM-3-Flying-65-Owl-4516.png
Imgs/COD10K-CAM-3-Flying-65-Owl-4518.jpg,GT/COD10K-CAM-3-Flying-65-Owl-4518.png,Edge/COD10K-CAM-3-Flying-65-Owl-4518.png
Imgs/COD10K-CAM-3-Flying-65-Owl-4521.jpg,GT/COD10K-CAM-3-Flying-65-Owl-4521.png,Edge/COD10K-CAM-3-Flying-65-Owl-4521.png
Imgs/COD10K-CAM-3-Flying-65-Owl-4523.jpg,GT/COD10K-CAM-3-Flying-65-Owl-4523.png,Edge/COD10K-CAM-3-Flying-65-Owl-4523.png
Imgs/COD10K-CAM-3-Flying-65-Owl-4524.jpg,GT/COD10K-CAM-3-Flying-65-Owl-4524.png,Edge/COD10K-CAM-3-Flying-65-Owl-4524.png
Imgs/COD10K-CAM-3-Flying-65-Owl-4525.jpg,GT/COD10K-CAM-3-Flying-65-Owl-4525.png,Edge/COD10K-CAM-3-Flying-65-Owl-4525.png
Imgs/COD10K-CAM-3-Flying-65-Owl-4526.jpg,GT/COD10K-CAM-3-Flying-65-Owl-4526.png,Edge/COD10K-CAM-3-Flying-65-Owl-4526.png
Imgs/COD10K-CAM-3-Flying-65-Owl-4532.jpg,GT/COD10K-CAM-3-Flying-65-Owl-4532.png,Edge/COD10K-CAM-3-Flying-65-Owl-4532.png
Imgs/COD10K-CAM-3-Flying-65-Owl-4538.jpg,GT/COD10K-CAM-3-Flying-65-Owl-4538.png,Edge/COD10K-CAM-3-Flying-65-Owl-4538.png
Imgs/COD10K-CAM-3-Flying-65-Owl-4539.jpg,GT/COD10K-CAM-3-Flying-65-Owl-4539.png,Edge/COD10K-CAM-3-Flying-65-Owl-4539.png
Imgs/COD10K-CAM-3-Flying-65-Owl-4541.jpg,GT/COD10K-CAM-3-Flying-65-Owl-4541.png,Edge/COD10K-CAM-3-Flying-65-Owl-4541.png
Imgs/COD10K-CAM-3-Flying-65-Owl-4542.jpg,GT/COD10K-CAM-3-Flying-65-Owl-4542.png,Edge/COD10K-CAM-3-Flying-65-Owl-4542.png
Imgs/COD10K-CAM-3-Flying-65-Owl-4544.jpg,GT/COD10K-CAM-3-Flying-65-Owl-4544.png,Edge/COD10K-CAM-3-Flying-65-Owl-4544.png
Imgs/COD10K-CAM-3-Flying-65-Owl-4545.jpg,GT/COD10K-CAM-3-Flying-65-Owl-4545.png,Edge/COD10K-CAM-3-Flying-65-Owl-4545.png
Imgs/COD10K-CAM-3-Flying-65-Owl-4546.jpg,GT/COD10K-CAM-3-Flying-65-Owl-4546.png,Edge/COD10K-CAM-3-Flying-65-Owl-4546.png
Imgs/COD10K-CAM-3-Flying-65-Owl-4547.jpg,GT/COD10K-CAM-3-Flying-65-Owl-4547.png,Edge/COD10K-CAM-3-Flying-65-Owl-4547.png
Imgs/COD10K-CAM-3-Flying-65-Owl-4548.jpg,GT/COD10K-CAM-3-Flying-65-Owl-4548.png,Edge/COD10K-CAM-3-Flying-65-Owl-4548.png
Imgs/COD10K-CAM-3-Flying-65-Owl-4549.jpg,GT/COD10K-CAM-3-Flying-65-Owl-4549.png,Edge/COD10K-CAM-3-Flying-65-Owl-4549.png
Imgs/COD10K-CAM-3-Flying-65-Owl-4551.jpg,GT/COD10K-CAM-3-Flying-65-Owl-4551.png,Edge/COD10K-CAM-3-Flying-65-Owl-4551.png
Imgs/COD10K-CAM-3-Flying-65-Owl-4552.jpg,GT/COD10K-CAM-3-Flying-65-Owl-4552.png,Edge/COD10K-CAM-3-Flying-65-Owl-4552.png
Imgs/COD10K-CAM-3-Flying-65-Owl-4554.jpg,GT/COD10K-CAM-3-Flying-65-Owl-4554.png,Edge/COD10K-CAM-3-Flying-65-Owl-4554.png
Imgs/COD10K-CAM-3-Flying-65-Owl-4557.jpg,GT/COD10K-CAM-3-Flying-65-Owl-4557.png,Edge/COD10K-CAM-3-Flying-65-Owl-4557.png
Imgs/COD10K-CAM-3-Flying-65-Owl-4559.jpg,GT/COD10K-CAM-3-Flying-65-Owl-4559.png,Edge/COD10K-CAM-3-Flying-65-Owl-4559.png
Imgs/COD10K-CAM-3-Flying-65-Owl-4560.jpg,GT/COD10K-CAM-3-Flying-65-Owl-4560.png,Edge/COD10K-CAM-3-Flying-65-Owl-4560.png
Imgs/COD10K-CAM-3-Flying-65-Owl-4562.jpg,GT/COD10K-CAM-3-Flying-65-Owl-4562.png,Edge/COD10K-CAM-3-Flying-65-Owl-4562.png
Imgs/COD10K-CAM-3-Flying-65-Owl-4566.jpg,GT/COD10K-CAM-3-Flying-65-Owl-4566.png,Edge/COD10K-CAM-3-Flying-65-Owl-4566.png
Imgs/COD10K-CAM-3-Flying-65-Owl-4567.jpg,GT/COD10K-CAM-3-Flying-65-Owl-4567.png,Edge/COD10K-CAM-3-Flying-65-Owl-4567.png
Imgs/COD10K-CAM-3-Flying-65-Owl-4568.jpg,GT/COD10K-CAM-3-Flying-65-Owl-4568.png,Edge/COD10K-CAM-3-Flying-65-Owl-4568.png
Imgs/COD10K-CAM-3-Flying-65-Owl-4570.jpg,GT/COD10K-CAM-3-Flying-65-Owl-4570.png,Edge/COD10K-CAM-3-Flying-65-Owl-4570.png
Imgs/COD10K-CAM-3-Flying-65-Owl-4571.jpg,GT/COD10K-CAM-3-Flying-65-Owl-4571.png,Edge/COD10K-CAM-3-Flying-65-Owl-4571.png
Imgs/COD10K-CAM-3-Flying-65-Owl-4572.jpg,GT/COD10K-CAM-3-Flying-65-Owl-4572.png,Edge/COD10K-CAM-3-Flying-65-Owl-4572.png
Imgs/COD10K-CAM-3-Flying-65-Owl-4576.jpg,GT/COD10K-CAM-3-Flying-65-Owl-4576.png,Edge/COD10K-CAM-3-Flying-65-Owl-4576.png
Imgs/COD10K-CAM-3-Flying-65-Owl-4579.jpg,GT/COD10K-CAM-3-Flying-65-Owl-4579.png,Edge/COD10K-CAM-3-Flying-65-Owl-4579.png
Imgs/COD10K-CAM-3-Flying-65-Owl-4581.jpg,GT/COD10K-CAM-3-Flying-65-Owl-4581.png,Edge/COD10K-CAM-3-Flying-65-Owl-4581.png
Imgs/COD10K-CAM-3-Flying-65-Owl-4582.jpg,GT/COD10K-CAM-3-Flying-65-Owl-4582.png,Edge/COD10K-CAM-3-Flying-65-Owl-4582.png
Imgs/COD10K-CAM-3-Flying-65-Owl-4583.jpg,GT/COD10K-CAM-3-Flying-65-Owl-4583.png,Edge/COD10K-CAM-3-Flying-65-Owl-4583.png
Imgs/COD10K-CAM-3-Flying-65-Owl-4585.jpg,GT/COD10K-CAM-3-Flying-65-Owl-4585.png,Edge/COD10K-CAM-3-Flying-65-Owl-4585.png
Imgs/COD10K-CAM-3-Flying-65-Owl-4589.jpg,GT/COD10K-CAM-3-Flying-65-Owl-4589.png,Edge/COD10K-CAM-3-Flying-65-Owl-4589.png
Imgs/COD10K-CAM-3-Flying-65-Owl-4590.jpg,GT/COD10K-CAM-3-Flying-65-Owl-4590.png,Edge/COD10K-CAM-3-Flying-65-Owl-4590.png
Imgs/COD10K-CAM-3-Flying-65-Owl-4592.jpg,GT/COD10K-CAM-3-Flying-65-Owl-4592.png,Edge/COD10K-CAM-3-Flying-65-Owl-4592.png
Imgs/COD10K-CAM-3-Flying-65-Owl-4594.jpg,GT/COD10K-CAM-3-Flying-65-Owl-4594.png,Edge/COD10K-CAM-3-Flying-65-Owl-4594.png
Imgs/COD10K-CAM-3-Flying-65-Owl-4595.jpg,GT/COD10K-CAM-3-Flying-65-Owl-4595.png,Edge/COD10K-CAM-3-Flying-65-Owl-4595.png
Imgs/COD10K-CAM-3-Flying-65-Owl-4596.jpg,GT/COD10K-CAM-3-Flying-65-Owl-4596.png,Edge/COD10K-CAM-3-Flying-65-Owl-4596.png
Imgs/COD10K-CAM-3-Flying-65-Owl-4598.jpg,GT/COD10K-CAM-3-Flying-65-Owl-4598.png,Edge/COD10K-CAM-3-Flying-65-Owl-4598.png
Imgs/COD10K-CAM-3-Flying-65-Owl-4600.jpg,GT/COD10K-CAM-3-Flying-65-Owl-4600.png,Edge/COD10K-CAM-3-Flying-65-Owl-4600.png
Imgs/COD10K-CAM-3-Flying-65-Owl-4601.jpg,GT/COD10K-CAM-3-Flying-65-Owl-4601.png,Edge/COD10K-CAM-3-Flying-65-Owl-4601.png
Imgs/COD10K-CAM-3-Flying-65-Owl-4602.jpg,GT/COD10K-CAM-3-Flying-65-Owl-4602.png,Edge/COD10K-CAM-3-Flying-65-Owl-4602.png
Imgs/COD10K-CAM-3-Flying-65-Owl-4603.jpg,GT/COD10K-CAM-3-Flying-65-Owl-4603.png,Edge/COD10K-CAM-3-Flying-65-Owl-4603.png
Imgs/COD10K-CAM-3-Flying-65-Owl-4605.jpg,GT/COD10K-CAM-3-Flying-65-Owl-4605.png,Edge/COD10K-CAM-3-Flying-65-Owl-4605.png
Imgs/COD10K-CAM-3-Flying-65-Owl-4606.jpg,GT/COD10K-CAM-3-Flying-65-Owl-4606.png,Edge/COD10K-CAM-3-Flying-65-Owl-4606.png
Imgs/COD10K-CAM-3-Flying-65-Owl-4607.jpg,GT/COD10K-CAM-3-Flying-65-Owl-4607.png,Edge/COD10K-CAM-3-Flying-65-Owl-4607.png
Imgs/COD10K-CAM-3-Flying-65-Owl-4610.jpg,GT/COD10K-CAM-3-Flying-65-Owl-4610.png,Edge/COD10K-CAM-3-Flying-65-Owl-4610.png
Imgs/COD10K-CAM-3-Flying-65-Owl-4612.jpg,GT/COD10K-CAM-3-Flying-65-Owl-4612.png,Edge/COD10K-CAM-3-Flying-65-Owl-4612.png
Imgs/COD10K-CAM-3-Flying-65-Owl-4614.jpg,GT/COD10K-CAM-3-Flying-65-Owl-4614.png,Edge/COD10K-CAM-3-Flying-65-Owl-4614.png
Imgs/COD10K-CAM-3-Flying-65-Owl-4616.jpg,GT/COD10K-CAM-3-Flying-65-Owl-4616.png,Edge/COD10K-CAM-3-Flying-65-Owl-4616.png
Imgs/COD10K-CAM-3-Flying-65-Owl-4617.jpg,GT/COD10K-CAM-3-Flying-65-Owl-4617.png,Edge/COD10K-CAM-3-Flying-65-Owl-4617.png
Imgs/COD10K-CAM-3-Flying-65-Owl-4619.jpg,GT/COD10K-CAM-3-Flying-65-Owl-4619.png,Edge/COD10K-CAM-3-Flying-65-Owl-4619.png
Imgs/COD10K-CAM-3-Flying-65-Owl-4621.jpg,GT/COD10K-CAM-3-Flying-65-Owl-4621.png,Edge/COD10K-CAM-3-Flying-65-Owl-4621.png
Imgs/COD10K-CAM-3-Flying-65-Owl-4622.jpg,GT/COD10K-CAM-3-Flying-65-Owl-4622.png,Edge/COD10K-CAM-3-Flying-65-Owl-4622.png
Imgs/COD10K-CAM-3-Flying-65-Owl-4623.jpg,GT/COD10K-CAM-3-Flying-65-Owl-4623.png,Edge/COD10K-CAM-3-Flying-65-Owl-4623.png
Imgs/COD10K-CAM-3-Flying-65-Owl-4624.jpg,GT/COD10K-CAM-3-Flying-65-Owl-4624.png,Edge/COD10K-CAM-3-Flying-65-Owl-4624.png
Imgs/COD10K-CAM-3-Flying-65-Owl-4625.jpg,GT/COD10K-CAM-3-Flying-65-Owl-4625.png,Edge/COD10K-CAM-3-Flying-65-Owl-4625.png
Imgs/COD10K-CAM-3-Flying-65-Owl-4628.jpg,GT/COD10K-CAM-3-Flying-65-Owl-4628.png,Edge/COD10K-CAM-3-Flying-65-Owl-4628.png
Imgs/COD10K-CAM-3-Flying-65-Owl-4629.jpg,GT/COD10K-CAM-3-Flying-65-Owl-4629.png,Edge/COD10K-CAM-3-Flying-65-Owl-4629.png
Imgs/COD10K-CAM-3-Flying-65-Owl-4630.jpg,GT/COD10K-CAM-3-Flying-65-Owl-4630.png,Edge/COD10K-CAM-3-Flying-65-Owl-4630.png
Imgs/COD10K-CAM-3-Flying-65-Owl-4631.jpg,GT/COD10K-CAM-3-Flying-65-Owl-4631.png,Edge/COD10K-CAM-3-Flying-65-Owl-4631.png
Imgs/COD10K-CAM-3-Flying-65-Owl-4634.jpg,GT/COD10K-CAM-3-Flying-65-Owl-4634.png,Edge/COD10K-CAM-3-Flying-65-Owl-4634.png
Imgs/COD10K-CAM-3-Flying-65-Owl-4636.jpg,GT/COD10K-CAM-3-Flying-65-Owl-4636.png,Edge/COD10K-CAM-3-Flying-65-Owl-4636.png
Imgs/COD10K-CAM-3-Flying-65-Owl-4637.jpg,GT/COD10K-CAM-3-Flying-65-Owl-4637.png,Edge/COD10K-CAM-3-Flying-65-Owl-4637.png
Imgs/COD10K-CAM-3-Flying-65-Owl-4639.jpg,GT/COD10K-CAM-3-Flying-65-Owl-4639.png,Edge/COD10K-CAM-3-Flying-65-Owl-4639.png
Imgs/COD10K-CAM-3-Flying-65-Owl-4642.jpg,GT/COD10K-CAM-3-Flying-65-Owl-4642.png,Edge/COD10K-CAM-3-Flying-65-Owl-4642.png
Imgs/COD10K-CAM-3-Flying-65-Owl-4643.jpg,GT/COD10K-CAM-3-Flying-65-Owl-4643.png,Edge/COD10K-CAM-3-Flying-65-Owl-4643.png
Imgs/COD10K-CAM-3-Flying-65-Owl-4649.jpg,GT/COD10K-CAM-3-Flying-65-Owl-4649.png,Edge/COD10K-CAM-3-Flying-65-Owl-4649.png
Imgs/COD10K-CAM-3-Flying-65-Owl-4651.jpg,GT/COD10K-CAM-3-Flying-65-Owl-4651.png,Edge/COD10K-CAM-3-Flying-65-Owl-4651.png
Imgs/COD10K-CAM-3-Flying-65-Owl-4652.jpg,GT/COD10K-CAM-3-Flying-65-Owl-4652.png,Edge/COD10K-CAM-3-Flying-65-Owl-4652.png
Imgs/COD10K-CAM-3-Flying-65-Owl-4653.jpg,GT/COD10K-CAM-3-Flying-65-Owl-4653.png,Edge/COD10K-CAM-3-Flying-65-Owl-4653.png
Imgs/COD10K-CAM-3-Flying-65-Owl-4655.jpg,GT/COD10K-CAM-3-Flying-65-Owl-4655.png,Edge/COD10K-CAM-3-Flying-65-Owl-4655.png
Imgs/COD10K-CAM-3-Flying-65-Owl-4657.jpg,GT/COD10K-CAM-3-Flying-65-Owl-4657.png,Edge/COD10K-CAM-3-Flying-65-Owl-4657.png
Imgs/COD10K-CAM-3-Flying-65-Owl-4658.jpg,GT/COD10K-CAM-3-Flying-65-Owl-4658.png,Edge/COD10K-CAM-3-Flying-65-Owl-4658.png
Imgs/COD10K-CAM-3-Flying-65-Owl-4661.jpg,GT/COD10K-CAM-3-Flying-65-Owl-4661.png,Edge/COD10K-CAM-3-Flying-65-Owl-4661.png
Imgs/COD10K-CAM-3-Flying-65-Owl-4663.jpg,GT/COD10K-CAM-3-Flying-65-Owl-4663.png,Edge/COD10K-CAM-3-Flying-65-Owl-4663.png
Imgs/COD10K-CAM-3-Flying-65-Owl-4664.jpg,GT/COD10K-CAM-3-Flying-65-Owl-4664.png,Edge/COD10K-CAM-3-Flying-65-Owl-4664.png
Imgs/COD10K-CAM-3-Flying-65-Owl-4665.jpg,GT/COD10K-CAM-3-Flying-65-Owl-4665.png,Edge/COD10K-CAM-3-Flying-65-Owl-4665.png
Imgs/COD10K-CAM-3-Flying-66-Owlfly-4667.jpg,GT/COD10K-CAM-3-Flying-66-Owlfly-4667.png,Edge/COD10K-CAM-3-Flying-66-Owlfly-4667.png
Imgs/COD10K-CAM-3-Flying-66-Owlfly-4670.jpg,GT/COD10K-CAM-3-Flying-66-Owlfly-4670.png,Edge/COD10K-CAM-3-Flying-66-Owlfly-4670.png
Imgs/COD10K-CAM-3-Flying-66-Owlfly-4671.jpg,GT/COD10K-CAM-3-Flying-66-Owlfly-4671.png,Edge/COD10K-CAM-3-Flying-66-Owlfly-4671.png
Imgs/COD10K-CAM-3-Flying-66-Owlfly-4672.jpg,GT/COD10K-CAM-3-Flying-66-Owlfly-4672.png,Edge/COD10K-CAM-3-Flying-66-Owlfly-4672.png
Imgs/COD10K-CAM-3-Flying-66-Owlfly-4673.jpg,GT/COD10K-CAM-3-Flying-66-Owlfly-4673.png,Edge/COD10K-CAM-3-Flying-66-Owlfly-4673.png
Imgs/COD10K-CAM-3-Flying-66-Owlfly-4675.jpg,GT/COD10K-CAM-3-Flying-66-Owlfly-4675.png,Edge/COD10K-CAM-3-Flying-66-Owlfly-4675.png
Imgs/COD10K-CAM-3-Flying-66-Owlfly-4678.jpg,GT/COD10K-CAM-3-Flying-66-Owlfly-4678.png,Edge/COD10K-CAM-3-Flying-66-Owlfly-4678.png
Imgs/COD10K-CAM-4-Amphibian-67-Frog-4680.jpg,GT/COD10K-CAM-4-Amphibian-67-Frog-4680.png,Edge/COD10K-CAM-4-Amphibian-67-Frog-4680.png
Imgs/COD10K-CAM-4-Amphibian-67-Frog-4681.jpg,GT/COD10K-CAM-4-Amphibian-67-Frog-4681.png,Edge/COD10K-CAM-4-Amphibian-67-Frog-4681.png
Imgs/COD10K-CAM-4-Amphibian-67-Frog-4682.jpg,GT/COD10K-CAM-4-Amphibian-67-Frog-4682.png,Edge/COD10K-CAM-4-Amphibian-67-Frog-4682.png
Imgs/COD10K-CAM-4-Amphibian-67-Frog-4683.jpg,GT/COD10K-CAM-4-Amphibian-67-Frog-4683.png,Edge/COD10K-CAM-4-Amphibian-67-Frog-4683.png
Imgs/COD10K-CAM-4-Amphibian-67-Frog-4684.jpg,GT/COD10K-CAM-4-Amphibian-67-Frog-4684.png,Edge/COD10K-CAM-4-Amphibian-67-Frog-4684.png
Imgs/COD10K-CAM-4-Amphibian-67-Frog-4685.jpg,GT/COD10K-CAM-4-Amphibian-67-Frog-4685.png,Edge/COD10K-CAM-4-Amphibian-67-Frog-4685.png
Imgs/COD10K-CAM-4-Amphibian-67-Frog-4686.jpg,GT/COD10K-CAM-4-Amphibian-67-Frog-4686.png,Edge/COD10K-CAM-4-Amphibian-67-Frog-4686.png
Imgs/COD10K-CAM-4-Amphibian-67-Frog-4687.jpg,GT/COD10K-CAM-4-Amphibian-67-Frog-4687.png,Edge/COD10K-CAM-4-Amphibian-67-Frog-4687.png
Imgs/COD10K-CAM-4-Amphibian-67-Frog-4688.jpg,GT/COD10K-CAM-4-Amphibian-67-Frog-4688.png,Edge/COD10K-CAM-4-Amphibian-67-Frog-4688.png
Imgs/COD10K-CAM-4-Amphibian-67-Frog-4689.jpg,GT/COD10K-CAM-4-Amphibian-67-Frog-4689.png,Edge/COD10K-CAM-4-Amphibian-67-Frog-4689.png
Imgs/COD10K-CAM-4-Amphibian-67-Frog-4690.jpg,GT/COD10K-CAM-4-Amphibian-67-Frog-4690.png,Edge/COD10K-CAM-4-Amphibian-67-Frog-4690.png
Imgs/COD10K-CAM-4-Amphibian-67-Frog-4691.jpg,GT/COD10K-CAM-4-Amphibian-67-Frog-4691.png,Edge/COD10K-CAM-4-Amphibian-67-Frog-4691.png
Imgs/COD10K-CAM-4-Amphibian-67-Frog-4692.jpg,GT/COD10K-CAM-4-Amphibian-67-Frog-4692.png,Edge/COD10K-CAM-4-Amphibian-67-Frog-4692.png
Imgs/COD10K-CAM-4-Amphibian-67-Frog-4693.jpg,GT/COD10K-CAM-4-Amphibian-67-Frog-4693.png,Edge/COD10K-CAM-4-Amphibian-67-Frog-4693.png
Imgs/COD10K-CAM-4-Amphibian-67-Frog-4695.jpg,GT/COD10K-CAM-4-Amphibian-67-Frog-4695.png,Edge/COD10K-CAM-4-Amphibian-67-Frog-4695.png
Imgs/COD10K-CAM-4-Amphibian-67-Frog-4696.jpg,GT/COD10K-CAM-4-Amphibian-67-Frog-4696.png,Edge/COD10K-CAM-4-Amphibian-67-Frog-4696.png
Imgs/COD10K-CAM-4-Amphibian-67-Frog-4697.jpg,GT/COD10K-CAM-4-Amphibian-67-Frog-4697.png,Edge/COD10K-CAM-4-Amphibian-67-Frog-4697.png
Imgs/COD10K-CAM-4-Amphibian-67-Frog-4698.jpg,GT/COD10K-CAM-4-Amphibian-67-Frog-4698.png,Edge/COD10K-CAM-4-Amphibian-67-Frog-4698.png
Imgs/COD10K-CAM-4-Amphibian-67-Frog-4699.jpg,GT/COD10K-CAM-4-Amphibian-67-Frog-4699.png,Edge/COD10K-CAM-4-Amphibian-67-Frog-4699.png
Imgs/COD10K-CAM-4-Amphibian-67-Frog-4700.jpg,GT/COD10K-CAM-4-Amphibian-67-Frog-4700.png,Edge/COD10K-CAM-4-Amphibian-67-Frog-4700.png
Imgs/COD10K-CAM-4-Amphibian-67-Frog-4703.jpg,GT/COD10K-CAM-4-Amphibian-67-Frog-4703.png,Edge/COD10K-CAM-4-Amphibian-67-Frog-4703.png
Imgs/COD10K-CAM-4-Amphibian-67-Frog-4704.jpg,GT/COD10K-CAM-4-Amphibian-67-Frog-4704.png,Edge/COD10K-CAM-4-Amphibian-67-Frog-4704.png
Imgs/COD10K-CAM-4-Amphibian-67-Frog-4705.jpg,GT/COD10K-CAM-4-Amphibian-67-Frog-4705.png,Edge/COD10K-CAM-4-Amphibian-67-Frog-4705.png
Imgs/COD10K-CAM-4-Amphibian-67-Frog-4708.jpg,GT/COD10K-CAM-4-Amphibian-67-Frog-4708.png,Edge/COD10K-CAM-4-Amphibian-67-Frog-4708.png
Imgs/COD10K-CAM-4-Amphibian-67-Frog-4709.jpg,GT/COD10K-CAM-4-Amphibian-67-Frog-4709.png,Edge/COD10K-CAM-4-Amphibian-67-Frog-4709.png
Imgs/COD10K-CAM-4-Amphibian-67-Frog-4710.jpg,GT/COD10K-CAM-4-Amphibian-67-Frog-4710.png,Edge/COD10K-CAM-4-Amphibian-67-Frog-4710.png
Imgs/COD10K-CAM-4-Amphibian-67-Frog-4712.jpg,GT/COD10K-CAM-4-Amphibian-67-Frog-4712.png,Edge/COD10K-CAM-4-Amphibian-67-Frog-4712.png
Imgs/COD10K-CAM-4-Amphibian-67-Frog-4713.jpg,GT/COD10K-CAM-4-Amphibian-67-Frog-4713.png,Edge/COD10K-CAM-4-Amphibian-67-Frog-4713.png
Imgs/COD10K-CAM-4-Amphibian-67-Frog-4715.jpg,GT/COD10K-CAM-4-Amphibian-67-Frog-4715.png,Edge/COD10K-CAM-4-Amphibian-67-Frog-4715.png
Imgs/COD10K-CAM-4-Amphibian-67-Frog-4716.jpg,GT/COD10K-CAM-4-Amphibian-67-Frog-4716.png,Edge/COD10K-CAM-4-Amphibian-67-Frog-4716.png
Imgs/COD10K-CAM-4-Amphibian-67-Frog-4717.jpg,GT/COD10K-CAM-4-Amphibian-67-Frog-4717.png,Edge/COD10K-CAM-4-Amphibian-67-Frog-4717.png
Imgs/COD10K-CAM-4-Amphibian-67-Frog-4720.jpg,GT/COD10K-CAM-4-Amphibian-67-Frog-4720.png,Edge/COD10K-CAM-4-Amphibian-67-Frog-4720.png
Imgs/COD10K-CAM-4-Amphibian-67-Frog-4722.jpg,GT/COD10K-CAM-4-Amphibian-67-Frog-4722.png,Edge/COD10K-CAM-4-Amphibian-67-Frog-4722.png
Imgs/COD10K-CAM-4-Amphibian-67-Frog-4723.jpg,GT/COD10K-CAM-4-Amphibian-67-Frog-4723.png,Edge/COD10K-CAM-4-Amphibian-67-Frog-4723.png
Imgs/COD10K-CAM-4-Amphibian-67-Frog-4724.jpg,GT/COD10K-CAM-4-Amphibian-67-Frog-4724.png,Edge/COD10K-CAM-4-Amphibian-67-Frog-4724.png
Imgs/COD10K-CAM-4-Amphibian-67-Frog-4725.jpg,GT/COD10K-CAM-4-Amphibian-67-Frog-4725.png,Edge/COD10K-CAM-4-Amphibian-67-Frog-4725.png
Imgs/COD10K-CAM-4-Amphibian-67-Frog-4726.jpg,GT/COD10K-CAM-4-Amphibian-67-Frog-4726.png,Edge/COD10K-CAM-4-Amphibian-67-Frog-4726.png
Imgs/COD10K-CAM-4-Amphibian-67-Frog-4727.jpg,GT/COD10K-CAM-4-Amphibian-67-Frog-4727.png,Edge/COD10K-CAM-4-Amphibian-67-Frog-4727.png
Imgs/COD10K-CAM-4-Amphibian-67-Frog-4730.jpg,GT/COD10K-CAM-4-Amphibian-67-Frog-4730.png,Edge/COD10K-CAM-4-Amphibian-67-Frog-4730.png
Imgs/COD10K-CAM-4-Amphibian-67-Frog-4731.jpg,GT/COD10K-CAM-4-Amphibian-67-Frog-4731.png,Edge/COD10K-CAM-4-Amphibian-67-Frog-4731.png
Imgs/COD10K-CAM-4-Amphibian-67-Frog-4734.jpg,GT/COD10K-CAM-4-Amphibian-67-Frog-4734.png,Edge/COD10K-CAM-4-Amphibian-67-Frog-4734.png
Imgs/COD10K-CAM-4-Amphibian-67-Frog-4735.jpg,GT/COD10K-CAM-4-Amphibian-67-Frog-4735.png,Edge/COD10K-CAM-4-Amphibian-67-Frog-4735.png
Imgs/COD10K-CAM-4-Amphibian-67-Frog-4736.jpg,GT/COD10K-CAM-4-Amphibian-67-Frog-4736.png,Edge/COD10K-CAM-4-Amphibian-67-Frog-4736.png
Imgs/COD10K-CAM-4-Amphibian-67-Frog-4737.jpg,GT/COD10K-CAM-4-Amphibian-67-Frog-4737.png,Edge/COD10K-CAM-4-Amphibian-67-Frog-4737.png
Imgs/COD10K-CAM-4-Amphibian-67-Frog-4741.jpg,GT/COD10K-CAM-4-Amphibian-67-Frog-4741.png,Edge/COD10K-CAM-4-Amphibian-67-Frog-4741.png
Imgs/COD10K-CAM-4-Amphibian-67-Frog-4743.jpg,GT/COD10K-CAM-4-Amphibian-67-Frog-4743.png,Edge/COD10K-CAM-4-Amphibian-67-Frog-4743.png
Imgs/COD10K-CAM-4-Amphibian-67-Frog-4744.jpg,GT/COD10K-CAM-4-Amphibian-67-Frog-4744.png,Edge/COD10K-CAM-4-Amphibian-67-Frog-4744.png
Imgs/COD10K-CAM-4-Amphibian-67-Frog-4745.jpg,GT/COD10K-CAM-4-Amphibian-67-Frog-4745.png,Edge/COD10K-CAM-4-Amphibian-67-Frog-4745.png
Imgs/COD10K-CAM-4-Amphibian-67-Frog-4746.jpg,GT/COD10K-CAM-4-Amphibian-67-Frog-4746.png,Edge/COD10K-CAM-4-Amphibian-67-Frog-4746.png
Imgs/COD10K-CAM-4-Amphibian-67-Frog-4747.jpg,GT/COD10K-CAM-4-Amphibian-67-Frog-4747.png,Edge/COD10K-CAM-4-Amphibian-67-Frog-4747.png
Imgs/COD10K-CAM-4-Amphibian-67-Frog-4749.jpg,GT/COD10K-CAM-4-Amphibian-67-Frog-4749.png,Edge/COD10K-CAM-4-Amphibian-67-Frog-4749.png
Imgs/COD10K-CAM-4-Amphibian-67-Frog-4750.jpg,GT/COD10K-CAM-4-Amphibian-67-Frog-4750.png,Edge/COD10K-CAM-4-Amphibian-67-Frog-4750.png
Imgs/COD10K-CAM-4-Amphibian-67-Frog-4753.jpg,GT/COD10K-CAM-4-Amphibian-67-Frog-4753.png,Edge/COD10K-CAM-4-Amphibian-67-Frog-4753.png
Imgs/COD10K-CAM-4-Amphibian-67-Frog-4757.jpg,GT/COD10K-CAM-4-Amphibian-67-Frog-4757.png,Edge/COD10K-CAM-4-Amphibian-67-Frog-4757.png
Imgs/COD10K-CAM-4-Amphibian-67-Frog-4758.jpg,GT/COD10K-CAM-4-Amphibian-67-Frog-4758.png,Edge/COD10K-CAM-4-Amphibian-67-Frog-4758.png
Imgs/COD10K-CAM-4-Amphibian-67-Frog-4760.jpg,GT/COD10K-CAM-4-Amphibian-67-Frog-4760.png,Edge/COD10K-CAM-4-Amphibian-67-Frog-4760.png
Imgs/COD10K-CAM-4-Amphibian-67-Frog-4761.jpg,GT/COD10K-CAM-4-Amphibian-67-Frog-4761.png,Edge/COD10K-CAM-4-Amphibian-67-Frog-4761.png
Imgs/COD10K-CAM-4-Amphibian-67-Frog-4762.jpg,GT/COD10K-CAM-4-Amphibian-67-Frog-4762.png,Edge/COD10K-CAM-4-Amphibian-67-Frog-4762.png
Imgs/COD10K-CAM-4-Amphibian-67-Frog-4765.jpg,GT/COD10K-CAM-4-Amphibian-67-Frog-4765.png,Edge/COD10K-CAM-4-Amphibian-67-Frog-4765.png
Imgs/COD10K-CAM-4-Amphibian-67-Frog-4766.jpg,GT/COD10K-CAM-4-Amphibian-67-Frog-4766.png,Edge/COD10K-CAM-4-Amphibian-67-Frog-4766.png
Imgs/COD10K-CAM-4-Amphibian-67-Frog-4767.jpg,GT/COD10K-CAM-4-Amphibian-67-Frog-4767.png,Edge/COD10K-CAM-4-Amphibian-67-Frog-4767.png
Imgs/COD10K-CAM-4-Amphibian-67-Frog-4769.jpg,GT/COD10K-CAM-4-Amphibian-67-Frog-4769.png,Edge/COD10K-CAM-4-Amphibian-67-Frog-4769.png
Imgs/COD10K-CAM-4-Amphibian-67-Frog-4770.jpg,GT/COD10K-CAM-4-Amphibian-67-Frog-4770.png,Edge/COD10K-CAM-4-Amphibian-67-Frog-4770.png
Imgs/COD10K-CAM-4-Amphibian-67-Frog-4771.jpg,GT/COD10K-CAM-4-Amphibian-67-Frog-4771.png,Edge/COD10K-CAM-4-Amphibian-67-Frog-4771.png
Imgs/COD10K-CAM-4-Amphibian-67-Frog-4772.jpg,GT/COD10K-CAM-4-Amphibian-67-Frog-4772.png,Edge/COD10K-CAM-4-Amphibian-67-Frog-4772.png
Imgs/COD10K-CAM-4-Amphibian-67-Frog-4778.jpg,GT/COD10K-CAM-4-Amphibian-67-Frog-4778.png,Edge/COD10K-CAM-4-Amphibian-67-Frog-4778.png
Imgs/COD10K-CAM-4-Amphibian-67-Frog-4779.jpg,GT/COD10K-CAM-4-Amphibian-67-Frog-4779.png,Edge/COD10K-CAM-4-Amphibian-67-Frog-4779.png
Imgs/COD10K-CAM-4-Amphibian-67-Frog-4780.jpg,GT/COD10K-CAM-4-Amphibian-67-Frog-4780.png,Edge/COD10K-CAM-4-Amphibian-67-Frog-4780.png
Imgs/COD10K-CAM-4-Amphibian-67-Frog-4785.jpg,GT/COD10K-CAM-4-Amphibian-67-Frog-4785.png,Edge/COD10K-CAM-4-Amphibian-67-Frog-4785.png
Imgs/COD10K-CAM-4-Amphibian-67-Frog-4786.jpg,GT/COD10K-CAM-4-Amphibian-67-Frog-4786.png,Edge/COD10K-CAM-4-Amphibian-67-Frog-4786.png
Imgs/COD10K-CAM-4-Amphibian-67-Frog-4788.jpg,GT/COD10K-CAM-4-Amphibian-67-Frog-4788.png,Edge/COD10K-CAM-4-Amphibian-67-Frog-4788.png
Imgs/COD10K-CAM-4-Amphibian-67-Frog-4789.jpg,GT/COD10K-CAM-4-Amphibian-67-Frog-4789.png,Edge/COD10K-CAM-4-Amphibian-67-Frog-4789.png
Imgs/COD10K-CAM-4-Amphibian-67-Frog-4790.jpg,GT/COD10K-CAM-4-Amphibian-67-Frog-4790.png,Edge/COD10K-CAM-4-Amphibian-67-Frog-4790.png
Imgs/COD10K-CAM-4-Amphibian-67-Frog-4791.jpg,GT/COD10K-CAM-4-Amphibian-67-Frog-4791.png,Edge/COD10K-CAM-4-Amphibian-67-Frog-4791.png
Imgs/COD10K-CAM-4-Amphibian-67-Frog-4792.jpg,GT/COD10K-CAM-4-Amphibian-67-Frog-4792.png,Edge/COD10K-CAM-4-Amphibian-67-Frog-4792.png
Imgs/COD10K-CAM-4-Amphibian-67-Frog-4794.jpg,GT/COD10K-CAM-4-Amphibian-67-Frog-4794.png,Edge/COD10K-CAM-4-Amphibian-67-Frog-4794.png
Imgs/COD10K-CAM-4-Amphibian-67-Frog-4797.jpg,GT/COD10K-CAM-4-Amphibian-67-Frog-4797.png,Edge/COD10K-CAM-4-Amphibian-67-Frog-4797.png
Imgs/COD10K-CAM-4-Amphibian-67-Frog-4798.jpg,GT/COD10K-CAM-4-Amphibian-67-Frog-4798.png,Edge/COD10K-CAM-4-Amphibian-67-Frog-4798.png
Imgs/COD10K-CAM-4-Amphibian-67-Frog-4799.jpg,GT/COD10K-CAM-4-Amphibian-67-Frog-4799.png,Edge/COD10K-CAM-4-Amphibian-67-Frog-4799.png
Imgs/COD10K-CAM-4-Amphibian-67-Frog-4801.jpg,GT/COD10K-CAM-4-Amphibian-67-Frog-4801.png,Edge/COD10K-CAM-4-Amphibian-67-Frog-4801.png
Imgs/COD10K-CAM-4-Amphibian-67-Frog-4802.jpg,GT/COD10K-CAM-4-Amphibian-67-Frog-4802.png,Edge/COD10K-CAM-4-Amphibian-67-Frog-4802.png
Imgs/COD10K-CAM-4-Amphibian-67-Frog-4804.jpg,GT/COD10K-CAM-4-Amphibian-67-Frog-4804.png,Edge/COD10K-CAM-4-Amphibian-67-Frog-4804.png
Imgs/COD10K-CAM-4-Amphibian-68-Toad-4805.jpg,GT/COD10K-CAM-4-Amphibian-68-Toad-4805.png,Edge/COD10K-CAM-4-Amphibian-68-Toad-4805.png
Imgs/COD10K-CAM-4-Amphibian-68-Toad-4806.jpg,GT/COD10K-CAM-4-Amphibian-68-Toad-4806.png,Edge/COD10K-CAM-4-Amphibian-68-Toad-4806.png
Imgs/COD10K-CAM-4-Amphibian-68-Toad-4807.jpg,GT/COD10K-CAM-4-Amphibian-68-Toad-4807.png,Edge/COD10K-CAM-4-Amphibian-68-Toad-4807.png
Imgs/COD10K-CAM-4-Amphibian-68-Toad-4810.jpg,GT/COD10K-CAM-4-Amphibian-68-Toad-4810.png,Edge/COD10K-CAM-4-Amphibian-68-Toad-4810.png
Imgs/COD10K-CAM-4-Amphibian-68-Toad-4811.jpg,GT/COD10K-CAM-4-Amphibian-68-Toad-4811.png,Edge/COD10K-CAM-4-Amphibian-68-Toad-4811.png
Imgs/COD10K-CAM-4-Amphibian-68-Toad-4812.jpg,GT/COD10K-CAM-4-Amphibian-68-Toad-4812.png,Edge/COD10K-CAM-4-Amphibian-68-Toad-4812.png
Imgs/COD10K-CAM-4-Amphibian-68-Toad-4814.jpg,GT/COD10K-CAM-4-Amphibian-68-Toad-4814.png,Edge/COD10K-CAM-4-Amphibian-68-Toad-4814.png
Imgs/COD10K-CAM-4-Amphibian-68-Toad-4815.jpg,GT/COD10K-CAM-4-Amphibian-68-Toad-4815.png,Edge/COD10K-CAM-4-Amphibian-68-Toad-4815.png
Imgs/COD10K-CAM-4-Amphibian-68-Toad-4816.jpg,GT/COD10K-CAM-4-Amphibian-68-Toad-4816.png,Edge/COD10K-CAM-4-Amphibian-68-Toad-4816.png
Imgs/COD10K-CAM-4-Amphibian-68-Toad-4817.jpg,GT/COD10K-CAM-4-Amphibian-68-Toad-4817.png,Edge/COD10K-CAM-4-Amphibian-68-Toad-4817.png
Imgs/COD10K-CAM-4-Amphibian-68-Toad-4819.jpg,GT/COD10K-CAM-4-Amphibian-68-Toad-4819.png,Edge/COD10K-CAM-4-Amphibian-68-Toad-4819.png
Imgs/COD10K-CAM-4-Amphibian-68-Toad-4820.jpg,GT/COD10K-CAM-4-Amphibian-68-Toad-4820.png,Edge/COD10K-CAM-4-Amphibian-68-Toad-4820.png
Imgs/COD10K-CAM-4-Amphibian-68-Toad-4822.jpg,GT/COD10K-CAM-4-Amphibian-68-Toad-4822.png,Edge/COD10K-CAM-4-Amphibian-68-Toad-4822.png
Imgs/COD10K-CAM-4-Amphibian-68-Toad-4823.jpg,GT/COD10K-CAM-4-Amphibian-68-Toad-4823.png,Edge/COD10K-CAM-4-Amphibian-68-Toad-4823.png
Imgs/COD10K-CAM-4-Amphibian-68-Toad-4824.jpg,GT/COD10K-CAM-4-Amphibian-68-Toad-4824.png,Edge/COD10K-CAM-4-Amphibian-68-Toad-4824.png
Imgs/COD10K-CAM-4-Amphibian-68-Toad-4825.jpg,GT/COD10K-CAM-4-Amphibian-68-Toad-4825.png,Edge/COD10K-CAM-4-Amphibian-68-Toad-4825.png
Imgs/COD10K-CAM-4-Amphibian-68-Toad-4827.jpg,GT/COD10K-CAM-4-Amphibian-68-Toad-4827.png,Edge/COD10K-CAM-4-Amphibian-68-Toad-4827.png
Imgs/COD10K-CAM-4-Amphibian-68-Toad-4829.jpg,GT/COD10K-CAM-4-Amphibian-68-Toad-4829.png,Edge/COD10K-CAM-4-Amphibian-68-Toad-4829.png
Imgs/COD10K-CAM-4-Amphibian-68-Toad-4830.jpg,GT/COD10K-CAM-4-Amphibian-68-Toad-4830.png,Edge/COD10K-CAM-4-Amphibian-68-Toad-4830.png
Imgs/COD10K-CAM-4-Amphibian-68-Toad-4832.jpg,GT/COD10K-CAM-4-Amphibian-68-Toad-4832.png,Edge/COD10K-CAM-4-Amphibian-68-Toad-4832.png
Imgs/COD10K-CAM-4-Amphibian-68-Toad-4833.jpg,GT/COD10K-CAM-4-Amphibian-68-Toad-4833.png,Edge/COD10K-CAM-4-Amphibian-68-Toad-4833.png
Imgs/COD10K-CAM-4-Amphibian-68-Toad-4834.jpg,GT/COD10K-CAM-4-Amphibian-68-Toad-4834.png,Edge/COD10K-CAM-4-Amphibian-68-Toad-4834.png
Imgs/COD10K-CAM-4-Amphibian-68-Toad-4835.jpg,GT/COD10K-CAM-4-Amphibian-68-Toad-4835.png,Edge/COD10K-CAM-4-Amphibian-68-Toad-4835.png
Imgs/COD10K-CAM-4-Amphibian-68-Toad-4837.jpg,GT/COD10K-CAM-4-Amphibian-68-Toad-4837.png,Edge/COD10K-CAM-4-Amphibian-68-Toad-4837.png
Imgs/COD10K-CAM-4-Amphibian-68-Toad-4840.jpg,GT/COD10K-CAM-4-Amphibian-68-Toad-4840.png,Edge/COD10K-CAM-4-Amphibian-68-Toad-4840.png
Imgs/COD10K-CAM-4-Amphibian-68-Toad-4843.jpg,GT/COD10K-CAM-4-Amphibian-68-Toad-4843.png,Edge/COD10K-CAM-4-Amphibian-68-Toad-4843.png
Imgs/COD10K-CAM-4-Amphibian-68-Toad-4844.jpg,GT/COD10K-CAM-4-Amphibian-68-Toad-4844.png,Edge/COD10K-CAM-4-Amphibian-68-Toad-4844.png
Imgs/COD10K-CAM-4-Amphibian-68-Toad-4845.jpg,GT/COD10K-CAM-4-Amphibian-68-Toad-4845.png,Edge/COD10K-CAM-4-Amphibian-68-Toad-4845.png
Imgs/COD10K-CAM-4-Amphibian-68-Toad-4846.jpg,GT/COD10K-CAM-4-Amphibian-68-Toad-4846.png,Edge/COD10K-CAM-4-Amphibian-68-Toad-4846.png
Imgs/COD10K-CAM-4-Amphibian-68-Toad-4847.jpg,GT/COD10K-CAM-4-Amphibian-68-Toad-4847.png,Edge/COD10K-CAM-4-Amphibian-68-Toad-4847.png
Imgs/COD10K-CAM-4-Amphibian-68-Toad-4848.jpg,GT/COD10K-CAM-4-Amphibian-68-Toad-4848.png,Edge/COD10K-CAM-4-Amphibian-68-Toad-4848.png
Imgs/COD10K-CAM-4-Amphibian-68-Toad-4849.jpg,GT/COD10K-CAM-4-Amphibian-68-Toad-4849.png,Edge/COD10K-CAM-4-Amphibian-68-Toad-4849.png
Imgs/COD10K-CAM-4-Amphibian-68-Toad-4851.jpg,GT/COD10K-CAM-4-Amphibian-68-Toad-4851.png,Edge/COD10K-CAM-4-Amphibian-68-Toad-4851.png
Imgs/COD10K-CAM-4-Amphibian-68-Toad-4852.jpg,GT/COD10K-CAM-4-Amphibian-68-Toad-4852.png,Edge/COD10K-CAM-4-Amphibian-68-Toad-4852.png
Imgs/COD10K-CAM-4-Amphibian-68-Toad-4854.jpg,GT/COD10K-CAM-4-Amphibian-68-Toad-4854.png,Edge/COD10K-CAM-4-Amphibian-68-Toad-4854.png
Imgs/COD10K-CAM-4-Amphibian-68-Toad-4855.jpg,GT/COD10K-CAM-4-Amphibian-68-Toad-4855.png,Edge/COD10K-CAM-4-Amphibian-68-Toad-4855.png
Imgs/COD10K-CAM-4-Amphibian-68-Toad-4857.jpg,GT/COD10K-CAM-4-Amphibian-68-Toad-4857.png,Edge/COD10K-CAM-4-Amphibian-68-Toad-4857.png
Imgs/COD10K-CAM-4-Amphibian-68-Toad-4858.jpg,GT/COD10K-CAM-4-Amphibian-68-Toad-4858.png,Edge/COD10K-CAM-4-Amphibian-68-Toad-4858.png
Imgs/COD10K-CAM-4-Amphibian-68-Toad-4859.jpg,GT/COD10K-CAM-4-Amphibian-68-Toad-4859.png,Edge/COD10K-CAM-4-Amphibian-68-Toad-4859.png
Imgs/COD10K-CAM-4-Amphibian-68-Toad-4860.jpg,GT/COD10K-CAM-4-Amphibian-68-Toad-4860.png,Edge/COD10K-CAM-4-Amphibian-68-Toad-4860.png
Imgs/COD10K-CAM-4-Amphibian-68-Toad-4862.jpg,GT/COD10K-CAM-4-Amphibian-68-Toad-4862.png,Edge/COD10K-CAM-4-Amphibian-68-Toad-4862.png
Imgs/COD10K-CAM-4-Amphibian-68-Toad-4864.jpg,GT/COD10K-CAM-4-Amphibian-68-Toad-4864.png,Edge/COD10K-CAM-4-Amphibian-68-Toad-4864.png
Imgs/COD10K-CAM-4-Amphibian-68-Toad-4865.jpg,GT/COD10K-CAM-4-Amphibian-68-Toad-4865.png,Edge/COD10K-CAM-4-Amphibian-68-Toad-4865.png
Imgs/COD10K-CAM-4-Amphibian-68-Toad-4866.jpg,GT/COD10K-CAM-4-Amphibian-68-Toad-4866.png,Edge/COD10K-CAM-4-Amphibian-68-Toad-4866.png
Imgs/COD10K-CAM-4-Amphibian-68-Toad-4868.jpg,GT/COD10K-CAM-4-Amphibian-68-Toad-4868.png,Edge/COD10K-CAM-4-Amphibian-68-Toad-4868.png
Imgs/COD10K-CAM-4-Amphibian-68-Toad-4869.jpg,GT/COD10K-CAM-4-Amphibian-68-Toad-4869.png,Edge/COD10K-CAM-4-Amphibian-68-Toad-4869.png
Imgs/COD10K-CAM-4-Amphibian-68-Toad-4870.jpg,GT/COD10K-CAM-4-Amphibian-68-Toad-4870.png,Edge/COD10K-CAM-4-Amphibian-68-Toad-4870.png
Imgs/COD10K-CAM-4-Amphibian-68-Toad-4871.jpg,GT/COD10K-CAM-4-Amphibian-68-Toad-4871.png,Edge/COD10K-CAM-4-Amphibian-68-Toad-4871.png
Imgs/COD10K-CAM-4-Amphibian-68-Toad-4874.jpg,GT/COD10K-CAM-4-Amphibian-68-Toad-4874.png,Edge/COD10K-CAM-4-Amphibian-68-Toad-4874.png
Imgs/COD10K-CAM-4-Amphibian-68-Toad-4875.jpg,GT/COD10K-CAM-4-Amphibian-68-Toad-4875.png,Edge/COD10K-CAM-4-Amphibian-68-Toad-4875.png
Imgs/COD10K-CAM-4-Amphibian-68-Toad-4878.jpg,GT/COD10K-CAM-4-Amphibian-68-Toad-4878.png,Edge/COD10K-CAM-4-Amphibian-68-Toad-4878.png
Imgs/COD10K-CAM-4-Amphibian-68-Toad-4879.jpg,GT/COD10K-CAM-4-Amphibian-68-Toad-4879.png,Edge/COD10K-CAM-4-Amphibian-68-Toad-4879.png
Imgs/COD10K-CAM-4-Amphibian-68-Toad-4880.jpg,GT/COD10K-CAM-4-Amphibian-68-Toad-4880.png,Edge/COD10K-CAM-4-Amphibian-68-Toad-4880.png
Imgs/COD10K-CAM-4-Amphibian-68-Toad-4882.jpg,GT/COD10K-CAM-4-Amphibian-68-Toad-4882.png,Edge/COD10K-CAM-4-Amphibian-68-Toad-4882.png
Imgs/COD10K-CAM-4-Amphibian-68-Toad-4884.jpg,GT/COD10K-CAM-4-Amphibian-68-Toad-4884.png,Edge/COD10K-CAM-4-Amphibian-68-Toad-4884.png
Imgs/COD10K-CAM-4-Amphibian-68-Toad-4885.jpg,GT/COD10K-CAM-4-Amphibian-68-Toad-4885.png,Edge/COD10K-CAM-4-Amphibian-68-Toad-4885.png
Imgs/COD10K-CAM-4-Amphibian-68-Toad-4888.jpg,GT/COD10K-CAM-4-Amphibian-68-Toad-4888.png,Edge/COD10K-CAM-4-Amphibian-68-Toad-4888.png
Imgs/COD10K-CAM-4-Amphibian-68-Toad-4889.jpg,GT/COD10K-CAM-4-Amphibian-68-Toad-4889.png,Edge/COD10K-CAM-4-Amphibian-68-Toad-4889.png
Imgs/COD10K-CAM-4-Amphibian-68-Toad-4890.jpg,GT/COD10K-CAM-4-Amphibian-68-Toad-4890.png,Edge/COD10K-CAM-4-Amphibian-68-Toad-4890.png
Imgs/COD10K-CAM-4-Amphibian-68-Toad-4892.jpg,GT/COD10K-CAM-4-Amphibian-68-Toad-4892.png,Edge/COD10K-CAM-4-Amphibian-68-Toad-4892.png
Imgs/COD10K-CAM-4-Amphibian-68-Toad-4893.jpg,GT/COD10K-CAM-4-Amphibian-68-Toad-4893.png,Edge/COD10K-CAM-4-Amphibian-68-Toad-4893.png
Imgs/COD10K-CAM-4-Amphibian-68-Toad-4894.jpg,GT/COD10K-CAM-4-Amphibian-68-Toad-4894.png,Edge/COD10K-CAM-4-Amphibian-68-Toad-4894.png
Imgs/COD10K-CAM-4-Amphibian-68-Toad-4895.jpg,GT/COD10K-CAM-4-Amphibian-68-Toad-4895.png,Edge/COD10K-CAM-4-Amphibian-68-Toad-4895.png
Imgs/COD10K-CAM-4-Amphibian-68-Toad-4897.jpg,GT/COD10K-CAM-4-Amphibian-68-Toad-4897.png,Edge/COD10K-CAM-4-Amphibian-68-Toad-4897.png
Imgs/COD10K-CAM-4-Amphibian-68-Toad-4898.jpg,GT/COD10K-CAM-4-Amphibian-68-Toad-4898.png,Edge/COD10K-CAM-4-Amphibian-68-Toad-4898.png
Imgs/COD10K-CAM-4-Amphibian-68-Toad-4901.jpg,GT/COD10K-CAM-4-Amphibian-68-Toad-4901.png,Edge/COD10K-CAM-4-Amphibian-68-Toad-4901.png
Imgs/COD10K-CAM-4-Amphibian-68-Toad-4902.jpg,GT/COD10K-CAM-4-Amphibian-68-Toad-4902.png,Edge/COD10K-CAM-4-Amphibian-68-Toad-4902.png
Imgs/COD10K-CAM-4-Amphibian-68-Toad-4906.jpg,GT/COD10K-CAM-4-Amphibian-68-Toad-4906.png,Edge/COD10K-CAM-4-Amphibian-68-Toad-4906.png
Imgs/COD10K-CAM-4-Amphibian-68-Toad-4907.jpg,GT/COD10K-CAM-4-Amphibian-68-Toad-4907.png,Edge/COD10K-CAM-4-Amphibian-68-Toad-4907.png
Imgs/COD10K-CAM-4-Amphibian-68-Toad-4911.jpg,GT/COD10K-CAM-4-Amphibian-68-Toad-4911.png,Edge/COD10K-CAM-4-Amphibian-68-Toad-4911.png
Imgs/COD10K-CAM-4-Amphibian-68-Toad-4915.jpg,GT/COD10K-CAM-4-Amphibian-68-Toad-4915.png,Edge/COD10K-CAM-4-Amphibian-68-Toad-4915.png
Imgs/COD10K-CAM-4-Amphibian-68-Toad-4916.jpg,GT/COD10K-CAM-4-Amphibian-68-Toad-4916.png,Edge/COD10K-CAM-4-Amphibian-68-Toad-4916.png
Imgs/COD10K-CAM-4-Amphibian-68-Toad-4918.jpg,GT/COD10K-CAM-4-Amphibian-68-Toad-4918.png,Edge/COD10K-CAM-4-Amphibian-68-Toad-4918.png
Imgs/COD10K-CAM-4-Amphibian-68-Toad-4919.jpg,GT/COD10K-CAM-4-Amphibian-68-Toad-4919.png,Edge/COD10K-CAM-4-Amphibian-68-Toad-4919.png
Imgs/COD10K-CAM-4-Amphibian-68-Toad-4920.jpg,GT/COD10K-CAM-4-Amphibian-68-Toad-4920.png,Edge/COD10K-CAM-4-Amphibian-68-Toad-4920.png
Imgs/COD10K-CAM-4-Amphibian-68-Toad-4922.jpg,GT/COD10K-CAM-4-Amphibian-68-Toad-4922.png,Edge/COD10K-CAM-4-Amphibian-68-Toad-4922.png
Imgs/COD10K-CAM-4-Amphibian-68-Toad-4924.jpg,GT/COD10K-CAM-4-Amphibian-68-Toad-4924.png,Edge/COD10K-CAM-4-Amphibian-68-Toad-4924.png
Imgs/COD10K-CAM-4-Amphibian-68-Toad-4925.jpg,GT/COD10K-CAM-4-Amphibian-68-Toad-4925.png,Edge/COD10K-CAM-4-Amphibian-68-Toad-4925.png
Imgs/COD10K-CAM-4-Amphibian-68-Toad-4927.jpg,GT/COD10K-CAM-4-Amphibian-68-Toad-4927.png,Edge/COD10K-CAM-4-Amphibian-68-Toad-4927.png
Imgs/COD10K-CAM-4-Amphibian-68-Toad-4928.jpg,GT/COD10K-CAM-4-Amphibian-68-Toad-4928.png,Edge/COD10K-CAM-4-Amphibian-68-Toad-4928.png
Imgs/COD10K-CAM-4-Amphibian-68-Toad-4930.jpg,GT/COD10K-CAM-4-Amphibian-68-Toad-4930.png,Edge/COD10K-CAM-4-Amphibian-68-Toad-4930.png
Imgs/COD10K-CAM-4-Amphibian-68-Toad-4931.jpg,GT/COD10K-CAM-4-Amphibian-68-Toad-4931.png,Edge/COD10K-CAM-4-Amphibian-68-Toad-4931.png
Imgs/COD10K-CAM-4-Amphibian-68-Toad-4932.jpg,GT/COD10K-CAM-4-Amphibian-68-Toad-4932.png,Edge/COD10K-CAM-4-Amphibian-68-Toad-4932.png
Imgs/COD10K-CAM-4-Amphibian-68-Toad-4933.jpg,GT/COD10K-CAM-4-Amphibian-68-Toad-4933.png,Edge/COD10K-CAM-4-Amphibian-68-Toad-4933.png
Imgs/COD10K-CAM-4-Amphibian-68-Toad-4934.jpg,GT/COD10K-CAM-4-Amphibian-68-Toad-4934.png,Edge/COD10K-CAM-4-Amphibian-68-Toad-4934.png
Imgs/COD10K-CAM-4-Amphibian-68-Toad-4935.jpg,GT/COD10K-CAM-4-Amphibian-68-Toad-4935.png,Edge/COD10K-CAM-4-Amphibian-68-Toad-4935.png
Imgs/COD10K-CAM-4-Amphibian-68-Toad-4939.jpg,GT/COD10K-CAM-4-Amphibian-68-Toad-4939.png,Edge/COD10K-CAM-4-Amphibian-68-Toad-4939.png
Imgs/COD10K-CAM-4-Amphibian-68-Toad-4940.jpg,GT/COD10K-CAM-4-Amphibian-68-Toad-4940.png,Edge/COD10K-CAM-4-Amphibian-68-Toad-4940.png
Imgs/COD10K-CAM-4-Amphibian-68-Toad-4942.jpg,GT/COD10K-CAM-4-Amphibian-68-Toad-4942.png,Edge/COD10K-CAM-4-Amphibian-68-Toad-4942.png
Imgs/COD10K-CAM-4-Amphibian-68-Toad-4943.jpg,GT/COD10K-CAM-4-Amphibian-68-Toad-4943.png,Edge/COD10K-CAM-4-Amphibian-68-Toad-4943.png
Imgs/COD10K-CAM-4-Amphibian-68-Toad-4944.jpg,GT/COD10K-CAM-4-Amphibian-68-Toad-4944.png,Edge/COD10K-CAM-4-Amphibian-68-Toad-4944.png
Imgs/COD10K-CAM-4-Amphibian-68-Toad-4946.jpg,GT/COD10K-CAM-4-Amphibian-68-Toad-4946.png,Edge/COD10K-CAM-4-Amphibian-68-Toad-4946.png
Imgs/COD10K-CAM-4-Amphibian-68-Toad-4947.jpg,GT/COD10K-CAM-4-Amphibian-68-Toad-4947.png,Edge/COD10K-CAM-4-Amphibian-68-Toad-4947.png
Imgs/COD10K-CAM-4-Amphibian-68-Toad-4948.jpg,GT/COD10K-CAM-4-Amphibian-68-Toad-4948.png,Edge/COD10K-CAM-4-Amphibian-68-Toad-4948.png
Imgs/COD10K-CAM-4-Amphibian-68-Toad-4952.jpg,GT/COD10K-CAM-4-Amphibian-68-Toad-4952.png,Edge/COD10K-CAM-4-Amphibian-68-Toad-4952.png
Imgs/COD10K-CAM-4-Amphibian-68-Toad-4953.jpg,GT/COD10K-CAM-4-Amphibian-68-Toad-4953.png,Edge/COD10K-CAM-4-Amphibian-68-Toad-4953.png
Imgs/COD10K-CAM-4-Amphibian-68-Toad-4954.jpg,GT/COD10K-CAM-4-Amphibian-68-Toad-4954.png,Edge/COD10K-CAM-4-Amphibian-68-Toad-4954.png
Imgs/COD10K-CAM-4-Amphibian-68-Toad-4956.jpg,GT/COD10K-CAM-4-Amphibian-68-Toad-4956.png,Edge/COD10K-CAM-4-Amphibian-68-Toad-4956.png
Imgs/COD10K-CAM-4-Amphibian-68-Toad-4957.jpg,GT/COD10K-CAM-4-Amphibian-68-Toad-4957.png,Edge/COD10K-CAM-4-Amphibian-68-Toad-4957.png
Imgs/COD10K-CAM-4-Amphibian-68-Toad-4958.jpg,GT/COD10K-CAM-4-Amphibian-68-Toad-4958.png,Edge/COD10K-CAM-4-Amphibian-68-Toad-4958.png
Imgs/COD10K-CAM-4-Amphibian-68-Toad-4959.jpg,GT/COD10K-CAM-4-Amphibian-68-Toad-4959.png,Edge/COD10K-CAM-4-Amphibian-68-Toad-4959.png
Imgs/COD10K-CAM-4-Amphibian-68-Toad-4961.jpg,GT/COD10K-CAM-4-Amphibian-68-Toad-4961.png,Edge/COD10K-CAM-4-Amphibian-68-Toad-4961.png
Imgs/COD10K-CAM-4-Amphibian-68-Toad-4966.jpg,GT/COD10K-CAM-4-Amphibian-68-Toad-4966.png,Edge/COD10K-CAM-4-Amphibian-68-Toad-4966.png
Imgs/COD10K-CAM-4-Amphibian-68-Toad-4967.jpg,GT/COD10K-CAM-4-Amphibian-68-Toad-4967.png,Edge/COD10K-CAM-4-Amphibian-68-Toad-4967.png
Imgs/COD10K-CAM-4-Amphibian-68-Toad-4969.jpg,GT/COD10K-CAM-4-Amphibian-68-Toad-4969.png,Edge/COD10K-CAM-4-Amphibian-68-Toad-4969.png
Imgs/COD10K-CAM-4-Amphibian-68-Toad-4970.jpg,GT/COD10K-CAM-4-Amphibian-68-Toad-4970.png,Edge/COD10K-CAM-4-Amphibian-68-Toad-4970.png
Imgs/COD10K-CAM-4-Amphibian-68-Toad-4971.jpg,GT/COD10K-CAM-4-Amphibian-68-Toad-4971.png,Edge/COD10K-CAM-4-Amphibian-68-Toad-4971.png
Imgs/COD10K-CAM-4-Amphibian-68-Toad-4972.jpg,GT/COD10K-CAM-4-Amphibian-68-Toad-4972.png,Edge/COD10K-CAM-4-Amphibian-68-Toad-4972.png
Imgs/COD10K-CAM-4-Amphibian-68-Toad-4973.jpg,GT/COD10K-CAM-4-Amphibian-68-Toad-4973.png,Edge/COD10K-CAM-4-Amphibian-68-Toad-4973.png
Imgs/COD10K-CAM-4-Amphibian-68-Toad-4974.jpg,GT/COD10K-CAM-4-Amphibian-68-Toad-4974.png,Edge/COD10K-CAM-4-Amphibian-68-Toad-4974.png
Imgs/COD10K-CAM-4-Amphibian-68-Toad-4975.jpg,GT/COD10K-CAM-4-Amphibian-68-Toad-4975.png,Edge/COD10K-CAM-4-Amphibian-68-Toad-4975.png
Imgs/COD10K-CAM-4-Amphibian-68-Toad-4979.jpg,GT/COD10K-CAM-4-Amphibian-68-Toad-4979.png,Edge/COD10K-CAM-4-Amphibian-68-Toad-4979.png
Imgs/COD10K-CAM-4-Amphibian-68-Toad-4980.jpg,GT/COD10K-CAM-4-Amphibian-68-Toad-4980.png,Edge/COD10K-CAM-4-Amphibian-68-Toad-4980.png
Imgs/COD10K-CAM-4-Amphibian-68-Toad-4981.jpg,GT/COD10K-CAM-4-Amphibian-68-Toad-4981.png,Edge/COD10K-CAM-4-Amphibian-68-Toad-4981.png
Imgs/COD10K-CAM-4-Amphibian-68-Toad-4982.jpg,GT/COD10K-CAM-4-Amphibian-68-Toad-4982.png,Edge/COD10K-CAM-4-Amphibian-68-Toad-4982.png
Imgs/COD10K-CAM-4-Amphibian-68-Toad-4983.jpg,GT/COD10K-CAM-4-Amphibian-68-Toad-4983.png,Edge/COD10K-CAM-4-Amphibian-68-Toad-4983.png
Imgs/COD10K-CAM-4-Amphibian-68-Toad-4984.jpg,GT/COD10K-CAM-4-Amphibian-68-Toad-4984.png,Edge/COD10K-CAM-4-Amphibian-68-Toad-4984.png
Imgs/COD10K-CAM-4-Amphibian-68-Toad-4985.jpg,GT/COD10K-CAM-4-Amphibian-68-Toad-4985.png,Edge/COD10K-CAM-4-Amphibian-68-Toad-4985.png
Imgs/COD10K-CAM-4-Amphibian-68-Toad-4986.jpg,GT/COD10K-CAM-4-Amphibian-68-Toad-4986.png,Edge/COD10K-CAM-4-Amphibian-68-Toad-4986.png
Imgs/COD10K-CAM-4-Amphibian-68-Toad-4987.jpg,GT/COD10K-CAM-4-Amphibian-68-Toad-4987.png,Edge/COD10K-CAM-4-Amphibian-68-Toad-4987.png
Imgs/COD10K-CAM-4-Amphibian-68-Toad-4988.jpg,GT/COD10K-CAM-4-Amphibian-68-Toad-4988.png,Edge/COD10K-CAM-4-Amphibian-68-Toad-4988.png
Imgs/COD10K-CAM-4-Amphibian-68-Toad-4989.jpg,GT/COD10K-CAM-4-Amphibian-68-Toad-4989.png,Edge/COD10K-CAM-4-Amphibian-68-Toad-4989.png
Imgs/COD10K-CAM-4-Amphibian-68-Toad-4992.jpg,GT/COD10K-CAM-4-Amphibian-68-Toad-4992.png,Edge/COD10K-CAM-4-Amphibian-68-Toad-4992.png
Imgs/COD10K-CAM-4-Amphibian-68-Toad-4993.jpg,GT/COD10K-CAM-4-Amphibian-68-Toad-4993.png,Edge/COD10K-CAM-4-Amphibian-68-Toad-4993.png
Imgs/COD10K-CAM-4-Amphibian-68-Toad-4994.jpg,GT/COD10K-CAM-4-Amphibian-68-Toad-4994.png,Edge/COD10K-CAM-4-Amphibian-68-Toad-4994.png
Imgs/COD10K-CAM-4-Amphibian-68-Toad-4996.jpg,GT/COD10K-CAM-4-Amphibian-68-Toad-4996.png,Edge/COD10K-CAM-4-Amphibian-68-Toad-4996.png
Imgs/COD10K-CAM-4-Amphibian-68-Toad-5000.jpg,GT/COD10K-CAM-4-Amphibian-68-Toad-5000.png,Edge/COD10K-CAM-4-Amphibian-68-Toad-5000.png
Imgs/COD10K-CAM-4-Amphibian-68-Toad-5001.jpg,GT/COD10K-CAM-4-Amphibian-68-Toad-5001.png,Edge/COD10K-CAM-4-Amphibian-68-Toad-5001.png
Imgs/COD10K-CAM-4-Amphibian-68-Toad-5003.jpg,GT/COD10K-CAM-4-Amphibian-68-Toad-5003.png,Edge/COD10K-CAM-4-Amphibian-68-Toad-5003.png
Imgs/COD10K-CAM-4-Amphibian-68-Toad-5007.jpg,GT/COD10K-CAM-4-Amphibian-68-Toad-5007.png,Edge/COD10K-CAM-4-Amphibian-68-Toad-5007.png
Imgs/COD10K-CAM-4-Amphibian-68-Toad-5009.jpg,GT/COD10K-CAM-4-Amphibian-68-Toad-5009.png,Edge/COD10K-CAM-4-Amphibian-68-Toad-5009.png
Imgs/COD10K-CAM-4-Amphibian-68-Toad-5012.jpg,GT/COD10K-CAM-4-Amphibian-68-Toad-5012.png,Edge/COD10K-CAM-4-Amphibian-68-Toad-5012.png
Imgs/COD10K-CAM-4-Amphibian-68-Toad-5013.jpg,GT/COD10K-CAM-4-Amphibian-68-Toad-5013.png,Edge/COD10K-CAM-4-Amphibian-68-Toad-5013.png
Imgs/COD10K-CAM-4-Amphibian-68-Toad-5015.jpg,GT/COD10K-CAM-4-Amphibian-68-Toad-5015.png,Edge/COD10K-CAM-4-Amphibian-68-Toad-5015.png
Imgs/COD10K-CAM-4-Amphibian-68-Toad-5016.jpg,GT/COD10K-CAM-4-Amphibian-68-Toad-5016.png,Edge/COD10K-CAM-4-Amphibian-68-Toad-5016.png
Imgs/COD10K-CAM-4-Amphibian-68-Toad-5017.jpg,GT/COD10K-CAM-4-Amphibian-68-Toad-5017.png,Edge/COD10K-CAM-4-Amphibian-68-Toad-5017.png
Imgs/COD10K-CAM-4-Amphibian-68-Toad-5018.jpg,GT/COD10K-CAM-4-Amphibian-68-Toad-5018.png,Edge/COD10K-CAM-4-Amphibian-68-Toad-5018.png
Imgs/COD10K-CAM-4-Amphibian-68-Toad-5019.jpg,GT/COD10K-CAM-4-Amphibian-68-Toad-5019.png,Edge/COD10K-CAM-4-Amphibian-68-Toad-5019.png
Imgs/COD10K-CAM-5-Other-69-Other-5024.jpg,GT/COD10K-CAM-5-Other-69-Other-5024.png,Edge/COD10K-CAM-5-Other-69-Other-5024.png
Imgs/COD10K-CAM-5-Other-69-Other-5025.jpg,GT/COD10K-CAM-5-Other-69-Other-5025.png,Edge/COD10K-CAM-5-Other-69-Other-5025.png
Imgs/COD10K-CAM-5-Other-69-Other-5026.jpg,GT/COD10K-CAM-5-Other-69-Other-5026.png,Edge/COD10K-CAM-5-Other-69-Other-5026.png
Imgs/COD10K-CAM-5-Other-69-Other-5030.jpg,GT/COD10K-CAM-5-Other-69-Other-5030.png,Edge/COD10K-CAM-5-Other-69-Other-5030.png
Imgs/COD10K-CAM-5-Other-69-Other-5031.jpg,GT/COD10K-CAM-5-Other-69-Other-5031.png,Edge/COD10K-CAM-5-Other-69-Other-5031.png
Imgs/COD10K-CAM-5-Other-69-Other-5032.jpg,GT/COD10K-CAM-5-Other-69-Other-5032.png,Edge/COD10K-CAM-5-Other-69-Other-5032.png
Imgs/COD10K-CAM-5-Other-69-Other-5033.jpg,GT/COD10K-CAM-5-Other-69-Other-5033.png,Edge/COD10K-CAM-5-Other-69-Other-5033.png
Imgs/COD10K-CAM-5-Other-69-Other-5034.jpg,GT/COD10K-CAM-5-Other-69-Other-5034.png,Edge/COD10K-CAM-5-Other-69-Other-5034.png
Imgs/COD10K-CAM-5-Other-69-Other-5035.jpg,GT/COD10K-CAM-5-Other-69-Other-5035.png,Edge/COD10K-CAM-5-Other-69-Other-5035.png
Imgs/COD10K-CAM-5-Other-69-Other-5036.jpg,GT/COD10K-CAM-5-Other-69-Other-5036.png,Edge/COD10K-CAM-5-Other-69-Other-5036.png
Imgs/COD10K-CAM-5-Other-69-Other-5038.jpg,GT/COD10K-CAM-5-Other-69-Other-5038.png,Edge/COD10K-CAM-5-Other-69-Other-5038.png
Imgs/COD10K-CAM-5-Other-69-Other-5039.jpg,GT/COD10K-CAM-5-Other-69-Other-5039.png,Edge/COD10K-CAM-5-Other-69-Other-5039.png
Imgs/COD10K-CAM-5-Other-69-Other-5041.jpg,GT/COD10K-CAM-5-Other-69-Other-5041.png,Edge/COD10K-CAM-5-Other-69-Other-5041.png
Imgs/COD10K-CAM-5-Other-69-Other-5042.jpg,GT/COD10K-CAM-5-Other-69-Other-5042.png,Edge/COD10K-CAM-5-Other-69-Other-5042.png
Imgs/COD10K-CAM-5-Other-69-Other-5044.jpg,GT/COD10K-CAM-5-Other-69-Other-5044.png,Edge/COD10K-CAM-5-Other-69-Other-5044.png
Imgs/COD10K-CAM-5-Other-69-Other-5045.jpg,GT/COD10K-CAM-5-Other-69-Other-5045.png,Edge/COD10K-CAM-5-Other-69-Other-5045.png
Imgs/COD10K-CAM-5-Other-69-Other-5047.jpg,GT/COD10K-CAM-5-Other-69-Other-5047.png,Edge/COD10K-CAM-5-Other-69-Other-5047.png
Imgs/COD10K-CAM-5-Other-69-Other-5050.jpg,GT/COD10K-CAM-5-Other-69-Other-5050.png,Edge/COD10K-CAM-5-Other-69-Other-5050.png
Imgs/COD10K-CAM-5-Other-69-Other-5052.jpg,GT/COD10K-CAM-5-Other-69-Other-5052.png,Edge/COD10K-CAM-5-Other-69-Other-5052.png
Imgs/COD10K-CAM-5-Other-69-Other-5053.jpg,GT/COD10K-CAM-5-Other-69-Other-5053.png,Edge/COD10K-CAM-5-Other-69-Other-5053.png
Imgs/COD10K-CAM-5-Other-69-Other-5054.jpg,GT/COD10K-CAM-5-Other-69-Other-5054.png,Edge/COD10K-CAM-5-Other-69-Other-5054.png
Imgs/COD10K-CAM-5-Other-69-Other-5055.jpg,GT/COD10K-CAM-5-Other-69-Other-5055.png,Edge/COD10K-CAM-5-Other-69-Other-5055.png
Imgs/COD10K-CAM-5-Other-69-Other-5056.jpg,GT/COD10K-CAM-5-Other-69-Other-5056.png,Edge/COD10K-CAM-5-Other-69-Other-5056.png
Imgs/COD10K-CAM-5-Other-69-Other-5057.jpg,GT/COD10K-CAM-5-Other-69-Other-5057.png,Edge/COD10K-CAM-5-Other-69-Other-5057.png
Imgs/COD10K-CAM-5-Other-69-Other-5058.jpg,GT/COD10K-CAM-5-Other-69-Other-5058.png,Edge/COD10K-CAM-5-Other-69-Other-5058.png
Imgs/COD10K-CAM-5-Other-69-Other-5061.jpg,GT/COD10K-CAM-5-Other-69-Other-5061.png,Edge/COD10K-CAM-5-Other-69-Other-5061.png
Imgs/COD10K-CAM-5-Other-69-Other-5064.jpg,GT/COD10K-CAM-5-Other-69-Other-5064.png,Edge/COD10K-CAM-5-Other-69-Other-5064.png
Imgs/COD10K-CAM-5-Other-69-Other-5065.jpg,GT/COD10K-CAM-5-Other-69-Other-5065.png,Edge/COD10K-CAM-5-Other-69-Other-5065.png
Imgs/COD10K-CAM-5-Other-69-Other-5066.jpg,GT/COD10K-CAM-5-Other-69-Other-5066.png,Edge/COD10K-CAM-5-Other-69-Other-5066.png
Imgs/camourflage_00001.jpg,GT/camourflage_00001.png,Edge/camourflage_00001.png
Imgs/camourflage_00002.jpg,GT/camourflage_00002.png,Edge/camourflage_00002.png
Imgs/camourflage_00003.jpg,GT/camourflage_00003.png,Edge/camourflage_00003.png
Imgs/camourflage_00004.jpg,GT/camourflage_00004.png,Edge/camourflage_00004.png
Imgs/camourflage_00005.jpg,GT/camourflage_00005.png,Edge/camourflage_00005.png
Imgs/camourflage_00006.jpg,GT/camourflage_00006.png,Edge/camourflage_00006.png
Imgs/camourflage_00007.jpg,GT/camourflage_00007.png,Edge/camourflage_00007.png
Imgs/camourflage_00008.jpg,GT/camourflage_00008.png,Edge/camourflage_00008.png
Imgs/camourflage_00009.jpg,GT/camourflage_00009.png,Edge/camourflage_00009.png
Imgs/camourflage_00010.jpg,GT/camourflage_00010.png,Edge/camourflage_00010.png
Imgs/camourflage_00011.jpg,GT/camourflage_00011.png,Edge/camourflage_00011.png
Imgs/camourflage_00013.jpg,GT/camourflage_00013.png,Edge/camourflage_00013.png
Imgs/camourflage_00014.jpg,GT/camourflage_00014.png,Edge/camourflage_00014.png
Imgs/camourflage_00015.jpg,GT/camourflage_00015.png,Edge/camourflage_00015.png
Imgs/camourflage_00016.jpg,GT/camourflage_00016.png,Edge/camourflage_00016.png
Imgs/camourflage_00017.jpg,GT/camourflage_00017.png,Edge/camourflage_00017.png
Imgs/camourflage_00019.jpg,GT/camourflage_00019.png,Edge/camourflage_00019.png
Imgs/camourflage_00020.jpg,GT/camourflage_00020.png,Edge/camourflage_00020.png
Imgs/camourflage_00021.jpg,GT/camourflage_00021.png,Edge/camourflage_00021.png
Imgs/camourflage_00022.jpg,GT/camourflage_00022.png,Edge/camourflage_00022.png
Imgs/camourflage_00023.jpg,GT/camourflage_00023.png,Edge/camourflage_00023.png
Imgs/camourflage_00024.jpg,GT/camourflage_00024.png,Edge/camourflage_00024.png
Imgs/camourflage_00025.jpg,GT/camourflage_00025.png,Edge/camourflage_00025.png
Imgs/camourflage_00026.jpg,GT/camourflage_00026.png,Edge/camourflage_00026.png
Imgs/camourflage_00027.jpg,GT/camourflage_00027.png,Edge/camourflage_00027.png
Imgs/camourflage_00028.jpg,GT/camourflage_00028.png,Edge/camourflage_00028.png
Imgs/camourflage_00029.jpg,GT/camourflage_00029.png,Edge/camourflage_00029.png
Imgs/camourflage_00030.jpg,GT/camourflage_00030.png,Edge/camourflage_00030.png
Imgs/camourflage_00031.jpg,GT/camourflage_00031.png,Edge/camourflage_00031.png
Imgs/camourflage_00032.jpg,GT/camourflage_00032.png,Edge/camourflage_00032.png
Imgs/camourflage_00033.jpg,GT/camourflage_00033.png,Edge/camourflage_00033.png
Imgs/camourflage_00034.jpg,GT/camourflage_00034.png,Edge/camourflage_00034.png
Imgs/camourflage_00035.jpg,GT/camourflage_00035.png,Edge/camourflage_00035.png
Imgs/camourflage_00036.jpg,GT/camourflage_00036.png,Edge/camourflage_00036.png
Imgs/camourflage_00037.jpg,GT/camourflage_00037.png,Edge/camourflage_00037.png
Imgs/camourflage_00038.jpg,GT/camourflage_00038.png,Edge/camourflage_00038.png
Imgs/camourflage_00039.jpg,GT/camourflage_00039.png,Edge/camourflage_00039.png
Imgs/camourflage_00040.jpg,GT/camourflage_00040.png,Edge/camourflage_00040.png
Imgs/camourflage_00041.jpg,GT/camourflage_00041.png,Edge/camourflage_00041.png
Imgs/camourflage_00042.jpg,GT/camourflage_00042.png,Edge/camourflage_00042.png
Imgs/camourflage_00043.jpg,GT/camourflage_00043.png,Edge/camourflage_00043.png
Imgs/camourflage_00044.jpg,GT/camourflage_00044.png,Edge/camourflage_00044.png
Imgs/camourflage_00045.jpg,GT/camourflage_00045.png,Edge/camourflage_00045.png
Imgs/camourflage_00046.jpg,GT/camourflage_00046.png,Edge/camourflage_00046.png
Imgs/camourflage_00047.jpg,GT/camourflage_00047.png,Edge/camourflage_00047.png
Imgs/camourflage_00048.jpg,GT/camourflage_00048.png,Edge/camourflage_00048.png
Imgs/camourflage_00049.jpg,GT/camourflage_00049.png,Edge/camourflage_00049.png
Imgs/camourflage_00050.jpg,GT/camourflage_00050.png,Edge/camourflage_00050.png
Imgs/camourflage_00051.jpg,GT/camourflage_00051.png,Edge/camourflage_00051.png
Imgs/camourflage_00052.jpg,GT/camourflage_00052.png,Edge/camourflage_00052.png
Imgs/camourflage_00053.jpg,GT/camourflage_00053.png,Edge/camourflage_00053.png
Imgs/camourflage_00054.jpg,GT/camourflage_00054.png,Edge/camourflage_00054.png
Imgs/camourflage_00055.jpg,GT/camourflage_00055.png,Edge/camourflage_00055.png
Imgs/camourflage_00056.jpg,GT/camourflage_00056.png,Edge/camourflage_00056.png
Imgs/camourflage_00057.jpg,GT/camourflage_00057.png,Edge/camourflage_00057.png
Imgs/camourflage_00058.jpg,GT/camourflage_00058.png,Edge/camourflage_00058.png
Imgs/camourflage_00059.jpg,GT/camourflage_00059.png,Edge/camourflage_00059.png
Imgs/camourflage_00060.jpg,GT/camourflage_00060.png,Edge/camourflage_00060.png
Imgs/camourflage_00062.jpg,GT/camourflage_00062.png,Edge/camourflage_00062.png
Imgs/camourflage_00063.jpg,GT/camourflage_00063.png,Edge/camourflage_00063.png
Imgs/camourflage_00065.jpg,GT/camourflage_00065.png,Edge/camourflage_00065.png
Imgs/camourflage_00066.jpg,GT/camourflage_00066.png,Edge/camourflage_00066.png
Imgs/camourflage_00067.jpg,GT/camourflage_00067.png,Edge/camourflage_00067.png
Imgs/camourflage_00068.jpg,GT/camourflage_00068.png,Edge/camourflage_00068.png
Imgs/camourflage_00069.jpg,GT/camourflage_00069.png,Edge/camourflage_00069.png
Imgs/camourflage_00070.jpg,GT/camourflage_00070.png,Edge/camourflage_00070.png
Imgs/camourflage_00072.jpg,GT/camourflage_00072.png,Edge/camourflage_00072.png
Imgs/camourflage_00073.jpg,GT/camourflage_00073.png,Edge/camourflage_00073.png
Imgs/camourflage_00074.jpg,GT/camourflage_00074.png,Edge/camourflage_00074.png
Imgs/camourflage_00075.jpg,GT/camourflage_00075.png,Edge/camourflage_00075.png
Imgs/camourflage_00076.jpg,GT/camourflage_00076.png,Edge/camourflage_00076.png
Imgs/camourflage_00077.jpg,GT/camourflage_00077.png,Edge/camourflage_00077.png
Imgs/camourflage_00078.jpg,GT/camourflage_00078.png,Edge/camourflage_00078.png
Imgs/camourflage_00080.jpg,GT/camourflage_00080.png,Edge/camourflage_00080.png
Imgs/camourflage_00081.jpg,GT/camourflage_00081.png,Edge/camourflage_00081.png
Imgs/camourflage_00082.jpg,GT/camourflage_00082.png,Edge/camourflage_00082.png
Imgs/camourflage_00083.jpg,GT/camourflage_00083.png,Edge/camourflage_00083.png
Imgs/camourflage_00084.jpg,GT/camourflage_00084.png,Edge/camourflage_00084.png
Imgs/camourflage_00085.jpg,GT/camourflage_00085.png,Edge/camourflage_00085.png
Imgs/camourflage_00086.jpg,GT/camourflage_00086.png,Edge/camourflage_00086.png
Imgs/camourflage_00089.jpg,GT/camourflage_00089.png,Edge/camourflage_00089.png
Imgs/camourflage_00091.jpg,GT/camourflage_00091.png,Edge/camourflage_00091.png
Imgs/camourflage_00092.jpg,GT/camourflage_00092.png,Edge/camourflage_00092.png
Imgs/camourflage_00093.jpg,GT/camourflage_00093.png,Edge/camourflage_00093.png
Imgs/camourflage_00094.jpg,GT/camourflage_00094.png,Edge/camourflage_00094.png
Imgs/camourflage_00095.jpg,GT/camourflage_00095.png,Edge/camourflage_00095.png
Imgs/camourflage_00096.jpg,GT/camourflage_00096.png,Edge/camourflage_00096.png
Imgs/camourflage_00099.jpg,GT/camourflage_00099.png,Edge/camourflage_00099.png
Imgs/camourflage_00101.jpg,GT/camourflage_00101.png,Edge/camourflage_00101.png
Imgs/camourflage_00103.jpg,GT/camourflage_00103.png,Edge/camourflage_00103.png
Imgs/camourflage_00104.jpg,GT/camourflage_00104.png,Edge/camourflage_00104.png
Imgs/camourflage_00105.jpg,GT/camourflage_00105.png,Edge/camourflage_00105.png
Imgs/camourflage_00106.jpg,GT/camourflage_00106.png,Edge/camourflage_00106.png
Imgs/camourflage_00107.jpg,GT/camourflage_00107.png,Edge/camourflage_00107.png
Imgs/camourflage_00108.jpg,GT/camourflage_00108.png,Edge/camourflage_00108.png
Imgs/camourflage_00109.jpg,GT/camourflage_00109.png,Edge/camourflage_00109.png
Imgs/camourflage_00110.jpg,GT/camourflage_00110.png,Edge/camourflage_00110.png
Imgs/camourflage_00111.jpg,GT/camourflage_00111.png,Edge/camourflage_00111.png
Imgs/camourflage_00113.jpg,GT/camourflage_00113.png,Edge/camourflage_00113.png
Imgs/camourflage_00115.jpg,GT/camourflage_00115.png,Edge/camourflage_00115.png
Imgs/camourflage_00116.jpg,GT/camourflage_00116.png,Edge/camourflage_00116.png
Imgs/camourflage_00117.jpg,GT/camourflage_00117.png,Edge/camourflage_00117.png
Imgs/camourflage_00118.jpg,GT/camourflage_00118.png,Edge/camourflage_00118.png
Imgs/camourflage_00119.jpg,GT/camourflage_00119.png,Edge/camourflage_00119.png
Imgs/camourflage_00121.jpg,GT/camourflage_00121.png,Edge/camourflage_00121.png
Imgs/camourflage_00123.jpg,GT/camourflage_00123.png,Edge/camourflage_00123.png
Imgs/camourflage_00125.jpg,GT/camourflage_00125.png,Edge/camourflage_00125.png
Imgs/camourflage_00126.jpg,GT/camourflage_00126.png,Edge/camourflage_00126.png
Imgs/camourflage_00127.jpg,GT/camourflage_00127.png,Edge/camourflage_00127.png
Imgs/camourflage_00128.jpg,GT/camourflage_00128.png,Edge/camourflage_00128.png
Imgs/camourflage_00130.jpg,GT/camourflage_00130.png,Edge/camourflage_00130.png
Imgs/camourflage_00131.jpg,GT/camourflage_00131.png,Edge/camourflage_00131.png
Imgs/camourflage_00132.jpg,GT/camourflage_00132.png,Edge/camourflage_00132.png
Imgs/camourflage_00133.jpg,GT/camourflage_00133.png,Edge/camourflage_00133.png
Imgs/camourflage_00134.jpg,GT/camourflage_00134.png,Edge/camourflage_00134.png
Imgs/camourflage_00136.jpg,GT/camourflage_00136.png,Edge/camourflage_00136.png
Imgs/camourflage_00137.jpg,GT/camourflage_00137.png,Edge/camourflage_00137.png
Imgs/camourflage_00139.jpg,GT/camourflage_00139.png,Edge/camourflage_00139.png
Imgs/camourflage_00140.jpg,GT/camourflage_00140.png,Edge/camourflage_00140.png
Imgs/camourflage_00142.jpg,GT/camourflage_00142.png,Edge/camourflage_00142.png
Imgs/camourflage_00143.jpg,GT/camourflage_00143.png,Edge/camourflage_00143.png
Imgs/camourflage_00144.jpg,GT/camourflage_00144.png,Edge/camourflage_00144.png
Imgs/camourflage_00146.jpg,GT/camourflage_00146.png,Edge/camourflage_00146.png
Imgs/camourflage_00148.jpg,GT/camourflage_00148.png,Edge/camourflage_00148.png
Imgs/camourflage_00149.jpg,GT/camourflage_00149.png,Edge/camourflage_00149.png
Imgs/camourflage_00150.jpg,GT/camourflage_00150.png,Edge/camourflage_00150.png
Imgs/camourflage_00151.jpg,GT/camourflage_00151.png,Edge/camourflage_00151.png
Imgs/camourflage_00152.jpg,GT/camourflage_00152.png,Edge/camourflage_00152.png
Imgs/camourflage_00154.jpg,GT/camourflage_00154.png,Edge/camourflage_00154.png
Imgs/camourflage_00155.jpg,GT/camourflage_00155.png,Edge/camourflage_00155.png
Imgs/camourflage_00157.jpg,GT/camourflage_00157.png,Edge/camourflage_00157.png
Imgs/camourflage_00158.jpg,GT/camourflage_00158.png,Edge/camourflage_00158.png
Imgs/camourflage_00159.jpg,GT/camourflage_00159.png,Edge/camourflage_00159.png
Imgs/camourflage_00161.jpg,GT/camourflage_00161.png,Edge/camourflage_00161.png
Imgs/camourflage_00162.jpg,GT/camourflage_00162.png,Edge/camourflage_00162.png
Imgs/camourflage_00163.jpg,GT/camourflage_00163.png,Edge/camourflage_00163.png
Imgs/camourflage_00164.jpg,GT/camourflage_00164.png,Edge/camourflage_00164.png
Imgs/camourflage_00165.jpg,GT/camourflage_00165.png,Edge/camourflage_00165.png
Imgs/camourflage_00167.jpg,GT/camourflage_00167.png,Edge/camourflage_00167.png
Imgs/camourflage_00168.jpg,GT/camourflage_00168.png,Edge/camourflage_00168.png
Imgs/camourflage_00170.jpg,GT/camourflage_00170.png,Edge/camourflage_00170.png
Imgs/camourflage_00172.jpg,GT/camourflage_00172.png,Edge/camourflage_00172.png
Imgs/camourflage_00173.jpg,GT/camourflage_00173.png,Edge/camourflage_00173.png
Imgs/camourflage_00174.jpg,GT/camourflage_00174.png,Edge/camourflage_00174.png
Imgs/camourflage_00176.jpg,GT/camourflage_00176.png,Edge/camourflage_00176.png
Imgs/camourflage_00177.jpg,GT/camourflage_00177.png,Edge/camourflage_00177.png
Imgs/camourflage_00178.jpg,GT/camourflage_00178.png,Edge/camourflage_00178.png
Imgs/camourflage_00179.jpg,GT/camourflage_00179.png,Edge/camourflage_00179.png
Imgs/camourflage_00180.jpg,GT/camourflage_00180.png,Edge/camourflage_00180.png
Imgs/camourflage_00181.jpg,GT/camourflage_00181.png,Edge/camourflage_00181.png
Imgs/camourflage_00182.jpg,GT/camourflage_00182.png,Edge/camourflage_00182.png
Imgs/camourflage_00184.jpg,GT/camourflage_00184.png,Edge/camourflage_00184.png
Imgs/camourflage_00185.jpg,GT/camourflage_00185.png,Edge/camourflage_00185.png
Imgs/camourflage_00186.jpg,GT/camourflage_00186.png,Edge/camourflage_00186.png
Imgs/camourflage_00187.jpg,GT/camourflage_00187.png,Edge/camourflage_00187.png
Imgs/camourflage_00188.jpg,GT/camourflage_00188.png,Edge/camourflage_00188.png
Imgs/camourflage_00189.jpg,GT/camourflage_00189.png,Edge/camourflage_00189.png
Imgs/camourflage_00190.jpg,GT/camourflage_00190.png,Edge/camourflage_00190.png
Imgs/camourflage_00191.jpg,GT/camourflage_00191.png,Edge/camourflage_00191.png
Imgs/camourflage_00192.jpg,GT/camourflage_00192.png,Edge/camourflage_00192.png
Imgs/camourflage_00193.jpg,GT/camourflage_00193.png,Edge/camourflage_00193.png
Imgs/camourflage_00194.jpg,GT/camourflage_00194.png,Edge/camourflage_00194.png
Imgs/camourflage_00195.jpg,GT/camourflage_00195.png,Edge/camourflage_00195.png
Imgs/camourflage_00198.jpg,GT/camourflage_00198.png,Edge/camourflage_00198.png
Imgs/camourflage_00199.jpg,GT/camourflage_00199.png,Edge/camourflage_00199.png
Imgs/camourflage_00200.jpg,GT/camourflage_00200.png,Edge/camourflage_00200.png
Imgs/camourflage_00201.jpg,GT/camourflage_00201.png,Edge/camourflage_00201.png
Imgs/camourflage_00202.jpg,GT/camourflage_00202.png,Edge/camourflage_00202.png
Imgs/camourflage_00203.jpg,GT/camourflage_00203.png,Edge/camourflage_00203.png
Imgs/camourflage_00204.jpg,GT/camourflage_00204.png,Edge/camourflage_00204.png
Imgs/camourflage_00206.jpg,GT/camourflage_00206.png,Edge/camourflage_00206.png
Imgs/camourflage_00210.jpg,GT/camourflage_00210.png,Edge/camourflage_00210.png
Imgs/camourflage_00211.jpg,GT/camourflage_00211.png,Edge/camourflage_00211.png
Imgs/camourflage_00212.jpg,GT/camourflage_00212.png,Edge/camourflage_00212.png
Imgs/camourflage_00213.jpg,GT/camourflage_00213.png,Edge/camourflage_00213.png
Imgs/camourflage_00214.jpg,GT/camourflage_00214.png,Edge/camourflage_00214.png
Imgs/camourflage_00215.jpg,GT/camourflage_00215.png,Edge/camourflage_00215.png
Imgs/camourflage_00216.jpg,GT/camourflage_00216.png,Edge/camourflage_00216.png
Imgs/camourflage_00217.jpg,GT/camourflage_00217.png,Edge/camourflage_00217.png
Imgs/camourflage_00218.jpg,GT/camourflage_00218.png,Edge/camourflage_00218.png
Imgs/camourflage_00219.jpg,GT/camourflage_00219.png,Edge/camourflage_00219.png
Imgs/camourflage_00220.jpg,GT/camourflage_00220.png,Edge/camourflage_00220.png
Imgs/camourflage_00221.jpg,GT/camourflage_00221.png,Edge/camourflage_00221.png
Imgs/camourflage_00222.jpg,GT/camourflage_00222.png,Edge/camourflage_00222.png
Imgs/camourflage_00223.jpg,GT/camourflage_00223.png,Edge/camourflage_00223.png
Imgs/camourflage_00225.jpg,GT/camourflage_00225.png,Edge/camourflage_00225.png
Imgs/camourflage_00226.jpg,GT/camourflage_00226.png,Edge/camourflage_00226.png
Imgs/camourflage_00227.jpg,GT/camourflage_00227.png,Edge/camourflage_00227.png
Imgs/camourflage_00228.jpg,GT/camourflage_00228.png,Edge/camourflage_00228.png
Imgs/camourflage_00229.jpg,GT/camourflage_00229.png,Edge/camourflage_00229.png
Imgs/camourflage_00230.jpg,GT/camourflage_00230.png,Edge/camourflage_00230.png
Imgs/camourflage_00231.jpg,GT/camourflage_00231.png,Edge/camourflage_00231.png
Imgs/camourflage_00233.jpg,GT/camourflage_00233.png,Edge/camourflage_00233.png
Imgs/camourflage_00234.jpg,GT/camourflage_00234.png,Edge/camourflage_00234.png
Imgs/camourflage_00236.jpg,GT/camourflage_00236.png,Edge/camourflage_00236.png
Imgs/camourflage_00237.jpg,GT/camourflage_00237.png,Edge/camourflage_00237.png
Imgs/camourflage_00238.jpg,GT/camourflage_00238.png,Edge/camourflage_00238.png
Imgs/camourflage_00239.jpg,GT/camourflage_00239.png,Edge/camourflage_00239.png
Imgs/camourflage_00240.jpg,GT/camourflage_00240.png,Edge/camourflage_00240.png
Imgs/camourflage_00241.jpg,GT/camourflage_00241.png,Edge/camourflage_00241.png
Imgs/camourflage_00242.jpg,GT/camourflage_00242.png,Edge/camourflage_00242.png
Imgs/camourflage_00243.jpg,GT/camourflage_00243.png,Edge/camourflage_00243.png
Imgs/camourflage_00244.jpg,GT/camourflage_00244.png,Edge/camourflage_00244.png
Imgs/camourflage_00245.jpg,GT/camourflage_00245.png,Edge/camourflage_00245.png
Imgs/camourflage_00246.jpg,GT/camourflage_00246.png,Edge/camourflage_00246.png
Imgs/camourflage_00247.jpg,GT/camourflage_00247.png,Edge/camourflage_00247.png
Imgs/camourflage_00248.jpg,GT/camourflage_00248.png,Edge/camourflage_00248.png
Imgs/camourflage_00249.jpg,GT/camourflage_00249.png,Edge/camourflage_00249.png
Imgs/camourflage_00250.jpg,GT/camourflage_00250.png,Edge/camourflage_00250.png
Imgs/camourflage_00251.jpg,GT/camourflage_00251.png,Edge/camourflage_00251.png
Imgs/camourflage_00252.jpg,GT/camourflage_00252.png,Edge/camourflage_00252.png
Imgs/camourflage_00253.jpg,GT/camourflage_00253.png,Edge/camourflage_00253.png
Imgs/camourflage_00254.jpg,GT/camourflage_00254.png,Edge/camourflage_00254.png
Imgs/camourflage_00255.jpg,GT/camourflage_00255.png,Edge/camourflage_00255.png
Imgs/camourflage_00256.jpg,GT/camourflage_00256.png,Edge/camourflage_00256.png
Imgs/camourflage_00258.jpg,GT/camourflage_00258.png,Edge/camourflage_00258.png
Imgs/camourflage_00260.jpg,GT/camourflage_00260.png,Edge/camourflage_00260.png
Imgs/camourflage_00261.jpg,GT/camourflage_00261.png,Edge/camourflage_00261.png
Imgs/camourflage_00262.jpg,GT/camourflage_00262.png,Edge/camourflage_00262.png
Imgs/camourflage_00263.jpg,GT/camourflage_00263.png,Edge/camourflage_00263.png
Imgs/camourflage_00264.jpg,GT/camourflage_00264.png,Edge/camourflage_00264.png
Imgs/camourflage_00265.jpg,GT/camourflage_00265.png,Edge/camourflage_00265.png
Imgs/camourflage_00267.jpg,GT/camourflage_00267.png,Edge/camourflage_00267.png
Imgs/camourflage_00268.jpg,GT/camourflage_00268.png,Edge/camourflage_00268.png
Imgs/camourflage_00271.jpg,GT/camourflage_00271.png,Edge/camourflage_00271.png
Imgs/camourflage_00272.jpg,GT/camourflage_00272.png,Edge/camourflage_00272.png
Imgs/camourflage_00274.jpg,GT/camourflage_00274.png,Edge/camourflage_00274.png
Imgs/camourflage_00276.jpg,GT/camourflage_00276.png,Edge/camourflage_00276.png
Imgs/camourflage_00277.jpg,GT/camourflage_00277.png,Edge/camourflage_00277.png
Imgs/camourflage_00278.jpg,GT/camourflage_00278.png,Edge/camourflage_00278.png
Imgs/camourflage_00279.jpg,GT/camourflage_00279.png,Edge/camourflage_00279.png
Imgs/camourflage_00280.jpg,GT/camourflage_00280.png,Edge/camourflage_00280.png
Imgs/camourflage_00281.jpg,GT/camourflage_00281.png,Edge/camourflage_00281.png
Imgs/camourflage_00282.jpg,GT/camourflage_00282.png,Edge/camourflage_00282.png
Imgs/camourflage_00283.jpg,GT/camourflage_00283.png,Edge/camourflage_00283.png
Imgs/camourflage_00284.jpg,GT/camourflage_00284.png,Edge/camourflage_00284.png
Imgs/camourflage_00286.jpg,GT/camourflage_00286.png,Edge/camourflage_00286.png
Imgs/camourflage_00287.jpg,GT/camourflage_00287.png,Edge/camourflage_00287.png
Imgs/camourflage_00288.jpg,GT/camourflage_00288.png,Edge/camourflage_00288.png
Imgs/camourflage_00289.jpg,GT/camourflage_00289.png,Edge/camourflage_00289.png
Imgs/camourflage_00290.jpg,GT/camourflage_00290.png,Edge/camourflage_00290.png
Imgs/camourflage_00291.jpg,GT/camourflage_00291.png,Edge/camourflage_00291.png
Imgs/camourflage_00292.jpg,GT/camourflage_00292.png,Edge/camourflage_00292.png
Imgs/camourflage_00293.jpg,GT/camourflage_00293.png,Edge/camourflage_00293.png
Imgs/camourflage_00294.jpg,GT/camourflage_00294.png,Edge/camourflage_00294.png
Imgs/camourflage_00295.jpg,GT/camourflage_00295.png,Edge/camourflage_00295.png
Imgs/camourflage_00296.jpg,GT/camourflage_00296.png,Edge/camourflage_00296.png
Imgs/camourflage_00297.jpg,GT/camourflage_00297.png,Edge/camourflage_00297.png
Imgs/camourflage_00298.jpg,GT/camourflage_00298.png,Edge/camourflage_00298.png
Imgs/camourflage_00299.jpg,GT/camourflage_00299.png,Edge/camourflage_00299.png
Imgs/camourflage_00300.jpg,GT/camourflage_00300.png,Edge/camourflage_00300.png
Imgs/camourflage_00301.jpg,GT/camourflage_00301.png,Edge/camourflage_00301.png
Imgs/camourflage_00302.jpg,GT/camourflage_00302.png,Edge/camourflage_00302.png
Imgs/camourflage_00303.jpg,GT/camourflage_00303.png,Edge/camourflage_00303.png
Imgs/camourflage_00304.jpg,GT/camourflage_00304.png,Edge/camourflage_00304.png
Imgs/camourflage_00305.jpg,GT/camourflage_00305.png,Edge/camourflage_00305.png
Imgs/camourflage_00306.jpg,GT/camourflage_00306.png,Edge/camourflage_00306.png
Imgs/camourflage_00307.jpg,GT/camourflage_00307.png,Edge/camourflage_00307.png
Imgs/camourflage_00308.jpg,GT/camourflage_00308.png,Edge/camourflage_00308.png
Imgs/camourflage_00309.jpg,GT/camourflage_00309.png,Edge/camourflage_00309.png
Imgs/camourflage_00311.jpg,GT/camourflage_00311.png,Edge/camourflage_00311.png
Imgs/camourflage_00312.jpg,GT/camourflage_00312.png,Edge/camourflage_00312.png
Imgs/camourflage_00313.jpg,GT/camourflage_00313.png,Edge/camourflage_00313.png
Imgs/camourflage_00314.jpg,GT/camourflage_00314.png,Edge/camourflage_00314.png
Imgs/camourflage_00315.jpg,GT/camourflage_00315.png,Edge/camourflage_00315.png
Imgs/camourflage_00316.jpg,GT/camourflage_00316.png,Edge/camourflage_00316.png
Imgs/camourflage_00317.jpg,GT/camourflage_00317.png,Edge/camourflage_00317.png
Imgs/camourflage_00318.jpg,GT/camourflage_00318.png,Edge/camourflage_00318.png
Imgs/camourflage_00319.jpg,GT/camourflage_00319.png,Edge/camourflage_00319.png
Imgs/camourflage_00320.jpg,GT/camourflage_00320.png,Edge/camourflage_00320.png
Imgs/camourflage_00321.jpg,GT/camourflage_00321.png,Edge/camourflage_00321.png
Imgs/camourflage_00322.jpg,GT/camourflage_00322.png,Edge/camourflage_00322.png
Imgs/camourflage_00323.jpg,GT/camourflage_00323.png,Edge/camourflage_00323.png
Imgs/camourflage_00324.jpg,GT/camourflage_00324.png,Edge/camourflage_00324.png
Imgs/camourflage_00325.jpg,GT/camourflage_00325.png,Edge/camourflage_00325.png
Imgs/camourflage_00326.jpg,GT/camourflage_00326.png,Edge/camourflage_00326.png
Imgs/camourflage_00327.jpg,GT/camourflage_00327.png,Edge/camourflage_00327.png
Imgs/camourflage_00328.jpg,GT/camourflage_00328.png,Edge/camourflage_00328.png
Imgs/camourflage_00329.jpg,GT/camourflage_00329.png,Edge/camourflage_00329.png
Imgs/camourflage_00330.jpg,GT/camourflage_00330.png,Edge/camourflage_00330.png
Imgs/camourflage_00331.jpg,GT/camourflage_00331.png,Edge/camourflage_00331.png
Imgs/camourflage_00334.jpg,GT/camourflage_00334.png,Edge/camourflage_00334.png
Imgs/camourflage_00335.jpg,GT/camourflage_00335.png,Edge/camourflage_00335.png
Imgs/camourflage_00336.jpg,GT/camourflage_00336.png,Edge/camourflage_00336.png
Imgs/camourflage_00338.jpg,GT/camourflage_00338.png,Edge/camourflage_00338.png
Imgs/camourflage_00339.jpg,GT/camourflage_00339.png,Edge/camourflage_00339.png
Imgs/camourflage_00340.jpg,GT/camourflage_00340.png,Edge/camourflage_00340.png
Imgs/camourflage_00341.jpg,GT/camourflage_00341.png,Edge/camourflage_00341.png
Imgs/camourflage_00342.jpg,GT/camourflage_00342.png,Edge/camourflage_00342.png
Imgs/camourflage_00343.jpg,GT/camourflage_00343.png,Edge/camourflage_00343.png
Imgs/camourflage_00344.jpg,GT/camourflage_00344.png,Edge/camourflage_00344.png
Imgs/camourflage_00345.jpg,GT/camourflage_00345.png,Edge/camourflage_00345.png
Imgs/camourflage_00346.jpg,GT/camourflage_00346.png,Edge/camourflage_00346.png
Imgs/camourflage_00347.jpg,GT/camourflage_00347.png,Edge/camourflage_00347.png
Imgs/camourflage_00349.jpg,GT/camourflage_00349.png,Edge/camourflage_00349.png
Imgs/camourflage_00350.jpg,GT/camourflage_00350.png,Edge/camourflage_00350.png
Imgs/camourflage_00352.jpg,GT/camourflage_00352.png,Edge/camourflage_00352.png
Imgs/camourflage_00353.jpg,GT/camourflage_00353.png,Edge/camourflage_00353.png
Imgs/camourflage_00354.jpg,GT/camourflage_00354.png,Edge/camourflage_00354.png
Imgs/camourflage_00355.jpg,GT/camourflage_00355.png,Edge/camourflage_00355.png
Imgs/camourflage_00356.jpg,GT/camourflage_00356.png,Edge/camourflage_00356.png
Imgs/camourflage_00357.jpg,GT/camourflage_00357.png,Edge/camourflage_00357.png
Imgs/camourflage_00358.jpg,GT/camourflage_00358.png,Edge/camourflage_00358.png
Imgs/camourflage_00359.jpg,GT/camourflage_00359.png,Edge/camourflage_00359.png
Imgs/camourflage_00360.jpg,GT/camourflage_00360.png,Edge/camourflage_00360.png
Imgs/camourflage_00362.jpg,GT/camourflage_00362.png,Edge/camourflage_00362.png
Imgs/camourflage_00363.jpg,GT/camourflage_00363.png,Edge/camourflage_00363.png
Imgs/camourflage_00366.jpg,GT/camourflage_00366.png,Edge/camourflage_00366.png
Imgs/camourflage_00367.jpg,GT/camourflage_00367.png,Edge/camourflage_00367.png
Imgs/camourflage_00368.jpg,GT/camourflage_00368.png,Edge/camourflage_00368.png
Imgs/camourflage_00369.jpg,GT/camourflage_00369.png,Edge/camourflage_00369.png
Imgs/camourflage_00370.jpg,GT/camourflage_00370.png,Edge/camourflage_00370.png
Imgs/camourflage_00371.jpg,GT/camourflage_00371.png,Edge/camourflage_00371.png
Imgs/camourflage_00372.jpg,GT/camourflage_00372.png,Edge/camourflage_00372.png
Imgs/camourflage_00373.jpg,GT/camourflage_00373.png,Edge/camourflage_00373.png
Imgs/camourflage_00374.jpg,GT/camourflage_00374.png,Edge/camourflage_00374.png
Imgs/camourflage_00375.jpg,GT/camourflage_00375.png,Edge/camourflage_00375.png
Imgs/camourflage_00376.jpg,GT/camourflage_00376.png,Edge/camourflage_00376.png
Imgs/camourflage_00377.jpg,GT/camourflage_00377.png,Edge/camourflage_00377.png
Imgs/camourflage_00378.jpg,GT/camourflage_00378.png,Edge/camourflage_00378.png
Imgs/camourflage_00379.jpg,GT/camourflage_00379.png,Edge/camourflage_00379.png
Imgs/camourflage_00380.jpg,GT/camourflage_00380.png,Edge/camourflage_00380.png
Imgs/camourflage_00382.jpg,GT/camourflage_00382.png,Edge/camourflage_00382.png
Imgs/camourflage_00383.jpg,GT/camourflage_00383.png,Edge/camourflage_00383.png
Imgs/camourflage_00384.jpg,GT/camourflage_00384.png,Edge/camourflage_00384.png
Imgs/camourflage_00385.jpg,GT/camourflage_00385.png,Edge/camourflage_00385.png
Imgs/camourflage_00386.jpg,GT/camourflage_00386.png,Edge/camourflage_00386.png
Imgs/camourflage_00387.jpg,GT/camourflage_00387.png,Edge/camourflage_00387.png
Imgs/camourflage_00388.jpg,GT/camourflage_00388.png,Edge/camourflage_00388.png
Imgs/camourflage_00389.jpg,GT/camourflage_00389.png,Edge/camourflage_00389.png
Imgs/camourflage_00390.jpg,GT/camourflage_00390.png,Edge/camourflage_00390.png
Imgs/camourflage_00391.jpg,GT/camourflage_00391.png,Edge/camourflage_00391.png
Imgs/camourflage_00392.jpg,GT/camourflage_00392.png,Edge/camourflage_00392.png
Imgs/camourflage_00393.jpg,GT/camourflage_00393.png,Edge/camourflage_00393.png
Imgs/camourflage_00394.jpg,GT/camourflage_00394.png,Edge/camourflage_00394.png
Imgs/camourflage_00395.jpg,GT/camourflage_00395.png,Edge/camourflage_00395.png
Imgs/camourflage_00396.jpg,GT/camourflage_00396.png,Edge/camourflage_00396.png
Imgs/camourflage_00397.jpg,GT/camourflage_00397.png,Edge/camourflage_00397.png
Imgs/camourflage_00399.jpg,GT/camourflage_00399.png,Edge/camourflage_00399.png
Imgs/camourflage_00400.jpg,GT/camourflage_00400.png,Edge/camourflage_00400.png
Imgs/camourflage_00401.jpg,GT/camourflage_00401.png,Edge/camourflage_00401.png
Imgs/camourflage_00402.jpg,GT/camourflage_00402.png,Edge/camourflage_00402.png
Imgs/camourflage_00403.jpg,GT/camourflage_00403.png,Edge/camourflage_00403.png
Imgs/camourflage_00404.jpg,GT/camourflage_00404.png,Edge/camourflage_00404.png
Imgs/camourflage_00405.jpg,GT/camourflage_00405.png,Edge/camourflage_00405.png
Imgs/camourflage_00407.jpg,GT/camourflage_00407.png,Edge/camourflage_00407.png
Imgs/camourflage_00409.jpg,GT/camourflage_00409.png,Edge/camourflage_00409.png
Imgs/camourflage_00410.jpg,GT/camourflage_00410.png,Edge/camourflage_00410.png
Imgs/camourflage_00411.jpg,GT/camourflage_00411.png,Edge/camourflage_00411.png
Imgs/camourflage_00412.jpg,GT/camourflage_00412.png,Edge/camourflage_00412.png
Imgs/camourflage_00413.jpg,GT/camourflage_00413.png,Edge/camourflage_00413.png
Imgs/camourflage_00414.jpg,GT/camourflage_00414.png,Edge/camourflage_00414.png
Imgs/camourflage_00415.jpg,GT/camourflage_00415.png,Edge/camourflage_00415.png
Imgs/camourflage_00416.jpg,GT/camourflage_00416.png,Edge/camourflage_00416.png
Imgs/camourflage_00417.jpg,GT/camourflage_00417.png,Edge/camourflage_00417.png
Imgs/camourflage_00418.jpg,GT/camourflage_00418.png,Edge/camourflage_00418.png
Imgs/camourflage_00419.jpg,GT/camourflage_00419.png,Edge/camourflage_00419.png
Imgs/camourflage_00423.jpg,GT/camourflage_00423.png,Edge/camourflage_00423.png
Imgs/camourflage_00424.jpg,GT/camourflage_00424.png,Edge/camourflage_00424.png
Imgs/camourflage_00425.jpg,GT/camourflage_00425.png,Edge/camourflage_00425.png
Imgs/camourflage_00426.jpg,GT/camourflage_00426.png,Edge/camourflage_00426.png
Imgs/camourflage_00427.jpg,GT/camourflage_00427.png,Edge/camourflage_00427.png
Imgs/camourflage_00428.jpg,GT/camourflage_00428.png,Edge/camourflage_00428.png
Imgs/camourflage_00429.jpg,GT/camourflage_00429.png,Edge/camourflage_00429.png
Imgs/camourflage_00431.jpg,GT/camourflage_00431.png,Edge/camourflage_00431.png
Imgs/camourflage_00432.jpg,GT/camourflage_00432.png,Edge/camourflage_00432.png
Imgs/camourflage_00433.jpg,GT/camourflage_00433.png,Edge/camourflage_00433.png
Imgs/camourflage_00434.jpg,GT/camourflage_00434.png,Edge/camourflage_00434.png
Imgs/camourflage_00437.jpg,GT/camourflage_00437.png,Edge/camourflage_00437.png
Imgs/camourflage_00438.jpg,GT/camourflage_00438.png,Edge/camourflage_00438.png
Imgs/camourflage_00439.jpg,GT/camourflage_00439.png,Edge/camourflage_00439.png
Imgs/camourflage_00440.jpg,GT/camourflage_00440.png,Edge/camourflage_00440.png
Imgs/camourflage_00441.jpg,GT/camourflage_00441.png,Edge/camourflage_00441.png
Imgs/camourflage_00442.jpg,GT/camourflage_00442.png,Edge/camourflage_00442.png
Imgs/camourflage_00445.jpg,GT/camourflage_00445.png,Edge/camourflage_00445.png
Imgs/camourflage_00446.jpg,GT/camourflage_00446.png,Edge/camourflage_00446.png
Imgs/camourflage_00447.jpg,GT/camourflage_00447.png,Edge/camourflage_00447.png
Imgs/camourflage_00448.jpg,GT/camourflage_00448.png,Edge/camourflage_00448.png
Imgs/camourflage_00450.jpg,GT/camourflage_00450.png,Edge/camourflage_00450.png
Imgs/camourflage_00451.jpg,GT/camourflage_00451.png,Edge/camourflage_00451.png
Imgs/camourflage_00452.jpg,GT/camourflage_00452.png,Edge/camourflage_00452.png
Imgs/camourflage_00453.jpg,GT/camourflage_00453.png,Edge/camourflage_00453.png
Imgs/camourflage_00454.jpg,GT/camourflage_00454.png,Edge/camourflage_00454.png
Imgs/camourflage_00455.jpg,GT/camourflage_00455.png,Edge/camourflage_00455.png
Imgs/camourflage_00456.jpg,GT/camourflage_00456.png,Edge/camourflage_00456.png
Imgs/camourflage_00457.jpg,GT/camourflage_00457.png,Edge/camourflage_00457.png
Imgs/camourflage_00458.jpg,GT/camourflage_00458.png,Edge/camourflage_00458.png
Imgs/camourflage_00459.jpg,GT/camourflage_00459.png,Edge/camourflage_00459.png
Imgs/camourflage_00460.jpg,GT/camourflage_00460.png,Edge/camourflage_00460.png
Imgs/camourflage_00461.jpg,GT/camourflage_00461.png,Edge/camourflage_00461.png
Imgs/camourflage_00462.jpg,GT/camourflage_00462.png,Edge/camourflage_00462.png
Imgs/camourflage_00464.jpg,GT/camourflage_00464.png,Edge/camourflage_00464.png
Imgs/camourflage_00465.jpg,GT/camourflage_00465.png,Edge/camourflage_00465.png
Imgs/camourflage_00466.jpg,GT/camourflage_00466.png,Edge/camourflage_00466.png
Imgs/camourflage_00467.jpg,GT/camourflage_00467.png,Edge/camourflage_00467.png
Imgs/camourflage_00468.jpg,GT/camourflage_00468.png,Edge/camourflage_00468.png
Imgs/camourflage_00469.jpg,GT/camourflage_00469.png,Edge/camourflage_00469.png
Imgs/camourflage_00472.jpg,GT/camourflage_00472.png,Edge/camourflage_00472.png
Imgs/camourflage_00474.jpg,GT/camourflage_00474.png,Edge/camourflage_00474.png
Imgs/camourflage_00475.jpg,GT/camourflage_00475.png,Edge/camourflage_00475.png
Imgs/camourflage_00476.jpg,GT/camourflage_00476.png,Edge/camourflage_00476.png
Imgs/camourflage_00477.jpg,GT/camourflage_00477.png,Edge/camourflage_00477.png
Imgs/camourflage_00479.jpg,GT/camourflage_00479.png,Edge/camourflage_00479.png
Imgs/camourflage_00480.jpg,GT/camourflage_00480.png,Edge/camourflage_00480.png
Imgs/camourflage_00481.jpg,GT/camourflage_00481.png,Edge/camourflage_00481.png
Imgs/camourflage_00482.jpg,GT/camourflage_00482.png,Edge/camourflage_00482.png
Imgs/camourflage_00483.jpg,GT/camourflage_00483.png,Edge/camourflage_00483.png
Imgs/camourflage_00484.jpg,GT/camourflage_00484.png,Edge/camourflage_00484.png
Imgs/camourflage_00485.jpg,GT/camourflage_00485.png,Edge/camourflage_00485.png
Imgs/camourflage_00486.jpg,GT/camourflage_00486.png,Edge/camourflage_00486.png
Imgs/camourflage_00487.jpg,GT/camourflage_00487.png,Edge/camourflage_00487.png
Imgs/camourflage_00488.jpg,GT/camourflage_00488.png,Edge/camourflage_00488.png
Imgs/camourflage_00489.jpg,GT/camourflage_00489.png,Edge/camourflage_00489.png
Imgs/camourflage_00490.jpg,GT/camourflage_00490.png,Edge/camourflage_00490.png
Imgs/camourflage_00491.jpg,GT/camourflage_00491.png,Edge/camourflage_00491.png
Imgs/camourflage_00492.jpg,GT/camourflage_00492.png,Edge/camourflage_00492.png
Imgs/camourflage_00493.jpg,GT/camourflage_00493.png,Edge/camourflage_00493.png
Imgs/camourflage_00494.jpg,GT/camourflage_00494.png,Edge/camourflage_00494.png
Imgs/camourflage_00495.jpg,GT/camourflage_00495.png,Edge/camourflage_00495.png
Imgs/camourflage_00497.jpg,GT/camourflage_00497.png,Edge/camourflage_00497.png
Imgs/camourflage_00499.jpg,GT/camourflage_00499.png,Edge/camourflage_00499.png
Imgs/camourflage_00501.jpg,GT/camourflage_00501.png,Edge/camourflage_00501.png
Imgs/camourflage_00503.jpg,GT/camourflage_00503.png,Edge/camourflage_00503.png
Imgs/camourflage_00504.jpg,GT/camourflage_00504.png,Edge/camourflage_00504.png
Imgs/camourflage_00505.jpg,GT/camourflage_00505.png,Edge/camourflage_00505.png
Imgs/camourflage_00506.jpg,GT/camourflage_00506.png,Edge/camourflage_00506.png
Imgs/camourflage_00507.jpg,GT/camourflage_00507.png,Edge/camourflage_00507.png
Imgs/camourflage_00508.jpg,GT/camourflage_00508.png,Edge/camourflage_00508.png
Imgs/camourflage_00509.jpg,GT/camourflage_00509.png,Edge/camourflage_00509.png
Imgs/camourflage_00511.jpg,GT/camourflage_00511.png,Edge/camourflage_00511.png
Imgs/camourflage_00512.jpg,GT/camourflage_00512.png,Edge/camourflage_00512.png
Imgs/camourflage_00513.jpg,GT/camourflage_00513.png,Edge/camourflage_00513.png
Imgs/camourflage_00514.jpg,GT/camourflage_00514.png,Edge/camourflage_00514.png
Imgs/camourflage_00516.jpg,GT/camourflage_00516.png,Edge/camourflage_00516.png
Imgs/camourflage_00517.jpg,GT/camourflage_00517.png,Edge/camourflage_00517.png
Imgs/camourflage_00518.jpg,GT/camourflage_00518.png,Edge/camourflage_00518.png
Imgs/camourflage_00520.jpg,GT/camourflage_00520.png,Edge/camourflage_00520.png
Imgs/camourflage_00521.jpg,GT/camourflage_00521.png,Edge/camourflage_00521.png
Imgs/camourflage_00523.jpg,GT/camourflage_00523.png,Edge/camourflage_00523.png
Imgs/camourflage_00524.jpg,GT/camourflage_00524.png,Edge/camourflage_00524.png
Imgs/camourflage_00525.jpg,GT/camourflage_00525.png,Edge/camourflage_00525.png
Imgs/camourflage_00526.jpg,GT/camourflage_00526.png,Edge/camourflage_00526.png
Imgs/camourflage_00527.jpg,GT/camourflage_00527.png,Edge/camourflage_00527.png
Imgs/camourflage_00529.jpg,GT/camourflage_00529.png,Edge/camourflage_00529.png
Imgs/camourflage_00530.jpg,GT/camourflage_00530.png,Edge/camourflage_00530.png
Imgs/camourflage_00531.jpg,GT/camourflage_00531.png,Edge/camourflage_00531.png
Imgs/camourflage_00532.jpg,GT/camourflage_00532.png,Edge/camourflage_00532.png
Imgs/camourflage_00533.jpg,GT/camourflage_00533.png,Edge/camourflage_00533.png
Imgs/camourflage_00534.jpg,GT/camourflage_00534.png,Edge/camourflage_00534.png
Imgs/camourflage_00535.jpg,GT/camourflage_00535.png,Edge/camourflage_00535.png
Imgs/camourflage_00536.jpg,GT/camourflage_00536.png,Edge/camourflage_00536.png
Imgs/camourflage_00537.jpg,GT/camourflage_00537.png,Edge/camourflage_00537.png
Imgs/camourflage_00538.jpg,GT/camourflage_00538.png,Edge/camourflage_00538.png
Imgs/camourflage_00540.jpg,GT/camourflage_00540.png,Edge/camourflage_00540.png
Imgs/camourflage_00541.jpg,GT/camourflage_00541.png,Edge/camourflage_00541.png
Imgs/camourflage_00542.jpg,GT/camourflage_00542.png,Edge/camourflage_00542.png
Imgs/camourflage_00543.jpg,GT/camourflage_00543.png,Edge/camourflage_00543.png
Imgs/camourflage_00544.jpg,GT/camourflage_00544.png,Edge/camourflage_00544.png
Imgs/camourflage_00545.jpg,GT/camourflage_00545.png,Edge/camourflage_00545.png
Imgs/camourflage_00546.jpg,GT/camourflage_00546.png,Edge/camourflage_00546.png
Imgs/camourflage_00547.jpg,GT/camourflage_00547.png,Edge/camourflage_00547.png
Imgs/camourflage_00548.jpg,GT/camourflage_00548.png,Edge/camourflage_00548.png
Imgs/camourflage_00549.jpg,GT/camourflage_00549.png,Edge/camourflage_00549.png
Imgs/camourflage_00551.jpg,GT/camourflage_00551.png,Edge/camourflage_00551.png
Imgs/camourflage_00552.jpg,GT/camourflage_00552.png,Edge/camourflage_00552.png
Imgs/camourflage_00553.jpg,GT/camourflage_00553.png,Edge/camourflage_00553.png
Imgs/camourflage_00554.jpg,GT/camourflage_00554.png,Edge/camourflage_00554.png
Imgs/camourflage_00555.jpg,GT/camourflage_00555.png,Edge/camourflage_00555.png
Imgs/camourflage_00556.jpg,GT/camourflage_00556.png,Edge/camourflage_00556.png
Imgs/camourflage_00557.jpg,GT/camourflage_00557.png,Edge/camourflage_00557.png
Imgs/camourflage_00558.jpg,GT/camourflage_00558.png,Edge/camourflage_00558.png
Imgs/camourflage_00559.jpg,GT/camourflage_00559.png,Edge/camourflage_00559.png
Imgs/camourflage_00560.jpg,GT/camourflage_00560.png,Edge/camourflage_00560.png
Imgs/camourflage_00561.jpg,GT/camourflage_00561.png,Edge/camourflage_00561.png
Imgs/camourflage_00562.jpg,GT/camourflage_00562.png,Edge/camourflage_00562.png
Imgs/camourflage_00564.jpg,GT/camourflage_00564.png,Edge/camourflage_00564.png
Imgs/camourflage_00565.jpg,GT/camourflage_00565.png,Edge/camourflage_00565.png
Imgs/camourflage_00566.jpg,GT/camourflage_00566.png,Edge/camourflage_00566.png
Imgs/camourflage_00567.jpg,GT/camourflage_00567.png,Edge/camourflage_00567.png
Imgs/camourflage_00568.jpg,GT/camourflage_00568.png,Edge/camourflage_00568.png
Imgs/camourflage_00569.jpg,GT/camourflage_00569.png,Edge/camourflage_00569.png
Imgs/camourflage_00570.jpg,GT/camourflage_00570.png,Edge/camourflage_00570.png
Imgs/camourflage_00571.jpg,GT/camourflage_00571.png,Edge/camourflage_00571.png
Imgs/camourflage_00572.jpg,GT/camourflage_00572.png,Edge/camourflage_00572.png
Imgs/camourflage_00573.jpg,GT/camourflage_00573.png,Edge/camourflage_00573.png
Imgs/camourflage_00574.jpg,GT/camourflage_00574.png,Edge/camourflage_00574.png
Imgs/camourflage_00575.jpg,GT/camourflage_00575.png,Edge/camourflage_00575.png
Imgs/camourflage_00576.jpg,GT/camourflage_00576.png,Edge/camourflage_00576.png
Imgs/camourflage_00577.jpg,GT/camourflage_00577.png,Edge/camourflage_00577.png
Imgs/camourflage_00578.jpg,GT/camourflage_00578.png,Edge/camourflage_00578.png
Imgs/camourflage_00579.jpg,GT/camourflage_00579.png,Edge/camourflage_00579.png
Imgs/camourflage_00580.jpg,GT/camourflage_00580.png,Edge/camourflage_00580.png
Imgs/camourflage_00581.jpg,GT/camourflage_00581.png,Edge/camourflage_00581.png
Imgs/camourflage_00582.jpg,GT/camourflage_00582.png,Edge/camourflage_00582.png
Imgs/camourflage_00583.jpg,GT/camourflage_00583.png,Edge/camourflage_00583.png
Imgs/camourflage_00584.jpg,GT/camourflage_00584.png,Edge/camourflage_00584.png
Imgs/camourflage_00585.jpg,GT/camourflage_00585.png,Edge/camourflage_00585.png
Imgs/camourflage_00586.jpg,GT/camourflage_00586.png,Edge/camourflage_00586.png
Imgs/camourflage_00587.jpg,GT/camourflage_00587.png,Edge/camourflage_00587.png
Imgs/camourflage_00588.jpg,GT/camourflage_00588.png,Edge/camourflage_00588.png
Imgs/camourflage_00589.jpg,GT/camourflage_00589.png,Edge/camourflage_00589.png
Imgs/camourflage_00590.jpg,GT/camourflage_00590.png,Edge/camourflage_00590.png
Imgs/camourflage_00591.jpg,GT/camourflage_00591.png,Edge/camourflage_00591.png
Imgs/camourflage_00592.jpg,GT/camourflage_00592.png,Edge/camourflage_00592.png
Imgs/camourflage_00593.jpg,GT/camourflage_00593.png,Edge/camourflage_00593.png
Imgs/camourflage_00595.jpg,GT/camourflage_00595.png,Edge/camourflage_00595.png
Imgs/camourflage_00596.jpg,GT/camourflage_00596.png,Edge/camourflage_00596.png
Imgs/camourflage_00598.jpg,GT/camourflage_00598.png,Edge/camourflage_00598.png
Imgs/camourflage_00599.jpg,GT/camourflage_00599.png,Edge/camourflage_00599.png
Imgs/camourflage_00601.jpg,GT/camourflage_00601.png,Edge/camourflage_00601.png
Imgs/camourflage_00603.jpg,GT/camourflage_00603.png,Edge/camourflage_00603.png
Imgs/camourflage_00604.jpg,GT/camourflage_00604.png,Edge/camourflage_00604.png
Imgs/camourflage_00605.jpg,GT/camourflage_00605.png,Edge/camourflage_00605.png
Imgs/camourflage_00606.jpg,GT/camourflage_00606.png,Edge/camourflage_00606.png
Imgs/camourflage_00607.jpg,GT/camourflage_00607.png,Edge/camourflage_00607.png
Imgs/camourflage_00608.jpg,GT/camourflage_00608.png,Edge/camourflage_00608.png
Imgs/camourflage_00609.jpg,GT/camourflage_00609.png,Edge/camourflage_00609.png
Imgs/camourflage_00610.jpg,GT/camourflage_00610.png,Edge/camourflage_00610.png
Imgs/camourflage_00611.jpg,GT/camourflage_00611.png,Edge/camourflage_00611.png
Imgs/camourflage_00612.jpg,GT/camourflage_00612.png,Edge/camourflage_00612.png
Imgs/camourflage_00613.jpg,GT/camourflage_00613.png,Edge/camourflage_00613.png
Imgs/camourflage_00614.jpg,GT/camourflage_00614.png,Edge/camourflage_00614.png
Imgs/camourflage_00615.jpg,GT/camourflage_00615.png,Edge/camourflage_00615.png
Imgs/camourflage_00616.jpg,GT/camourflage_00616.png,Edge/camourflage_00616.png
Imgs/camourflage_00617.jpg,GT/camourflage_00617.png,Edge/camourflage_00617.png
Imgs/camourflage_00618.jpg,GT/camourflage_00618.png,Edge/camourflage_00618.png
Imgs/camourflage_00619.jpg,GT/camourflage_00619.png,Edge/camourflage_00619.png
Imgs/camourflage_00620.jpg,GT/camourflage_00620.png,Edge/camourflage_00620.png
Imgs/camourflage_00621.jpg,GT/camourflage_00621.png,Edge/camourflage_00621.png
Imgs/camourflage_00622.jpg,GT/camourflage_00622.png,Edge/camourflage_00622.png
Imgs/camourflage_00624.jpg,GT/camourflage_00624.png,Edge/camourflage_00624.png
Imgs/camourflage_00625.jpg,GT/camourflage_00625.png,Edge/camourflage_00625.png
Imgs/camourflage_00626.jpg,GT/camourflage_00626.png,Edge/camourflage_00626.png
Imgs/camourflage_00627.jpg,GT/camourflage_00627.png,Edge/camourflage_00627.png
Imgs/camourflage_00628.jpg,GT/camourflage_00628.png,Edge/camourflage_00628.png
Imgs/camourflage_00629.jpg,GT/camourflage_00629.png,Edge/camourflage_00629.png
Imgs/camourflage_00630.jpg,GT/camourflage_00630.png,Edge/camourflage_00630.png
Imgs/camourflage_00632.jpg,GT/camourflage_00632.png,Edge/camourflage_00632.png
Imgs/camourflage_00633.jpg,GT/camourflage_00633.png,Edge/camourflage_00633.png
Imgs/camourflage_00634.jpg,GT/camourflage_00634.png,Edge/camourflage_00634.png
Imgs/camourflage_00635.jpg,GT/camourflage_00635.png,Edge/camourflage_00635.png
Imgs/camourflage_00636.jpg,GT/camourflage_00636.png,Edge/camourflage_00636.png
Imgs/camourflage_00637.jpg,GT/camourflage_00637.png,Edge/camourflage_00637.png
Imgs/camourflage_00638.jpg,GT/camourflage_00638.png,Edge/camourflage_00638.png
Imgs/camourflage_00639.jpg,GT/camourflage_00639.png,Edge/camourflage_00639.png
Imgs/camourflage_00640.jpg,GT/camourflage_00640.png,Edge/camourflage_00640.png
Imgs/camourflage_00642.jpg,GT/camourflage_00642.png,Edge/camourflage_00642.png
Imgs/camourflage_00643.jpg,GT/camourflage_00643.png,Edge/camourflage_00643.png
Imgs/camourflage_00644.jpg,GT/camourflage_00644.png,Edge/camourflage_00644.png
Imgs/camourflage_00645.jpg,GT/camourflage_00645.png,Edge/camourflage_00645.png
Imgs/camourflage_00646.jpg,GT/camourflage_00646.png,Edge/camourflage_00646.png
Imgs/camourflage_00648.jpg,GT/camourflage_00648.png,Edge/camourflage_00648.png
Imgs/camourflage_00649.jpg,GT/camourflage_00649.png,Edge/camourflage_00649.png
Imgs/camourflage_00650.jpg,GT/camourflage_00650.png,Edge/camourflage_00650.png
Imgs/camourflage_00651.jpg,GT/camourflage_00651.png,Edge/camourflage_00651.png
Imgs/camourflage_00652.jpg,GT/camourflage_00652.png,Edge/camourflage_00652.png
Imgs/camourflage_00653.jpg,GT/camourflage_00653.png,Edge/camourflage_00653.png
Imgs/camourflage_00654.jpg,GT/camourflage_00654.png,Edge/camourflage_00654.png
Imgs/camourflage_00655.jpg,GT/camourflage_00655.png,Edge/camourflage_00655.png
Imgs/camourflage_00656.jpg,GT/camourflage_00656.png,Edge/camourflage_00656.png
Imgs/camourflage_00657.jpg,GT/camourflage_00657.png,Edge/camourflage_00657.png
Imgs/camourflage_00658.jpg,GT/camourflage_00658.png,Edge/camourflage_00658.png
Imgs/camourflage_00659.jpg,GT/camourflage_00659.png,Edge/camourflage_00659.png
Imgs/camourflage_00660.jpg,GT/camourflage_00660.png,Edge/camourflage_00660.png
Imgs/camourflage_00661.jpg,GT/camourflage_00661.png,Edge/camourflage_00661.png
Imgs/camourflage_00662.jpg,GT/camourflage_00662.png,Edge/camourflage_00662.png
Imgs/camourflage_00663.jpg,GT/camourflage_00663.png,Edge/camourflage_00663.png
Imgs/camourflage_00664.jpg,GT/camourflage_00664.png,Edge/camourflage_00664.png
Imgs/camourflage_00665.jpg,GT/camourflage_00665.png,Edge/camourflage_00665.png
Imgs/camourflage_00666.jpg,GT/camourflage_00666.png,Edge/camourflage_00666.png
Imgs/camourflage_00667.jpg,GT/camourflage_00667.png,Edge/camourflage_00667.png
Imgs/camourflage_00668.jpg,GT/camourflage_00668.png,Edge/camourflage_00668.png
Imgs/camourflage_00669.jpg,GT/camourflage_00669.png,Edge/camourflage_00669.png
Imgs/camourflage_00670.jpg,GT/camourflage_00670.png,Edge/camourflage_00670.png
Imgs/camourflage_00671.jpg,GT/camourflage_00671.png,Edge/camourflage_00671.png
Imgs/camourflage_00672.jpg,GT/camourflage_00672.png,Edge/camourflage_00672.png
Imgs/camourflage_00673.jpg,GT/camourflage_00673.png,Edge/camourflage_00673.png
Imgs/camourflage_00674.jpg,GT/camourflage_00674.png,Edge/camourflage_00674.png
Imgs/camourflage_00675.jpg,GT/camourflage_00675.png,Edge/camourflage_00675.png
Imgs/camourflage_00676.jpg,GT/camourflage_00676.png,Edge/camourflage_00676.png
Imgs/camourflage_00678.jpg,GT/camourflage_00678.png,Edge/camourflage_00678.png
Imgs/camourflage_00679.jpg,GT/camourflage_00679.png,Edge/camourflage_00679.png
Imgs/camourflage_00680.jpg,GT/camourflage_00680.png,Edge/camourflage_00680.png
Imgs/camourflage_00681.jpg,GT/camourflage_00681.png,Edge/camourflage_00681.png
Imgs/camourflage_00682.jpg,GT/camourflage_00682.png,Edge/camourflage_00682.png
Imgs/camourflage_00683.jpg,GT/camourflage_00683.png,Edge/camourflage_00683.png
Imgs/camourflage_00684.jpg,GT/camourflage_00684.png,Edge/camourflage_00684.png
Imgs/camourflage_00685.jpg,GT/camourflage_00685.png,Edge/camourflage_00685.png
Imgs/camourflage_00686.jpg,GT/camourflage_00686.png,Edge/camourflage_00686.png
Imgs/camourflage_00687.jpg,GT/camourflage_00687.png,Edge/camourflage_00687.png
Imgs/camourflage_00689.jpg,GT/camourflage_00689.png,Edge/camourflage_00689.png
Imgs/camourflage_00690.jpg,GT/camourflage_00690.png,Edge/camourflage_00690.png
Imgs/camourflage_00691.jpg,GT/camourflage_00691.png,Edge/camourflage_00691.png
Imgs/camourflage_00692.jpg,GT/camourflage_00692.png,Edge/camourflage_00692.png
Imgs/camourflage_00693.jpg,GT/camourflage_00693.png,Edge/camourflage_00693.png
Imgs/camourflage_00695.jpg,GT/camourflage_00695.png,Edge/camourflage_00695.png
Imgs/camourflage_00696.jpg,GT/camourflage_00696.png,Edge/camourflage_00696.png
Imgs/camourflage_00697.jpg,GT/camourflage_00697.png,Edge/camourflage_00697.png
Imgs/camourflage_00698.jpg,GT/camourflage_00698.png,Edge/camourflage_00698.png
Imgs/camourflage_00700.jpg,GT/camourflage_00700.png,Edge/camourflage_00700.png
Imgs/camourflage_00701.jpg,GT/camourflage_00701.png,Edge/camourflage_00701.png
Imgs/camourflage_00702.jpg,GT/camourflage_00702.png,Edge/camourflage_00702.png
Imgs/camourflage_00703.jpg,GT/camourflage_00703.png,Edge/camourflage_00703.png
Imgs/camourflage_00704.jpg,GT/camourflage_00704.png,Edge/camourflage_00704.png
Imgs/camourflage_00705.jpg,GT/camourflage_00705.png,Edge/camourflage_00705.png
Imgs/camourflage_00707.jpg,GT/camourflage_00707.png,Edge/camourflage_00707.png
Imgs/camourflage_00708.jpg,GT/camourflage_00708.png,Edge/camourflage_00708.png
Imgs/camourflage_00709.jpg,GT/camourflage_00709.png,Edge/camourflage_00709.png
Imgs/camourflage_00710.jpg,GT/camourflage_00710.png,Edge/camourflage_00710.png
Imgs/camourflage_00711.jpg,GT/camourflage_00711.png,Edge/camourflage_00711.png
Imgs/camourflage_00712.jpg,GT/camourflage_00712.png,Edge/camourflage_00712.png
Imgs/camourflage_00714.jpg,GT/camourflage_00714.png,Edge/camourflage_00714.png
Imgs/camourflage_00715.jpg,GT/camourflage_00715.png,Edge/camourflage_00715.png
Imgs/camourflage_00716.jpg,GT/camourflage_00716.png,Edge/camourflage_00716.png
Imgs/camourflage_00717.jpg,GT/camourflage_00717.png,Edge/camourflage_00717.png
Imgs/camourflage_00718.jpg,GT/camourflage_00718.png,Edge/camourflage_00718.png
Imgs/camourflage_00719.jpg,GT/camourflage_00719.png,Edge/camourflage_00719.png
Imgs/camourflage_00720.jpg,GT/camourflage_00720.png,Edge/camourflage_00720.png
Imgs/camourflage_00721.jpg,GT/camourflage_00721.png,Edge/camourflage_00721.png
Imgs/camourflage_00722.jpg,GT/camourflage_00722.png,Edge/camourflage_00722.png
Imgs/camourflage_00724.jpg,GT/camourflage_00724.png,Edge/camourflage_00724.png
Imgs/camourflage_00725.jpg,GT/camourflage_00725.png,Edge/camourflage_00725.png
Imgs/camourflage_00726.jpg,GT/camourflage_00726.png,Edge/camourflage_00726.png
Imgs/camourflage_00727.jpg,GT/camourflage_00727.png,Edge/camourflage_00727.png
Imgs/camourflage_00728.jpg,GT/camourflage_00728.png,Edge/camourflage_00728.png
Imgs/camourflage_00729.jpg,GT/camourflage_00729.png,Edge/camourflage_00729.png
Imgs/camourflage_00730.jpg,GT/camourflage_00730.png,Edge/camourflage_00730.png
Imgs/camourflage_00731.jpg,GT/camourflage_00731.png,Edge/camourflage_00731.png
Imgs/camourflage_00732.jpg,GT/camourflage_00732.png,Edge/camourflage_00732.png
Imgs/camourflage_00733.jpg,GT/camourflage_00733.png,Edge/camourflage_00733.png
Imgs/camourflage_00734.jpg,GT/camourflage_00734.png,Edge/camourflage_00734.png
Imgs/camourflage_00735.jpg,GT/camourflage_00735.png,Edge/camourflage_00735.png
Imgs/camourflage_00736.jpg,GT/camourflage_00736.png,Edge/camourflage_00736.png
Imgs/camourflage_00737.jpg,GT/camourflage_00737.png,Edge/camourflage_00737.png
Imgs/camourflage_00738.jpg,GT/camourflage_00738.png,Edge/camourflage_00738.png
Imgs/camourflage_00739.jpg,GT/camourflage_00739.png,Edge/camourflage_00739.png
Imgs/camourflage_00740.jpg,GT/camourflage_00740.png,Edge/camourflage_00740.png
Imgs/camourflage_00741.jpg,GT/camourflage_00741.png,Edge/camourflage_00741.png
Imgs/camourflage_00742.jpg,GT/camourflage_00742.png,Edge/camourflage_00742.png
Imgs/camourflage_00743.jpg,GT/camourflage_00743.png,Edge/camourflage_00743.png
Imgs/camourflage_00744.jpg,GT/camourflage_00744.png,Edge/camourflage_00744.png
Imgs/camourflage_00745.jpg,GT/camourflage_00745.png,Edge/camourflage_00745.png
Imgs/camourflage_00746.jpg,GT/camourflage_00746.png,Edge/camourflage_00746.png
Imgs/camourflage_00747.jpg,GT/camourflage_00747.png,Edge/camourflage_00747.png
Imgs/camourflage_00748.jpg,GT/camourflage_00748.png,Edge/camourflage_00748.png
Imgs/camourflage_00749.jpg,GT/camourflage_00749.png,Edge/camourflage_00749.png
Imgs/camourflage_00751.jpg,GT/camourflage_00751.png,Edge/camourflage_00751.png
Imgs/camourflage_00752.jpg,GT/camourflage_00752.png,Edge/camourflage_00752.png
Imgs/camourflage_00753.jpg,GT/camourflage_00753.png,Edge/camourflage_00753.png
Imgs/camourflage_00754.jpg,GT/camourflage_00754.png,Edge/camourflage_00754.png
Imgs/camourflage_00755.jpg,GT/camourflage_00755.png,Edge/camourflage_00755.png
Imgs/camourflage_00756.jpg,GT/camourflage_00756.png,Edge/camourflage_00756.png
Imgs/camourflage_00757.jpg,GT/camourflage_00757.png,Edge/camourflage_00757.png
Imgs/camourflage_00759.jpg,GT/camourflage_00759.png,Edge/camourflage_00759.png
Imgs/camourflage_00760.jpg,GT/camourflage_00760.png,Edge/camourflage_00760.png
Imgs/camourflage_00761.jpg,GT/camourflage_00761.png,Edge/camourflage_00761.png
Imgs/camourflage_00762.jpg,GT/camourflage_00762.png,Edge/camourflage_00762.png
Imgs/camourflage_00763.jpg,GT/camourflage_00763.png,Edge/camourflage_00763.png
Imgs/camourflage_00764.jpg,GT/camourflage_00764.png,Edge/camourflage_00764.png
Imgs/camourflage_00765.jpg,GT/camourflage_00765.png,Edge/camourflage_00765.png
Imgs/camourflage_00766.jpg,GT/camourflage_00766.png,Edge/camourflage_00766.png
Imgs/camourflage_00767.jpg,GT/camourflage_00767.png,Edge/camourflage_00767.png
Imgs/camourflage_00769.jpg,GT/camourflage_00769.png,Edge/camourflage_00769.png
Imgs/camourflage_00770.jpg,GT/camourflage_00770.png,Edge/camourflage_00770.png
Imgs/camourflage_00771.jpg,GT/camourflage_00771.png,Edge/camourflage_00771.png
Imgs/camourflage_00772.jpg,GT/camourflage_00772.png,Edge/camourflage_00772.png
Imgs/camourflage_00773.jpg,GT/camourflage_00773.png,Edge/camourflage_00773.png
Imgs/camourflage_00774.jpg,GT/camourflage_00774.png,Edge/camourflage_00774.png
Imgs/camourflage_00775.jpg,GT/camourflage_00775.png,Edge/camourflage_00775.png
Imgs/camourflage_00776.jpg,GT/camourflage_00776.png,Edge/camourflage_00776.png
Imgs/camourflage_00777.jpg,GT/camourflage_00777.png,Edge/camourflage_00777.png
Imgs/camourflage_00778.jpg,GT/camourflage_00778.png,Edge/camourflage_00778.png
Imgs/camourflage_00780.jpg,GT/camourflage_00780.png,Edge/camourflage_00780.png
Imgs/camourflage_00781.jpg,GT/camourflage_00781.png,Edge/camourflage_00781.png
Imgs/camourflage_00784.jpg,GT/camourflage_00784.png,Edge/camourflage_00784.png
Imgs/camourflage_00785.jpg,GT/camourflage_00785.png,Edge/camourflage_00785.png
Imgs/camourflage_00786.jpg,GT/camourflage_00786.png,Edge/camourflage_00786.png
Imgs/camourflage_00787.jpg,GT/camourflage_00787.png,Edge/camourflage_00787.png
Imgs/camourflage_00788.jpg,GT/camourflage_00788.png,Edge/camourflage_00788.png
Imgs/camourflage_00789.jpg,GT/camourflage_00789.png,Edge/camourflage_00789.png
Imgs/camourflage_00790.jpg,GT/camourflage_00790.png,Edge/camourflage_00790.png
Imgs/camourflage_00791.jpg,GT/camourflage_00791.png,Edge/camourflage_00791.png
Imgs/camourflage_00792.jpg,GT/camourflage_00792.png,Edge/camourflage_00792.png
Imgs/camourflage_00793.jpg,GT/camourflage_00793.png,Edge/camourflage_00793.png
Imgs/camourflage_00795.jpg,GT/camourflage_00795.png,Edge/camourflage_00795.png
Imgs/camourflage_00796.jpg,GT/camourflage_00796.png,Edge/camourflage_00796.png
Imgs/camourflage_00797.jpg,GT/camourflage_00797.png,Edge/camourflage_00797.png
Imgs/camourflage_00798.jpg,GT/camourflage_00798.png,Edge/camourflage_00798.png
Imgs/camourflage_00799.jpg,GT/camourflage_00799.png,Edge/camourflage_00799.png
Imgs/camourflage_00802.jpg,GT/camourflage_00802.png,Edge/camourflage_00802.png
Imgs/camourflage_00803.jpg,GT/camourflage_00803.png,Edge/camourflage_00803.png
Imgs/camourflage_00804.jpg,GT/camourflage_00804.png,Edge/camourflage_00804.png
Imgs/camourflage_00805.jpg,GT/camourflage_00805.png,Edge/camourflage_00805.png
Imgs/camourflage_00806.jpg,GT/camourflage_00806.png,Edge/camourflage_00806.png
Imgs/camourflage_00808.jpg,GT/camourflage_00808.png,Edge/camourflage_00808.png
Imgs/camourflage_00809.jpg,GT/camourflage_00809.png,Edge/camourflage_00809.png
Imgs/camourflage_00810.jpg,GT/camourflage_00810.png,Edge/camourflage_00810.png
Imgs/camourflage_00811.jpg,GT/camourflage_00811.png,Edge/camourflage_00811.png
Imgs/camourflage_00812.jpg,GT/camourflage_00812.png,Edge/camourflage_00812.png
Imgs/camourflage_00813.jpg,GT/camourflage_00813.png,Edge/camourflage_00813.png
Imgs/camourflage_00814.jpg,GT/camourflage_00814.png,Edge/camourflage_00814.png
Imgs/camourflage_00815.jpg,GT/camourflage_00815.png,Edge/camourflage_00815.png
Imgs/camourflage_00816.jpg,GT/camourflage_00816.png,Edge/camourflage_00816.png
Imgs/camourflage_00817.jpg,GT/camourflage_00817.png,Edge/camourflage_00817.png
Imgs/camourflage_00818.jpg,GT/camourflage_00818.png,Edge/camourflage_00818.png
Imgs/camourflage_00819.jpg,GT/camourflage_00819.png,Edge/camourflage_00819.png
Imgs/camourflage_00820.jpg,GT/camourflage_00820.png,Edge/camourflage_00820.png
Imgs/camourflage_00821.jpg,GT/camourflage_00821.png,Edge/camourflage_00821.png
Imgs/camourflage_00822.jpg,GT/camourflage_00822.png,Edge/camourflage_00822.png
Imgs/camourflage_00823.jpg,GT/camourflage_00823.png,Edge/camourflage_00823.png
Imgs/camourflage_00824.jpg,GT/camourflage_00824.png,Edge/camourflage_00824.png
Imgs/camourflage_00825.jpg,GT/camourflage_00825.png,Edge/camourflage_00825.png
Imgs/camourflage_00826.jpg,GT/camourflage_00826.png,Edge/camourflage_00826.png
Imgs/camourflage_00827.jpg,GT/camourflage_00827.png,Edge/camourflage_00827.png
Imgs/camourflage_00828.jpg,GT/camourflage_00828.png,Edge/camourflage_00828.png
Imgs/camourflage_00830.jpg,GT/camourflage_00830.png,Edge/camourflage_00830.png
Imgs/camourflage_00831.jpg,GT/camourflage_00831.png,Edge/camourflage_00831.png
Imgs/camourflage_00832.jpg,GT/camourflage_00832.png,Edge/camourflage_00832.png
Imgs/camourflage_00833.jpg,GT/camourflage_00833.png,Edge/camourflage_00833.png
Imgs/camourflage_00834.jpg,GT/camourflage_00834.png,Edge/camourflage_00834.png
Imgs/camourflage_00835.jpg,GT/camourflage_00835.png,Edge/camourflage_00835.png
Imgs/camourflage_00836.jpg,GT/camourflage_00836.png,Edge/camourflage_00836.png
Imgs/camourflage_00837.jpg,GT/camourflage_00837.png,Edge/camourflage_00837.png
Imgs/camourflage_00838.jpg,GT/camourflage_00838.png,Edge/camourflage_00838.png
Imgs/camourflage_00839.jpg,GT/camourflage_00839.png,Edge/camourflage_00839.png
Imgs/camourflage_00840.jpg,GT/camourflage_00840.png,Edge/camourflage_00840.png
Imgs/camourflage_00841.jpg,GT/camourflage_00841.png,Edge/camourflage_00841.png
Imgs/camourflage_00842.jpg,GT/camourflage_00842.png,Edge/camourflage_00842.png
Imgs/camourflage_00843.jpg,GT/camourflage_00843.png,Edge/camourflage_00843.png
Imgs/camourflage_00844.jpg,GT/camourflage_00844.png,Edge/camourflage_00844.png
Imgs/camourflage_00845.jpg,GT/camourflage_00845.png,Edge/camourflage_00845.png
Imgs/camourflage_00848.jpg,GT/camourflage_00848.png,Edge/camourflage_00848.png
Imgs/camourflage_00849.jpg,GT/camourflage_00849.png,Edge/camourflage_00849.png
Imgs/camourflage_00850.jpg,GT/camourflage_00850.png,Edge/camourflage_00850.png
Imgs/camourflage_00851.jpg,GT/camourflage_00851.png,Edge/camourflage_00851.png
Imgs/camourflage_00852.jpg,GT/camourflage_00852.png,Edge/camourflage_00852.png
Imgs/camourflage_00853.jpg,GT/camourflage_00853.png,Edge/camourflage_00853.png
Imgs/camourflage_00854.jpg,GT/camourflage_00854.png,Edge/camourflage_00854.png
Imgs/camourflage_00855.jpg,GT/camourflage_00855.png,Edge/camourflage_00855.png
Imgs/camourflage_00856.jpg,GT/camourflage_00856.png,Edge/camourflage_00856.png
Imgs/camourflage_00858.jpg,GT/camourflage_00858.png,Edge/camourflage_00858.png
Imgs/camourflage_00859.jpg,GT/camourflage_00859.png,Edge/camourflage_00859.png
Imgs/camourflage_00861.jpg,GT/camourflage_00861.png,Edge/camourflage_00861.png
Imgs/camourflage_00862.jpg,GT/camourflage_00862.png,Edge/camourflage_00862.png
Imgs/camourflage_00864.jpg,GT/camourflage_00864.png,Edge/camourflage_00864.png
Imgs/camourflage_00865.jpg,GT/camourflage_00865.png,Edge/camourflage_00865.png
Imgs/camourflage_00866.jpg,GT/camourflage_00866.png,Edge/camourflage_00866.png
Imgs/camourflage_00867.jpg,GT/camourflage_00867.png,Edge/camourflage_00867.png
Imgs/camourflage_00868.jpg,GT/camourflage_00868.png,Edge/camourflage_00868.png
Imgs/camourflage_00870.jpg,GT/camourflage_00870.png,Edge/camourflage_00870.png
Imgs/camourflage_00871.jpg,GT/camourflage_00871.png,Edge/camourflage_00871.png
Imgs/camourflage_00872.jpg,GT/camourflage_00872.png,Edge/camourflage_00872.png
Imgs/camourflage_00873.jpg,GT/camourflage_00873.png,Edge/camourflage_00873.png
Imgs/camourflage_00874.jpg,GT/camourflage_00874.png,Edge/camourflage_00874.png
Imgs/camourflage_00875.jpg,GT/camourflage_00875.png,Edge/camourflage_00875.png
Imgs/camourflage_00876.jpg,GT/camourflage_00876.png,Edge/camourflage_00876.png
Imgs/camourflage_00877.jpg,GT/camourflage_00877.png,Edge/camourflage_00877.png
Imgs/camourflage_00878.jpg,GT/camourflage_00878.png,Edge/camourflage_00878.png
Imgs/camourflage_00879.jpg,GT/camourflage_00879.png,Edge/camourflage_00879.png
Imgs/camourflage_00880.jpg,GT/camourflage_00880.png,Edge/camourflage_00880.png
Imgs/camourflage_00881.jpg,GT/camourflage_00881.png,Edge/camourflage_00881.png
Imgs/camourflage_00882.jpg,GT/camourflage_00882.png,Edge/camourflage_00882.png
Imgs/camourflage_00883.jpg,GT/camourflage_00883.png,Edge/camourflage_00883.png
Imgs/camourflage_00884.jpg,GT/camourflage_00884.png,Edge/camourflage_00884.png
Imgs/camourflage_00885.jpg,GT/camourflage_00885.png,Edge/camourflage_00885.png
Imgs/camourflage_00886.jpg,GT/camourflage_00886.png,Edge/camourflage_00886.png
Imgs/camourflage_00887.jpg,GT/camourflage_00887.png,Edge/camourflage_00887.png
Imgs/camourflage_00888.jpg,GT/camourflage_00888.png,Edge/camourflage_00888.png
Imgs/camourflage_00889.jpg,GT/camourflage_00889.png,Edge/camourflage_00889.png
Imgs/camourflage_00891.jpg,GT/camourflage_00891.png,Edge/camourflage_00891.png
Imgs/camourflage_00892.jpg,GT/camourflage_00892.png,Edge/camourflage_00892.png
Imgs/camourflage_00893.jpg,GT/camourflage_00893.png,Edge/camourflage_00893.png
Imgs/camourflage_00894.jpg,GT/camourflage_00894.png,Edge/camourflage_00894.png
Imgs/camourflage_00895.jpg,GT/camourflage_00895.png,Edge/camourflage_00895.png
Imgs/camourflage_00896.jpg,GT/camourflage_00896.png,Edge/camourflage_00896.png
Imgs/camourflage_00897.jpg,GT/camourflage_00897.png,Edge/camourflage_00897.png
Imgs/camourflage_00898.jpg,GT/camourflage_00898.png,Edge/camourflage_00898.png
Imgs/camourflage_00899.jpg,GT/camourflage_00899.png,Edge/camourflage_00899.png
Imgs/camourflage_00900.jpg,GT/camourflage_00900.png,Edge/camourflage_00900.png
Imgs/camourflage_00901.jpg,GT/camourflage_00901.png,Edge/camourflage_00901.png
Imgs/camourflage_00902.jpg,GT/camourflage_00902.png,Edge/camourflage_00902.png
Imgs/camourflage_00904.jpg,GT/camourflage_00904.png,Edge/camourflage_00904.png
Imgs/camourflage_00905.jpg,GT/camourflage_00905.png,Edge/camourflage_00905.png
Imgs/camourflage_00906.jpg,GT/camourflage_00906.png,Edge/camourflage_00906.png
Imgs/camourflage_00907.jpg,GT/camourflage_00907.png,Edge/camourflage_00907.png
Imgs/camourflage_00908.jpg,GT/camourflage_00908.png,Edge/camourflage_00908.png
Imgs/camourflage_00909.jpg,GT/camourflage_00909.png,Edge/camourflage_00909.png
Imgs/camourflage_00910.jpg,GT/camourflage_00910.png,Edge/camourflage_00910.png
Imgs/camourflage_00911.jpg,GT/camourflage_00911.png,Edge/camourflage_00911.png
Imgs/camourflage_00912.jpg,GT/camourflage_00912.png,Edge/camourflage_00912.png
Imgs/camourflage_00913.jpg,GT/camourflage_00913.png,Edge/camourflage_00913.png
Imgs/camourflage_00914.jpg,GT/camourflage_00914.png,Edge/camourflage_00914.png
Imgs/camourflage_00915.jpg,GT/camourflage_00915.png,Edge/camourflage_00915.png
Imgs/camourflage_00916.jpg,GT/camourflage_00916.png,Edge/camourflage_00916.png
Imgs/camourflage_00917.jpg,GT/camourflage_00917.png,Edge/camourflage_00917.png
Imgs/camourflage_00918.jpg,GT/camourflage_00918.png,Edge/camourflage_00918.png
Imgs/camourflage_00919.jpg,GT/camourflage_00919.png,Edge/camourflage_00919.png
Imgs/camourflage_00920.jpg,GT/camourflage_00920.png,Edge/camourflage_00920.png
Imgs/camourflage_00921.jpg,GT/camourflage_00921.png,Edge/camourflage_00921.png
Imgs/camourflage_00922.jpg,GT/camourflage_00922.png,Edge/camourflage_00922.png
Imgs/camourflage_00923.jpg,GT/camourflage_00923.png,Edge/camourflage_00923.png
Imgs/camourflage_00925.jpg,GT/camourflage_00925.png,Edge/camourflage_00925.png
Imgs/camourflage_00926.jpg,GT/camourflage_00926.png,Edge/camourflage_00926.png
Imgs/camourflage_00927.jpg,GT/camourflage_00927.png,Edge/camourflage_00927.png
Imgs/camourflage_00929.jpg,GT/camourflage_00929.png,Edge/camourflage_00929.png
Imgs/camourflage_00930.jpg,GT/camourflage_00930.png,Edge/camourflage_00930.png
Imgs/camourflage_00932.jpg,GT/camourflage_00932.png,Edge/camourflage_00932.png
Imgs/camourflage_00933.jpg,GT/camourflage_00933.png,Edge/camourflage_00933.png
Imgs/camourflage_00934.jpg,GT/camourflage_00934.png,Edge/camourflage_00934.png
Imgs/camourflage_00935.jpg,GT/camourflage_00935.png,Edge/camourflage_00935.png
Imgs/camourflage_00936.jpg,GT/camourflage_00936.png,Edge/camourflage_00936.png
Imgs/camourflage_00937.jpg,GT/camourflage_00937.png,Edge/camourflage_00937.png
Imgs/camourflage_00938.jpg,GT/camourflage_00938.png,Edge/camourflage_00938.png
Imgs/camourflage_00940.jpg,GT/camourflage_00940.png,Edge/camourflage_00940.png
Imgs/camourflage_00941.jpg,GT/camourflage_00941.png,Edge/camourflage_00941.png
Imgs/camourflage_00942.jpg,GT/camourflage_00942.png,Edge/camourflage_00942.png
Imgs/camourflage_00943.jpg,GT/camourflage_00943.png,Edge/camourflage_00943.png
Imgs/camourflage_00945.jpg,GT/camourflage_00945.png,Edge/camourflage_00945.png
Imgs/camourflage_00946.jpg,GT/camourflage_00946.png,Edge/camourflage_00946.png
Imgs/camourflage_00947.jpg,GT/camourflage_00947.png,Edge/camourflage_00947.png
Imgs/camourflage_00948.jpg,GT/camourflage_00948.png,Edge/camourflage_00948.png
Imgs/camourflage_00949.jpg,GT/camourflage_00949.png,Edge/camourflage_00949.png
Imgs/camourflage_00950.jpg,GT/camourflage_00950.png,Edge/camourflage_00950.png
Imgs/camourflage_00951.jpg,GT/camourflage_00951.png,Edge/camourflage_00951.png
Imgs/camourflage_00952.jpg,GT/camourflage_00952.png,Edge/camourflage_00952.png
Imgs/camourflage_00953.jpg,GT/camourflage_00953.png,Edge/camourflage_00953.png
Imgs/camourflage_00954.jpg,GT/camourflage_00954.png,Edge/camourflage_00954.png
Imgs/camourflage_00955.jpg,GT/camourflage_00955.png,Edge/camourflage_00955.png
Imgs/camourflage_00956.jpg,GT/camourflage_00956.png,Edge/camourflage_00956.png
Imgs/camourflage_00957.jpg,GT/camourflage_00957.png,Edge/camourflage_00957.png
Imgs/camourflage_00958.jpg,GT/camourflage_00958.png,Edge/camourflage_00958.png
Imgs/camourflage_00960.jpg,GT/camourflage_00960.png,Edge/camourflage_00960.png
Imgs/camourflage_00961.jpg,GT/camourflage_00961.png,Edge/camourflage_00961.png
Imgs/camourflage_00962.jpg,GT/camourflage_00962.png,Edge/camourflage_00962.png
Imgs/camourflage_00963.jpg,GT/camourflage_00963.png,Edge/camourflage_00963.png
Imgs/camourflage_00964.jpg,GT/camourflage_00964.png,Edge/camourflage_00964.png
Imgs/camourflage_00965.jpg,GT/camourflage_00965.png,Edge/camourflage_00965.png
Imgs/camourflage_00966.jpg,GT/camourflage_00966.png,Edge/camourflage_00966.png
Imgs/camourflage_00967.jpg,GT/camourflage_00967.png,Edge/camourflage_00967.png
Imgs/camourflage_00968.jpg,GT/camourflage_00968.png,Edge/camourflage_00968.png
Imgs/camourflage_00969.jpg,GT/camourflage_00969.png,Edge/camourflage_00969.png
Imgs/camourflage_00970.jpg,GT/camourflage_00970.png,Edge/camourflage_00970.png
Imgs/camourflage_00971.jpg,GT/camourflage_00971.png,Edge/camourflage_00971.png
Imgs/camourflage_00972.jpg,GT/camourflage_00972.png,Edge/camourflage_00972.png
Imgs/camourflage_00973.jpg,GT/camourflage_00973.png,Edge/camourflage_00973.png
Imgs/camourflage_00974.jpg,GT/camourflage_00974.png,Edge/camourflage_00974.png
Imgs/camourflage_00975.jpg,GT/camourflage_00975.png,Edge/camourflage_00975.png
Imgs/camourflage_00976.jpg,GT/camourflage_00976.png,Edge/camourflage_00976.png
Imgs/camourflage_00978.jpg,GT/camourflage_00978.png,Edge/camourflage_00978.png
Imgs/camourflage_00979.jpg,GT/camourflage_00979.png,Edge/camourflage_00979.png
Imgs/camourflage_00980.jpg,GT/camourflage_00980.png,Edge/camourflage_00980.png
Imgs/camourflage_00981.jpg,GT/camourflage_00981.png,Edge/camourflage_00981.png
Imgs/camourflage_00982.jpg,GT/camourflage_00982.png,Edge/camourflage_00982.png
Imgs/camourflage_00983.jpg,GT/camourflage_00983.png,Edge/camourflage_00983.png
Imgs/camourflage_00984.jpg,GT/camourflage_00984.png,Edge/camourflage_00984.png
Imgs/camourflage_00986.jpg,GT/camourflage_00986.png,Edge/camourflage_00986.png
Imgs/camourflage_00987.jpg,GT/camourflage_00987.png,Edge/camourflage_00987.png
Imgs/camourflage_00988.jpg,GT/camourflage_00988.png,Edge/camourflage_00988.png
Imgs/camourflage_00989.jpg,GT/camourflage_00989.png,Edge/camourflage_00989.png
Imgs/camourflage_00990.jpg,GT/camourflage_00990.png,Edge/camourflage_00990.png
Imgs/camourflage_00992.jpg,GT/camourflage_00992.png,Edge/camourflage_00992.png
Imgs/camourflage_00993.jpg,GT/camourflage_00993.png,Edge/camourflage_00993.png
Imgs/camourflage_00994.jpg,GT/camourflage_00994.png,Edge/camourflage_00994.png
Imgs/camourflage_00995.jpg,GT/camourflage_00995.png,Edge/camourflage_00995.png
Imgs/camourflage_00996.jpg,GT/camourflage_00996.png,Edge/camourflage_00996.png
Imgs/camourflage_00999.jpg,GT/camourflage_00999.png,Edge/camourflage_00999.png
Imgs/camourflage_01000.jpg,GT/camourflage_01000.png,Edge/camourflage_01000.png
Imgs/camourflage_01002.jpg,GT/camourflage_01002.png,Edge/camourflage_01002.png
Imgs/camourflage_01005.jpg,GT/camourflage_01005.png,Edge/camourflage_01005.png
Imgs/camourflage_01007.jpg,GT/camourflage_01007.png,Edge/camourflage_01007.png
Imgs/camourflage_01010.jpg,GT/camourflage_01010.png,Edge/camourflage_01010.png
Imgs/camourflage_01011.jpg,GT/camourflage_01011.png,Edge/camourflage_01011.png
Imgs/camourflage_01012.jpg,GT/camourflage_01012.png,Edge/camourflage_01012.png
Imgs/camourflage_01013.jpg,GT/camourflage_01013.png,Edge/camourflage_01013.png
Imgs/camourflage_01015.jpg,GT/camourflage_01015.png,Edge/camourflage_01015.png
Imgs/camourflage_01017.jpg,GT/camourflage_01017.png,Edge/camourflage_01017.png
Imgs/camourflage_01019.jpg,GT/camourflage_01019.png,Edge/camourflage_01019.png
Imgs/camourflage_01022.jpg,GT/camourflage_01022.png,Edge/camourflage_01022.png
Imgs/camourflage_01024.jpg,GT/camourflage_01024.png,Edge/camourflage_01024.png
Imgs/camourflage_01026.jpg,GT/camourflage_01026.png,Edge/camourflage_01026.png
Imgs/camourflage_01028.jpg,GT/camourflage_01028.png,Edge/camourflage_01028.png
Imgs/camourflage_01029.jpg,GT/camourflage_01029.png,Edge/camourflage_01029.png
Imgs/camourflage_01031.jpg,GT/camourflage_01031.png,Edge/camourflage_01031.png
Imgs/camourflage_01033.jpg,GT/camourflage_01033.png,Edge/camourflage_01033.png
Imgs/camourflage_01035.jpg,GT/camourflage_01035.png,Edge/camourflage_01035.png
Imgs/camourflage_01036.jpg,GT/camourflage_01036.png,Edge/camourflage_01036.png
Imgs/camourflage_01037.jpg,GT/camourflage_01037.png,Edge/camourflage_01037.png
Imgs/camourflage_01038.jpg,GT/camourflage_01038.png,Edge/camourflage_01038.png
Imgs/camourflage_01039.jpg,GT/camourflage_01039.png,Edge/camourflage_01039.png
Imgs/camourflage_01040.jpg,GT/camourflage_01040.png,Edge/camourflage_01040.png
Imgs/camourflage_01042.jpg,GT/camourflage_01042.png,Edge/camourflage_01042.png
Imgs/camourflage_01043.jpg,GT/camourflage_01043.png,Edge/camourflage_01043.png
Imgs/camourflage_01045.jpg,GT/camourflage_01045.png,Edge/camourflage_01045.png
Imgs/camourflage_01047.jpg,GT/camourflage_01047.png,Edge/camourflage_01047.png
Imgs/camourflage_01049.jpg,GT/camourflage_01049.png,Edge/camourflage_01049.png
Imgs/camourflage_01051.jpg,GT/camourflage_01051.png,Edge/camourflage_01051.png
Imgs/camourflage_01054.jpg,GT/camourflage_01054.png,Edge/camourflage_01054.png
Imgs/camourflage_01055.jpg,GT/camourflage_01055.png,Edge/camourflage_01055.png
Imgs/camourflage_01057.jpg,GT/camourflage_01057.png,Edge/camourflage_01057.png
Imgs/camourflage_01059.jpg,GT/camourflage_01059.png,Edge/camourflage_01059.png
Imgs/camourflage_01060.jpg,GT/camourflage_01060.png,Edge/camourflage_01060.png
Imgs/camourflage_01061.jpg,GT/camourflage_01061.png,Edge/camourflage_01061.png
Imgs/camourflage_01062.jpg,GT/camourflage_01062.png,Edge/camourflage_01062.png
Imgs/camourflage_01063.jpg,GT/camourflage_01063.png,Edge/camourflage_01063.png
Imgs/camourflage_01065.jpg,GT/camourflage_01065.png,Edge/camourflage_01065.png
Imgs/camourflage_01069.jpg,GT/camourflage_01069.png,Edge/camourflage_01069.png
Imgs/camourflage_01071.jpg,GT/camourflage_01071.png,Edge/camourflage_01071.png
Imgs/camourflage_01073.jpg,GT/camourflage_01073.png,Edge/camourflage_01073.png
Imgs/camourflage_01076.jpg,GT/camourflage_01076.png,Edge/camourflage_01076.png
Imgs/camourflage_01077.jpg,GT/camourflage_01077.png,Edge/camourflage_01077.png
Imgs/camourflage_01079.jpg,GT/camourflage_01079.png,Edge/camourflage_01079.png
Imgs/camourflage_01080.jpg,GT/camourflage_01080.png,Edge/camourflage_01080.png
Imgs/camourflage_01083.jpg,GT/camourflage_01083.png,Edge/camourflage_01083.png
Imgs/camourflage_01084.jpg,GT/camourflage_01084.png,Edge/camourflage_01084.png
Imgs/camourflage_01085.jpg,GT/camourflage_01085.png,Edge/camourflage_01085.png
Imgs/camourflage_01086.jpg,GT/camourflage_01086.png,Edge/camourflage_01086.png
Imgs/camourflage_01088.jpg,GT/camourflage_01088.png,Edge/camourflage_01088.png
Imgs/camourflage_01089.jpg,GT/camourflage_01089.png,Edge/camourflage_01089.png
Imgs/camourflage_01092.jpg,GT/camourflage_01092.png,Edge/camourflage_01092.png
Imgs/camourflage_01093.jpg,GT/camourflage_01093.png,Edge/camourflage_01093.png
Imgs/camourflage_01097.jpg,GT/camourflage_01097.png,Edge/camourflage_01097.png
Imgs/camourflage_01099.jpg,GT/camourflage_01099.png,Edge/camourflage_01099.png
Imgs/camourflage_01102.jpg,GT/camourflage_01102.png,Edge/camourflage_01102.png
Imgs/camourflage_01108.jpg,GT/camourflage_01108.png,Edge/camourflage_01108.png
Imgs/camourflage_01109.jpg,GT/camourflage_01109.png,Edge/camourflage_01109.png
Imgs/camourflage_01111.jpg,GT/camourflage_01111.png,Edge/camourflage_01111.png
Imgs/camourflage_01114.jpg,GT/camourflage_01114.png,Edge/camourflage_01114.png
Imgs/camourflage_01119.jpg,GT/camourflage_01119.png,Edge/camourflage_01119.png
Imgs/camourflage_01120.jpg,GT/camourflage_01120.png,Edge/camourflage_01120.png
Imgs/camourflage_01121.jpg,GT/camourflage_01121.png,Edge/camourflage_01121.png
Imgs/camourflage_01123.jpg,GT/camourflage_01123.png,Edge/camourflage_01123.png
Imgs/camourflage_01124.jpg,GT/camourflage_01124.png,Edge/camourflage_01124.png
Imgs/camourflage_01125.jpg,GT/camourflage_01125.png,Edge/camourflage_01125.png
Imgs/camourflage_01127.jpg,GT/camourflage_01127.png,Edge/camourflage_01127.png
Imgs/camourflage_01129.jpg,GT/camourflage_01129.png,Edge/camourflage_01129.png
Imgs/camourflage_01130.jpg,GT/camourflage_01130.png,Edge/camourflage_01130.png
Imgs/camourflage_01134.jpg,GT/camourflage_01134.png,Edge/camourflage_01134.png
Imgs/camourflage_01136.jpg,GT/camourflage_01136.png,Edge/camourflage_01136.png
Imgs/camourflage_01138.jpg,GT/camourflage_01138.png,Edge/camourflage_01138.png
Imgs/camourflage_01142.jpg,GT/camourflage_01142.png,Edge/camourflage_01142.png
Imgs/camourflage_01146.jpg,GT/camourflage_01146.png,Edge/camourflage_01146.png
Imgs/camourflage_01147.jpg,GT/camourflage_01147.png,Edge/camourflage_01147.png
Imgs/camourflage_01149.jpg,GT/camourflage_01149.png,Edge/camourflage_01149.png
Imgs/camourflage_01152.jpg,GT/camourflage_01152.png,Edge/camourflage_01152.png
Imgs/camourflage_01153.jpg,GT/camourflage_01153.png,Edge/camourflage_01153.png
Imgs/camourflage_01155.jpg,GT/camourflage_01155.png,Edge/camourflage_01155.png
Imgs/camourflage_01157.jpg,GT/camourflage_01157.png,Edge/camourflage_01157.png
Imgs/camourflage_01160.jpg,GT/camourflage_01160.png,Edge/camourflage_01160.png
Imgs/camourflage_01162.jpg,GT/camourflage_01162.png,Edge/camourflage_01162.png
Imgs/camourflage_01166.jpg,GT/camourflage_01166.png,Edge/camourflage_01166.png
Imgs/camourflage_01167.jpg,GT/camourflage_01167.png,Edge/camourflage_01167.png
Imgs/camourflage_01169.jpg,GT/camourflage_01169.png,Edge/camourflage_01169.png
Imgs/camourflage_01171.jpg,GT/camourflage_01171.png,Edge/camourflage_01171.png
Imgs/camourflage_01173.jpg,GT/camourflage_01173.png,Edge/camourflage_01173.png
Imgs/camourflage_01174.jpg,GT/camourflage_01174.png,Edge/camourflage_01174.png
Imgs/camourflage_01176.jpg,GT/camourflage_01176.png,Edge/camourflage_01176.png
Imgs/camourflage_01178.jpg,GT/camourflage_01178.png,Edge/camourflage_01178.png
Imgs/camourflage_01184.jpg,GT/camourflage_01184.png,Edge/camourflage_01184.png
Imgs/camourflage_01186.jpg,GT/camourflage_01186.png,Edge/camourflage_01186.png
Imgs/camourflage_01187.jpg,GT/camourflage_01187.png,Edge/camourflage_01187.png
Imgs/camourflage_01191.jpg,GT/camourflage_01191.png,Edge/camourflage_01191.png
Imgs/camourflage_01197.jpg,GT/camourflage_01197.png,Edge/camourflage_01197.png
Imgs/camourflage_01198.jpg,GT/camourflage_01198.png,Edge/camourflage_01198.png
Imgs/camourflage_01201.jpg,GT/camourflage_01201.png,Edge/camourflage_01201.png
Imgs/camourflage_01202.jpg,GT/camourflage_01202.png,Edge/camourflage_01202.png
Imgs/camourflage_01203.jpg,GT/camourflage_01203.png,Edge/camourflage_01203.png
Imgs/camourflage_01204.jpg,GT/camourflage_01204.png,Edge/camourflage_01204.png
Imgs/camourflage_01206.jpg,GT/camourflage_01206.png,Edge/camourflage_01206.png
Imgs/camourflage_01207.jpg,GT/camourflage_01207.png,Edge/camourflage_01207.png
Imgs/camourflage_01209.jpg,GT/camourflage_01209.png,Edge/camourflage_01209.png
Imgs/camourflage_01212.jpg,GT/camourflage_01212.png,Edge/camourflage_01212.png
Imgs/camourflage_01213.jpg,GT/camourflage_01213.png,Edge/camourflage_01213.png
Imgs/camourflage_01214.jpg,GT/camourflage_01214.png,Edge/camourflage_01214.png
Imgs/camourflage_01215.jpg,GT/camourflage_01215.png,Edge/camourflage_01215.png
Imgs/camourflage_01216.jpg,GT/camourflage_01216.png,Edge/camourflage_01216.png
Imgs/camourflage_01218.jpg,GT/camourflage_01218.png,Edge/camourflage_01218.png
Imgs/camourflage_01219.jpg,GT/camourflage_01219.png,Edge/camourflage_01219.png
Imgs/camourflage_01220.jpg,GT/camourflage_01220.png,Edge/camourflage_01220.png
Imgs/camourflage_01221.jpg,GT/camourflage_01221.png,Edge/camourflage_01221.png
Imgs/camourflage_01222.jpg,GT/camourflage_01222.png,Edge/camourflage_01222.png
Imgs/camourflage_01223.jpg,GT/camourflage_01223.png,Edge/camourflage_01223.png
Imgs/camourflage_01224.jpg,GT/camourflage_01224.png,Edge/camourflage_01224.png
Imgs/camourflage_01225.jpg,GT/camourflage_01225.png,Edge/camourflage_01225.png
Imgs/camourflage_01226.jpg,GT/camourflage_01226.png,Edge/camourflage_01226.png
Imgs/camourflage_01227.jpg,GT/camourflage_01227.png,Edge/camourflage_01227.png
Imgs/camourflage_01228.jpg,GT/camourflage_01228.png,Edge/camourflage_01228.png
Imgs/camourflage_01229.jpg,GT/camourflage_01229.png,Edge/camourflage_01229.png
Imgs/camourflage_01230.jpg,GT/camourflage_01230.png,Edge/camourflage_01230.png
Imgs/camourflage_01231.jpg,GT/camourflage_01231.png,Edge/camourflage_01231.png
Imgs/camourflage_01232.jpg,GT/camourflage_01232.png,Edge/camourflage_01232.png
Imgs/camourflage_01233.jpg,GT/camourflage_01233.png,Edge/camourflage_01233.png
Imgs/camourflage_01234.jpg,GT/camourflage_01234.png,Edge/camourflage_01234.png
Imgs/camourflage_01236.jpg,GT/camourflage_01236.png,Edge/camourflage_01236.png
Imgs/camourflage_01237.jpg,GT/camourflage_01237.png,Edge/camourflage_01237.png
Imgs/camourflage_01238.jpg,GT/camourflage_01238.png,Edge/camourflage_01238.png
Imgs/camourflage_01239.jpg,GT/camourflage_01239.png,Edge/camourflage_01239.png
Imgs/camourflage_01241.jpg,GT/camourflage_01241.png,Edge/camourflage_01241.png
Imgs/camourflage_01246.jpg,GT/camourflage_01246.png,Edge/camourflage_01246.png
Imgs/camourflage_01248.jpg,GT/camourflage_01248.png,Edge/camourflage_01248.png
Imgs/camourflage_01249.jpg,GT/camourflage_01249.png,Edge/camourflage_01249.png
